{"name": "0880", "key": "0880", "state": "NT", "pops": 4953, "crime": {"total": 0}, "crime_categories": {"property_crimes": {"number": 0, "rank": 0.0}, "violent_crimes": {"number": 0, "rank": 0.0}}, "bounds": [135.77403348000007, -12.520466195999973, 136.90285542600006, -12.158596242999973], "sqkm": 88.6672, "cr": 0.0, "borders": [{"name": "0822", "key": "0822", "cr": 0.0}]}