{"name": "0886", "key": "0886", "state": "NT", "pops": 755, "crime": {"total": 0}, "crime_categories": {"property_crimes": {"number": 0, "rank": 0.0}, "violent_crimes": {"number": 0, "rank": 0.0}}, "bounds": [132.8159939740001, -12.690056392999963, 132.85834061300008, -12.652007152999964], "sqkm": 13.5083, "cr": 0.0, "borders": [{"name": "0822", "key": "0822", "cr": 0.0}]}