{"name": "2899", "key": "2899", "state": "Other Terr", "pops": 2188, "crime": {"total": 0}, "crime_categories": {"property_crimes": {"number": 0, "rank": 0.0}, "violent_crimes": {"number": 0, "rank": 0.0}}, "bounds": [167.91377425500002, -29.13655737299996, 167.99803924300002, -28.99416036799996], "sqkm": 38.651, "cr": 0.0, "borders": []}