{"name": "3254", "key": "3254", "state": "VIC", "pops": 358, "crime": {"total": 4, "Property damage": 2, "Deception": 1, "Breaches of orders": 1}, "crime_categories": {"property_crimes": {"number": 2, "rank": 13.33}, "violent_crimes": {"number": 0, "rank": 0.0}}, "bounds": [143.50049422200004, -38.32059425799997, 143.55961413100005, -38.27211673599997], "sqkm": 17.6413, "cr": 11.88, "borders": [{"name": "3249", "key": "3249", "cr": 40.28}, {"name": "3250", "key": "3250", "cr": 77.52}]}