{"name": "3254", "key": "3254", "state": "VIC", "pops": 358, "crime": {"total": 4, "Other crimes against the person": 1, "Property damage": 2, "Theft": 1}, "crime_categories": {"property_crimes": {"number": 3, "rank": 18.22}, "violent_crimes": {"number": 0, "rank": 0.0}}, "bounds": [143.50049422200004, -38.32059425799997, 143.55961413100005, -38.27211673599997], "sqkm": 17.6413, "cr": 13.36, "borders": [{"name": "3249", "key": "3249", "cr": 42.63}, {"name": "3250", "key": "3250", "cr": 75.59}]}