{"name": "3509", "key": "3509", "state": "VIC", "pops": 228, "crime": {"total": 4, "Theft": 1, "Breaches of orders": 2, "Miscellaneous offences": 1}, "crime_categories": {"property_crimes": {"number": 1, "rank": 10.74}, "violent_crimes": {"number": 0, "rank": 0.0}}, "bounds": [141.5849620250001, -35.288664626999946, 141.9006537060001, -34.99836263999995], "sqkm": 619.975, "cr": 8.66, "borders": [{"name": "3490", "key": "3490", "cr": 31.17}]}