{"name": "3864", "key": "3864", "state": "VIC", "pops": 242, "crime": {"total": 6, "Other crimes against the person": 2, "Burglary/Break and enter": 1, "Weapons and explosives offences": 2, "Property damage": 1}, "crime_categories": {"property_crimes": {"number": 2, "rank": 19.59}, "violent_crimes": {"number": 0, "rank": 0.0}}, "bounds": [147.23344254100004, -37.94362751299997, 147.38890151000004, -37.700714015999964], "sqkm": 187.1784, "cr": 14.69, "borders": [{"name": "3862", "key": "3862", "cr": 55.54}, {"name": "3875", "key": "3875", "cr": 89.98}]}