{"name": "3886", "key": "3886", "state": "VIC", "pops": 415, "crime": {"total": 20, "Assault and related offences": 3, "Other crimes against the person": 3, "Property damage": 2, "Theft": 2, "Deception": 1, "Justice procedures offences": 1, "Breaches of orders": 7, "Miscellaneous offences": 1}, "bounds": [148.3832843680001, -37.78504902499998, 148.53825355900008, -37.72085710699998], "cr": 24.6, "borders": [{"name": "3885", "key": "3885", "cr": 36.71}, {"name": "3888", "key": "3888", "cr": 61.81}]}