{"name": "3920", "key": "3920", "state": "VIC", "pops": 1124, "crime": {"total": 10, "Other crimes against the person": 1, "Burglary/Break and enter": 1, "Theft": 4, "Deception": 1, "Weapons and explosives offences": 1, "Breaches of orders": 2}, "crime_categories": {"property_crimes": {"number": 5, "rank": 11.62}, "violent_crimes": {"number": 0, "rank": 0.0}}, "bounds": [145.16586763200007, -38.409903499999984, 145.23502978400006, -38.35348425599999], "sqkm": 15.4031, "cr": 14.77, "borders": [{"name": "3918", "key": "3918", "cr": 40.32}, {"name": "3919", "key": "3919", "cr": 46.47}, {"name": "3927", "key": "3927", "cr": 29.46}]}