{"name": "3923", "key": "3923", "state": "VIC", "pops": 836, "crime": {"total": 26, "Assault and related offences": 6, "Dangerous and negligent acts endangering people": 2, "Other crimes against the person": 3, "Arson": 1, "Property damage": 2, "Burglary/Break and enter": 3, "Theft": 5, "Breaches of orders": 4}, "bounds": [145.25764261100005, -38.50811784199993, 145.31049971400006, -38.455859043999936], "cr": 33.71, "borders": [{"name": "3922", "key": "3922", "cr": 73.5}, {"name": "3925", "key": "3925", "cr": 54.86}]}