{"name": "3929", "key": "3929", "state": "VIC", "pops": 1130, "crime": {"total": 24, "Assault and related offences": 2, "Arson": 1, "Property damage": 5, "Burglary/Break and enter": 7, "Theft": 6, "Deception": 1, "Miscellaneous offences": 2}, "crime_categories": {"property_crimes": {"number": 19, "rank": 46.09}, "violent_crimes": {"number": 2, "rank": 20.62}}, "bounds": [144.91352947100006, -38.497382528999935, 145.03442289400007, -38.41339384299994], "sqkm": 55.132, "cr": 29.35, "borders": [{"name": "3916", "key": "3916", "cr": 17.2}, {"name": "3928", "key": "3928", "cr": 11.62}, {"name": "3939", "key": "3939", "cr": 80.75}]}