{"name": "4025", "key": "4025", "state": "QLD", "pops": 309, "crime": {"total": 16, "Transport regulation offences": 3, "Assault and related offences": 4, "Arson": 1, "Theft": 4, "Disorderly and offensive conduct": 3, "Public nuisance offences": 1}, "bounds": [153.36140563000004, -27.363627294999958, 153.46849469300003, -27.02195207499996], "cr": 23.16, "borders": [{"name": "4178", "key": "4178", "cr": 82.23}]}