{"name": "5019", "key": "5019", "state": "SA", "pops": 9387, "crime": {"total": 635, "Assault and related offences": 114, "Stalking, harassment and threatening behaviour": 7, "Property damage": 145, "Burglary/Break and enter": 83, "Theft": 257, "Deception": 23, "Abduction and related offences": 2, "Robbery": 1, "Blackmail and extortion": 3}, "crime_categories": {"property_crimes": {"number": 485, "rank": 89.56}, "violent_crimes": {"number": 120, "rank": 81.78}}, "bounds": [138.47573003800005, -34.86486597299995, 138.50016725400005, -34.83218333299995], "sqkm": 3.9320999999999997, "cr": 77.6, "borders": [{"name": "5015", "key": "5015", "cr": 84.02}, {"name": "5016", "key": "5016", "cr": 74.79}, {"name": "5020", "key": "5020", "cr": 45.67}, {"name": "5021", "key": "5021", "cr": 70.92}]}