{"name": "5046", "key": "5046", "state": "SA", "pops": 9749, "crime": {"total": 1426, "Assault and related offences": 240, "Robbery": 8, "Stalking, harassment and threatening behaviour": 17, "Dangerous and negligent acts endangering people": 1, "Property damage": 216, "Burglary/Break and enter": 107, "Theft": 789, "Deception": 46, "Abduction and related offences": 2}, "crime_categories": {"property_crimes": {"number": 1112, "rank": 97.53}, "violent_crimes": {"number": 250, "rank": 95.1}}, "bounds": [138.53002399100012, -35.018710435999935, 138.54982023600013, -34.99540330699993], "sqkm": 4.0234000000000005, "cr": 90.05, "borders": [{"name": "5043", "key": "5043", "cr": 88.84}, {"name": "5044", "key": "5044", "cr": 67.65}, {"name": "5047", "key": "5047", "cr": 73.04}, {"name": "5048", "key": "5048", "cr": 79.84}]}