{"name": "5166", "key": "5166", "state": "SA", "pops": 1844, "crime": {"total": 125, "Assault and related offences": 20, "Stalking, harassment and threatening behaviour": 1, "Property damage": 52, "Burglary/Break and enter": 17, "Theft": 29, "Deception": 6}, "crime_categories": {"property_crimes": {"number": 98, "rank": 90.36}, "violent_crimes": {"number": 20, "rank": 76.46}}, "bounds": [138.4674203630001, -35.12902893499995, 138.48520757000009, -35.11493246499995], "sqkm": 1.8617, "cr": 52.58, "borders": [{"name": "5160", "key": "5160", "cr": 55.54}, {"name": "5165", "key": "5165", "cr": 77.56}]}