{"name": "5170", "key": "5170", "state": "SA", "pops": 1213, "crime": {"total": 15, "Assault and related offences": 2, "Abduction and related offences": 1, "Property damage": 4, "Burglary/Break and enter": 2, "Theft": 5, "Deception": 1}, "crime_categories": {"property_crimes": {"number": 11, "rank": 21.68}, "violent_crimes": {"number": 3, "rank": 26.04}}, "bounds": [138.46172007600012, -35.247347814999955, 138.49428143100013, -35.216822405999956], "sqkm": 6.5506, "cr": 25.4, "borders": [{"name": "5169", "key": "5169", "cr": 86.75}, {"name": "5171", "key": "5171", "cr": 52.28}, {"name": "5173", "key": "5173", "cr": 75.44}]}