{"name": "5170", "key": "5170", "state": "SA", "pops": 1213, "crime": {"total": 32, "Assault and related offences": 10, "Robbery": 1, "Property damage": 8, "Burglary/Break and enter": 3, "Theft": 9, "Deception": 1}, "crime_categories": {"property_crimes": {"number": 20, "rank": 43.39}, "violent_crimes": {"number": 11, "rank": 70.35}}, "bounds": [138.46172007600012, -35.247347814999955, 138.49428143100013, -35.216822405999956], "sqkm": 6.5506, "cr": 37.32, "borders": [{"name": "5169", "key": "5169", "cr": 83.49}, {"name": "5171", "key": "5171", "cr": 54.97}, {"name": "5173", "key": "5173", "cr": 74.18}]}