{"name": "5204", "key": "5204", "state": "SA", "pops": 3370, "crime": {"total": 111, "Assault and related offences": 15, "Property damage": 18, "Burglary/Break and enter": 28, "Theft": 45, "Deception": 3, "Dangerous and negligent acts endangering people": 2}, "crime_categories": {"property_crimes": {"number": 91, "rank": 68.19}, "violent_crimes": {"number": 15, "rank": 40.55}}, "bounds": [138.09385234500007, -35.78533547099994, 138.3753822500001, -35.40296746199994], "sqkm": 296.6796, "cr": 49.62, "borders": [{"name": "5202", "key": "5202", "cr": 22.36}, {"name": "5203", "key": "5203", "cr": 41.38}, {"name": "5222", "key": "5222", "cr": 31.74}]}