{"name": "5204", "key": "5204", "state": "SA", "pops": 3370, "crime": {"total": 84, "Assault and related offences": 18, "Property damage": 16, "Burglary/Break and enter": 17, "Theft": 25, "Deception": 7, "Stalking, harassment and threatening behaviour": 1}, "crime_categories": {"property_crimes": {"number": 58, "rank": 47.72}, "violent_crimes": {"number": 18, "rank": 49.89}}, "bounds": [138.09385234500007, -35.78533547099994, 138.3753822500001, -35.40296746199994], "sqkm": 296.6796, "cr": 47.19, "borders": [{"name": "5202", "key": "5202", "cr": 38.95}, {"name": "5203", "key": "5203", "cr": 31.02}, {"name": "5222", "key": "5222", "cr": 32.69}]}