{"name": "5212", "key": "5212", "state": "SA", "pops": 2251, "crime": {"total": 43, "Assault and related offences": 10, "Abduction and related offences": 1, "Property damage": 11, "Burglary/Break and enter": 3, "Theft": 15, "Deception": 3}, "crime_categories": {"property_crimes": {"number": 29, "rank": 32.0}, "violent_crimes": {"number": 11, "rank": 44.0}}, "bounds": [138.65043476900007, -35.53876851599995, 138.70041377100006, -35.47196248499995], "sqkm": 21.2672, "cr": 39.41, "borders": [{"name": "5211", "key": "5211", "cr": 71.22}, {"name": "5213", "key": "5213", "cr": 38.19}, {"name": "5214", "key": "5214", "cr": 63.33}]}