{"name": "5220", "key": "5220", "state": "SA", "pops": 155, "crime": {"total": 4, "Assault and related offences": 1, "Burglary/Break and enter": 2, "Theft": 1}, "crime_categories": {"property_crimes": {"number": 3, "rank": 53.38}, "violent_crimes": {"number": 1, "rank": 56.45}}, "bounds": [137.24565463500005, -35.79268742199997, 137.26839909200004, -35.77425616099997], "sqkm": 2.8044, "cr": 14.81, "borders": [{"name": "5223", "key": "5223", "cr": 50.11}]}