{"name": "5220", "key": "5220", "state": "SA", "pops": 155, "crime": {"total": 4, "Assault and related offences": 2, "Stalking, harassment and threatening behaviour": 1, "Property damage": 1}, "crime_categories": {"property_crimes": {"number": 1, "rank": 13.59}, "violent_crimes": {"number": 2, "rank": 82.16}}, "bounds": [137.24565463500005, -35.79268742199997, 137.26839909200004, -35.77425616099997], "sqkm": 2.8044, "cr": 18.0, "borders": [{"name": "5223", "key": "5223", "cr": 53.26}]}