{"name": "5221", "key": "5221", "state": "SA", "pops": 301, "crime": {"total": 8, "Assault and related offences": 1, "Property damage": 2, "Burglary/Break and enter": 3, "Theft": 2}, "crime_categories": {"property_crimes": {"number": 7, "rank": 61.81}, "violent_crimes": {"number": 1, "rank": 32.38}}, "bounds": [137.7053143500001, -35.841931289999934, 137.80345944400008, -35.73039065099994], "sqkm": 25.8324, "cr": 18.75, "borders": [{"name": "5222", "key": "5222", "cr": 32.69}, {"name": "5223", "key": "5223", "cr": 50.11}]}