{"name": "5221", "key": "5221", "state": "SA", "pops": 301, "crime": {"total": 15, "Assault and related offences": 4, "Property damage": 2, "Theft": 9}, "crime_categories": {"property_crimes": {"number": 11, "rank": 80.26}, "violent_crimes": {"number": 4, "rank": 83.07}}, "bounds": [137.7053143500001, -35.841931289999934, 137.80345944400008, -35.73039065099994], "sqkm": 25.8324, "cr": 25.78, "borders": [{"name": "5222", "key": "5222", "cr": 31.74}, {"name": "5223", "key": "5223", "cr": 53.26}]}