{"name": "5223", "key": "5223", "state": "SA", "pops": 3712, "crime": {"total": 126, "Property damage": 37, "Burglary/Break and enter": 29, "Theft": 34, "Assault and related offences": 23, "Stalking, harassment and threatening behaviour": 1, "Abduction and related offences": 1, "Deception": 1}, "crime_categories": {"property_crimes": {"number": 100, "rank": 68.03}, "violent_crimes": {"number": 24, "rank": 56.26}}, "bounds": [136.53294942900004, -36.086590383999976, 137.78427719900003, -35.56117441399998], "sqkm": 3358.3824999999997, "cr": 53.26, "borders": [{"name": "5220", "key": "5220", "cr": 18.0}, {"name": "5221", "key": "5221", "cr": 25.78}, {"name": "5222", "key": "5222", "cr": 31.74}]}