{"name": "5256", "key": "5256", "state": "SA", "pops": 1549, "crime": {"total": 31, "Assault and related offences": 7, "Property damage": 7, "Burglary/Break and enter": 4, "Theft": 7, "Deception": 5, "Stalking, harassment and threatening behaviour": 1}, "crime_categories": {"property_crimes": {"number": 18, "rank": 29.54}, "violent_crimes": {"number": 7, "rank": 43.05}}, "bounds": [138.86198046900006, -35.52028748799995, 139.15217669800006, -35.32484248499995], "sqkm": 180.1728, "cr": 35.38, "borders": [{"name": "5214", "key": "5214", "cr": 66.36}, {"name": "5255", "key": "5255", "cr": 60.02}, {"name": "5259", "key": "5259", "cr": 35.19}]}