{"name": "5256", "key": "5256", "state": "SA", "pops": 1549, "crime": {"total": 43, "Property damage": 12, "Burglary/Break and enter": 3, "Theft": 13, "Assault and related offences": 13, "Stalking, harassment and threatening behaviour": 1, "Deception": 1}, "crime_categories": {"property_crimes": {"number": 28, "rank": 48.48}, "violent_crimes": {"number": 13, "rank": 67.24}}, "bounds": [138.86198046900006, -35.52028748799995, 139.15217669800006, -35.32484248499995], "sqkm": 180.1728, "cr": 41.23, "borders": [{"name": "5214", "key": "5214", "cr": 63.33}, {"name": "5255", "key": "5255", "cr": 60.17}, {"name": "5259", "key": "5259", "cr": 35.8}]}