{"name": "5303", "key": "5303", "state": "SA", "pops": 159, "crime": {"total": 8, "Property damage": 3, "Burglary/Break and enter": 1, "Theft": 4}, "crime_categories": {"property_crimes": {"number": 8, "rank": 88.65}, "violent_crimes": {"number": 0, "rank": 0.0}}, "bounds": [140.60712290000004, -35.537440155999946, 140.80070585500005, -35.10693758099995], "sqkm": 739.895, "cr": 15.57, "borders": [{"name": "5302", "key": "5302", "cr": 29.84}, {"name": "5304", "key": "5304", "cr": 35.04}]}