{"name": "5303", "key": "5303", "state": "SA", "pops": 159, "crime": {"total": 5, "Assault and related offences": 1, "Property damage": 1, "Theft": 2, "Deception": 1}, "crime_categories": {"property_crimes": {"number": 3, "rank": 52.05}, "violent_crimes": {"number": 1, "rank": 55.47}}, "bounds": [140.60712290000004, -35.537440155999946, 140.80070585500005, -35.10693758099995], "sqkm": 739.895, "cr": 14.81, "borders": [{"name": "5302", "key": "5302", "cr": 23.08}, {"name": "5304", "key": "5304", "cr": 25.09}]}