{"name": "5344", "key": "5344", "state": "SA", "pops": 919, "crime": {"total": 47, "Assault and related offences": 14, "Dangerous and negligent acts endangering people": 1, "Property damage": 6, "Burglary/Break and enter": 10, "Theft": 14, "Deception": 2}, "crime_categories": {"property_crimes": {"number": 30, "rank": 75.93}, "violent_crimes": {"number": 14, "rank": 86.14}}, "bounds": [140.49360097900012, -34.316376565999974, 140.5985513110001, -34.25404586299997], "sqkm": 31.468, "cr": 42.44, "borders": [{"name": "5342", "key": "5342", "cr": 37.21}, {"name": "5343", "key": "5343", "cr": 69.97}, {"name": "5345", "key": "5345", "cr": 58.92}]}