{"name": "5418", "key": "5418", "state": "SA", "pops": 125, "crime": {"total": 7, "Property damage": 2, "Burglary/Break and enter": 1, "Theft": 4}, "crime_categories": {"property_crimes": {"number": 7, "rank": 91.31}, "violent_crimes": {"number": 0, "rank": 0.0}}, "bounds": [138.86004107600002, -33.62017147299997, 139.355046227, -33.32501048699997], "sqkm": 546.127, "cr": 14.35, "borders": [{"name": "5417", "key": "5417", "cr": 44.12}, {"name": "5419", "key": "5419", "cr": 15.79}]}