{"name": "5418", "key": "5418", "state": "SA", "pops": 125, "crime": {"total": 6, "Assault and related offences": 1, "Property damage": 1, "Burglary/Break and enter": 1, "Theft": 3}, "crime_categories": {"property_crimes": {"number": 5, "rank": 81.74}, "violent_crimes": {"number": 1, "rank": 65.19}}, "bounds": [138.86004107600002, -33.62017147299997, 139.355046227, -33.32501048699997], "sqkm": 546.127, "cr": 15.91, "borders": [{"name": "5417", "key": "5417", "cr": 38.8}, {"name": "5419", "key": "5419", "cr": 14.81}]}