{"name": "5577", "key": "5577", "state": "SA", "pops": 575, "crime": {"total": 6, "Theft": 2, "Assault and related offences": 1, "Property damage": 2, "Burglary/Break and enter": 1}, "crime_categories": {"property_crimes": {"number": 5, "rank": 20.77}, "violent_crimes": {"number": 1, "rank": 20.35}}, "bounds": [136.8219344030001, -35.37817360499997, 137.52731742700013, -34.893687426999975], "sqkm": 958.497, "cr": 16.51, "borders": [{"name": "5575", "key": "5575", "cr": 36.14}, {"name": "5576", "key": "5576", "cr": 20.2}]}