{"name": "5583", "key": "5583", "state": "SA", "pops": 835, "crime": {"total": 19, "Assault and related offences": 3, "Property damage": 5, "Theft": 10, "Burglary/Break and enter": 1}, "crime_categories": {"property_crimes": {"number": 16, "rank": 52.92}, "violent_crimes": {"number": 3, "rank": 35.46}}, "bounds": [137.68749137500004, -35.14786291399997, 137.76446643200003, -35.01286031399997], "sqkm": 73.8878, "cr": 27.37, "borders": [{"name": "5575", "key": "5575", "cr": 36.14}, {"name": "5576", "key": "5576", "cr": 20.2}]}