{"name": "5710", "key": "5710", "state": "SA", "pops": 2793, "crime": {"total": 82, "Assault and related offences": 34, "Stalking, harassment and threatening behaviour": 4, "Property damage": 13, "Burglary/Break and enter": 11, "Theft": 18, "Deception": 2}, "crime_categories": {"property_crimes": {"number": 42, "rank": 38.8}, "violent_crimes": {"number": 34, "rank": 80.6}}, "bounds": [137.80600936300004, -32.557024413999955, 137.90843028900005, -32.46832642299996], "sqkm": 68.0933, "cr": 51.56, "borders": [{"name": "5433", "key": "5433", "cr": 33.11}, {"name": "5700", "key": "5700", "cr": 96.85}, {"name": "5701", "key": "5701", "cr": 0.0}]}