{"name": "6042", "key": "6042", "state": "WA", "pops": 107, "crime": {"total": 19, "Assault and related offences": 1, "Burglary/Break and enter": 1, "Theft": 4, "Deception": 13}, "crime_categories": {"property_crimes": {"number": 5, "rank": 86.41}, "violent_crimes": {"number": 1, "rank": 71.68}}, "bounds": [115.43023595200009, -31.281193746999975, 115.47511871600008, -31.249372355999974], "sqkm": 12.8435, "cr": 22.48, "borders": [{"name": "6041", "key": "6041", "cr": 49.09}, {"name": "6043", "key": "6043", "cr": 31.62}]}