{"name": "6282", "key": "6282", "state": "WA", "pops": 1519, "crime": {"total": 36, "Assault and related offences": 3, "Arson": 5, "Property damage": 3, "Burglary/Break and enter": 2, "Theft": 9, "Deception": 12, "Drug dealing and trafficking": 2}, "crime_categories": {"property_crimes": {"number": 19, "rank": 31.02}, "violent_crimes": {"number": 3, "rank": 19.93}}, "bounds": [114.97466051600009, -33.73166365099996, 115.13234695400008, -33.62767066099996], "sqkm": 94.6186, "cr": 32.46, "borders": [{"name": "6280", "key": "6280", "cr": 93.01}, {"name": "6281", "key": "6281", "cr": 64.77}]}