{"name": "6286", "key": "6286", "state": "WA", "pops": 839, "crime": {"total": 17, "Assault and related offences": 6, "Arson": 2, "Theft": 4, "Breaches of orders": 2, "Sexual offences": 2, "Property damage": 1}, "crime_categories": {"property_crimes": {"number": 7, "rank": 18.03}, "violent_crimes": {"number": 8, "rank": 72.44}}, "bounds": [114.99110083700009, -34.21345466199995, 115.20887896300009, -33.98276465399994], "sqkm": 311.6187, "cr": 30.18, "borders": [{"name": "6285", "key": "6285", "cr": 72.55}, {"name": "6288", "key": "6288", "cr": 21.98}]}