{"name": "6286", "key": "6286", "state": "WA", "pops": 839, "crime": {"total": 15, "Drug dealing and trafficking": 2, "Sexual offences": 6, "Burglary/Break and enter": 1, "Property damage": 3, "Theft": 3}, "crime_categories": {"property_crimes": {"number": 7, "rank": 19.97}, "violent_crimes": {"number": 6, "rank": 61.01}}, "bounds": [114.99110083700009, -34.21345466199995, 115.20887896300009, -33.98276465399994], "sqkm": 311.6187, "cr": 26.88, "borders": [{"name": "6285", "key": "6285", "cr": 68.72}, {"name": "6288", "key": "6288", "cr": 29.2}]}