{"name": "6290", "key": "6290", "state": "WA", "pops": 1837, "crime": {"total": 92, "Assault and related offences": 9, "Sexual offences": 4, "Property damage": 7, "Theft": 17, "Drug dealing and trafficking": 11, "Breaches of orders": 43, "Stalking, harassment and threatening behaviour": 1}, "bounds": [115.01109419900001, -34.42524566599997, 115.22645799200001, -34.214633654999965], "cr": 40.13, "borders": [{"name": "6288", "key": "6288", "cr": 21.98}]}