{"name": "6327", "key": "6327", "state": "WA", "pops": 266, "crime": {"total": 12, "Assault and related offences": 4, "Property damage": 1, "Burglary/Break and enter": 3, "Theft": 2, "Breaches of orders": 1, "Motor Vehicle Theft": 1}, "crime_categories": {"property_crimes": {"number": 7, "rank": 67.69}, "violent_crimes": {"number": 4, "rank": 85.8}}, "bounds": [117.47255243000006, -34.944958535999945, 117.78799358700006, -34.82984944199995], "sqkm": 270.28000000000003, "cr": 25.63, "borders": [{"name": "6326", "key": "6326", "cr": 15.91}, {"name": "6330", "key": "6330", "cr": 96.96}, {"name": "6333", "key": "6333", "cr": 57.48}]}