{"name": "6403", "key": "6403", "state": "WA", "pops": 158, "crime": {"total": 8, "Property damage": 3, "Theft": 1, "Breaches of orders": 4}, "crime_categories": {"property_crimes": {"number": 4, "rank": 65.57}, "violent_crimes": {"number": 0, "rank": 0.0}}, "bounds": [116.75171456600003, -31.67923512599998, 116.87485237900003, -31.59502956299998], "sqkm": 60.0858, "cr": 13.14, "borders": [{"name": "6401", "key": "6401", "cr": 89.94}, {"name": "6405", "key": "6405", "cr": 25.97}]}