{"name": "6425", "key": "6425", "state": "WA", "pops": 88, "crime": {"total": 7, "Assault and related offences": 1, "Property damage": 1, "Theft": 1, "Drug dealing and trafficking": 4}, "crime_categories": {"property_crimes": {"number": 2, "rank": 60.25}, "violent_crimes": {"number": 1, "rank": 77.75}}, "bounds": [119.0233942320001, -31.632031447999964, 119.3108951980001, -31.200484441999965], "sqkm": 1030.614, "cr": 15.0, "borders": [{"name": "6424", "key": "6424", "cr": 9.79}, {"name": "6426", "key": "6426", "cr": 46.2}]}