{"name": "6448", "key": "6448", "state": "WA", "pops": 406, "crime": {"total": 12, "Burglary/Break and enter": 3, "Theft": 2, "Motor Vehicle Theft": 1, "Deception": 1, "Drug dealing and trafficking": 3, "Breaches of orders": 2}, "crime_categories": {"property_crimes": {"number": 6, "rank": 37.97}, "violent_crimes": {"number": 0, "rank": 0.0}}, "bounds": [121.62766895300001, -33.750028361999966, 121.99233689200001, -33.516150364999966], "sqkm": 734.204, "cr": 16.02, "borders": [{"name": "6447", "key": "6447", "cr": 10.02}, {"name": "6450", "key": "6450", "cr": 86.1}, {"name": "6452", "key": "6452", "cr": 0.0}]}