{"name": "6504", "key": "6504", "state": "WA", "pops": 213, "crime": {"total": 6, "Assault and related offences": 1, "Property damage": 1, "Burglary/Break and enter": 1, "Theft": 1, "Motor Vehicle Theft": 1, "Breaches of orders": 1}, "crime_categories": {"property_crimes": {"number": 4, "rank": 50.53}, "violent_crimes": {"number": 1, "rank": 42.22}}, "bounds": [116.00684408000006, -31.369219590999933, 116.11362539100007, -31.230852639999934], "sqkm": 106.523, "cr": 15.45, "borders": [{"name": "6502", "key": "6502", "cr": 39.26}, {"name": "6503", "key": "6503", "cr": 46.55}, {"name": "6505", "key": "6505", "cr": 8.92}]}