{"name": "6511", "key": "6511", "state": "WA", "pops": 480, "crime": {"total": 22, "Assault and related offences": 4, "Arson": 1, "Property damage": 4, "Theft": 6, "Motor Vehicle Theft": 2, "Drug dealing and trafficking": 5}, "crime_categories": {"property_crimes": {"number": 13, "rank": 68.41}, "violent_crimes": {"number": 4, "rank": 66.63}}, "bounds": [115.04449467900008, -30.53272964699994, 115.08948468000008, -30.48088465499994], "sqkm": 9.8572, "cr": 28.59, "borders": [{"name": "6516", "key": "6516", "cr": 53.99}, {"name": "6521", "key": "6521", "cr": 22.1}]}