{"name": "6530", "key": "6530", "state": "WA", "pops": 33378, "crime": {"total": 6821, "Assault and related offences": 1169, "Sexual offences": 205, "Robbery": 34, "Stalking, harassment and threatening behaviour": 285, "Arson": 31, "Property damage": 1387, "Burglary/Break and enter": 676, "Theft": 1222, "Motor Vehicle Theft": 122, "Deception": 644, "Drug dealing and trafficking": 732, "Breaches of orders": 307, "Abduction and related offences": 7}, "crime_categories": {"property_crimes": {"number": 3438, "rank": 97.08}, "violent_crimes": {"number": 1415, "rank": 97.3}}, "bounds": [113.58831988500003, -28.986627725999938, 114.70563277900003, -28.289302696999936], "sqkm": 109.86430000000001, "cr": 99.77, "borders": [{"name": "6532", "key": "6532", "cr": 67.92}, {"name": "6535", "key": "6535", "cr": 39.98}]}