{"name": "6530", "key": "6530", "state": "WA", "pops": 33378, "crime": {"total": 6739, "Assault and related offences": 1357, "Sexual offences": 134, "Robbery": 38, "Stalking, harassment and threatening behaviour": 352, "Property damage": 1187, "Burglary/Break and enter": 720, "Theft": 1405, "Motor Vehicle Theft": 156, "Deception": 364, "Drug dealing and trafficking": 661, "Breaches of orders": 319, "Abduction and related offences": 2, "Arson": 44}, "crime_categories": {"property_crimes": {"number": 3512, "rank": 96.89}, "violent_crimes": {"number": 1531, "rank": 97.23}}, "bounds": [113.58831988500003, -28.986627725999938, 114.70563277900003, -28.289302696999936], "sqkm": 109.86430000000001, "cr": 99.66, "borders": [{"name": "6532", "key": "6532", "cr": 64.35}, {"name": "6535", "key": "6535", "cr": 44.57}]}