{"name": "6537", "key": "6537", "state": "WA", "pops": 996, "crime": {"total": 22, "Assault and related offences": 3, "Sexual offences": 2, "Property damage": 8, "Burglary/Break and enter": 1, "Theft": 6, "Drug dealing and trafficking": 2}, "crime_categories": {"property_crimes": {"number": 15, "rank": 40.7}, "violent_crimes": {"number": 5, "rank": 47.34}}, "bounds": [112.92112451600008, -26.925936904999958, 114.10976604200008, -25.480374745999956], "sqkm": 4396.859, "cr": 31.02, "borders": [{"name": "6532", "key": "6532", "cr": 64.35}, {"name": "6701", "key": "6701", "cr": 96.32}]}