{"name": "6712", "key": "6712", "state": "WA", "pops": 45, "crime": {"total": 0}, "crime_categories": {"property_crimes": {"number": 0, "rank": 0.0}, "violent_crimes": {"number": 0, "rank": 0.0}}, "bounds": [115.30683098400004, -20.97394957399996, 115.60477485000004, -20.35841202999996], "sqkm": 263.66, "cr": 0.0, "borders": [{"name": "6714", "key": "6714", "cr": 97.46}]}