{"name": "6718", "key": "6718", "state": "WA", "pops": 980, "crime": {"total": 408, "Assault and related offences": 164, "Sexual offences": 7, "Stalking, harassment and threatening behaviour": 16, "Arson": 8, "Property damage": 84, "Burglary/Break and enter": 28, "Theft": 20, "Motor Vehicle Theft": 9, "Deception": 2, "Drug dealing and trafficking": 41, "Breaches of orders": 29}, "bounds": [117.07900309800004, -20.882179448999977, 117.86144977700005, -20.695128497999978], "cr": 75.51, "borders": [{"name": "6714", "key": "6714", "cr": 96.24}, {"name": "6720", "key": "6720", "cr": 68.79}, {"name": "6721", "key": "6721", "cr": 70.05}]}