{"name": "6798", "key": "6798", "state": "Other Terr", "pops": 1692, "crime": {"total": 0}, "crime_categories": {"property_crimes": {"number": 0, "rank": 0.0}, "violent_crimes": {"number": 0, "rank": 0.0}}, "bounds": [105.53328668600005, -10.570470304999958, 105.71260668400005, -10.412343309999958], "sqkm": 136.136, "cr": 0.0, "borders": []}