{"name": "7024", "key": "7024", "state": "TAS", "pops": 602, "crime": {"total": 0}, "crime_categories": {"property_crimes": {"number": 0, "rank": 0.0}, "violent_crimes": {"number": 0, "rank": 0.0}}, "bounds": [147.5065523940001, -42.96215886699997, 147.53867296700008, -42.94304126499997], "sqkm": 2.2327, "cr": 0.0, "borders": [{"name": "7020", "key": "7020", "cr": 0.0}]}