{"name": "7255", "key": "7255", "state": "TAS", "pops": 859, "crime": {"total": 0}, "crime_categories": {"property_crimes": {"number": 0, "rank": 0.0}, "violent_crimes": {"number": 0, "rank": 0.0}}, "bounds": [146.38063819100012, -40.31262586799994, 148.3651480230001, -39.20364865399994], "sqkm": 1167.1588, "cr": 0.0, "borders": [{"name": "7257", "key": "7257", "cr": 0.0}]}