{"name": "7256", "key": "7256", "state": "TAS", "pops": 1618, "crime": {"total": 0}, "crime_categories": {"property_crimes": {"number": 0, "rank": 0.0}, "violent_crimes": {"number": 0, "rank": 0.0}}, "bounds": [143.81892867300007, -40.16502678299997, 144.16414873100007, -39.579238730999975], "sqkm": 1001.9217000000001, "cr": 0.0, "borders": []}