{"name": "7257", "key": "7257", "state": "TAS", "pops": 64, "crime": {"total": 0}, "crime_categories": {"property_crimes": {"number": 0, "rank": 0.0}, "violent_crimes": {"number": 0, "rank": 0.0}}, "bounds": [147.782766755, -40.59427632499995, 148.498678581, -40.257413352999954], "sqkm": 580.405, "cr": 0.0, "borders": [{"name": "7255", "key": "7255", "cr": 0.0}]}