{"0": [152.8733425811, -28.0292620435, 153.5465126708, -27.3880981207], "1": [152.8033003733, -28.2651259676, 153.5519400239, -27.4334815368], "2": [151.6124650538, -28.4706248045, 153.1422451138, -27.9311747327], "3": [145.8457459658, -21.0231505185, 150.6919179559, -19.1093852073], "4": [146.323467426, -19.8080819845, 150.005163379, -18.9151156694], "5": [152.2322569862, -28.0697539523, 152.9060561433, -27.4346797392], "6": [152.7751587331, -27.4711659104, 153.1661916897, -27.1081929877], "7": [152.525175944, -27.7590401322, 152.931064181, -27.0532596186], "8": [151.4717939496, -28.0859539956, 152.3890567422, -27.5392619446], "9": [148.8131363317, -26.1135976166, 152.042831108, -23.9532515779], "10": [151.9248459414, -25.7972934023, 153.3603963107, -24.5153392628], "11": [140.8659866452, -18.73234047, 145.8284166679, -9.3651666641], "12": [137.9988136142, -28.9991801158, 147.2963937074, -19.4718476757], "13": [147.457976155, -22.8612869903, 152.677731514, -20.365100801], "14": [137.9956067279, -25.3784926385, 143.2070185021, -17.4024366736], "15": [152.4114714265, -27.1776577532, 153.2073850185, -26.5569234118], "16": [142.8538939804, -19.6370475814, 145.8005171493, -16.6063108891], "17": [149.8938218951, -24.9646668956, 153.2255579978, -23.1650721803], "18": [151.0803700611, -27.7098346874, 152.0424328148, -27.0304159299], "19": [150.872328423, -29.179265976, 152.0760347694, -28.0874098614], "20": [145.3609781265, -17.403149493, 146.5633899942, -16.6053863168], "21": [152.7433092371, -26.6819632798, 153.119936578, -26.1472799554], "22": [151.8861138597, -27.5108647645, 152.6531389505, -26.5780885145], "23": [147.7213049158, -25.1405025348, 150.0853634626, -22.3896847591], "24": [149.6180525273, -27.3755163774, 151.5945320651, -25.6785337552], "25": [151.051374577, -26.9479195476, 152.1431680843, -26.1593215838], "26": [149.5462502092, -23.5815458372, 151.1401603445, -22.4888476655], "27": [145.0317139402, -19.4177592397, 148.4853332341, -17.1510431319], "28": [144.18562866, -17.7542648241, 146.2595683113, -15.4253998622], "29": [151.8597638234, -25.6364570335, 152.7571425363, -24.8590920568], "30": [150.0909438431, -28.4070315808, 151.6992892399, -26.9687332287], "31": [149.7833448648, -24.3519499227, 152.9087358117, -21.9000754133], "32": [151.7560823262, -27.6905697733, 152.345816873, -26.8444497064], "33": [148.7104506716, -21.6468675062, 149.2164978236, -20.9743977264], "34": [151.1586527899, -26.2204785571, 152.0872266889, -25.2528743669], "35": [143.6535389423, -24.8281718194, 148.7151042297, -19.106434539], "36": [150.0533181354, -23.8217198551, 150.8569701239, -23.2559353039], "37": [146.5402212813, -26.7851174697, 149.7489336878, -24.5553187281], "38": [152.8912676945, -26.9384803325, 153.1507947221, -26.6505315006], "39": [152.5358721241, -26.2674590051, 153.1915065572, -25.2220499665], "40": [151.3168576807, -27.4411664829, 152.021370694, -26.772065036], "41": [144.7407884523, -18.5781273544, 146.0952478498, -17.5259404704], "42": [146.5290453732, -28.9991816804, 149.589906238, -26.2841266096], "43": [149.1578748152, -28.6907027885, 151.0609823912, -26.2765030861], "44": [145.8373737633, -17.6039023101, 146.1124058217, -17.3745728061], "45": [145.5409808606, -17.8092924878, 146.201364696, -17.4394516274], "46": [151.9800401405, -26.141740717, 152.7519638389, -25.51297196], "47": [151.7189673856, -26.7101826966, 152.449585706, -25.8572112545], "48": [152.1540935412, -26.4994046614, 152.98767557, -25.9856619984], "49": [152.2439236343, -26.7335622013, 152.7698521018, -26.1416083276], "50": [153.3619343415, -27.3628156334, 153.4682287946, -27.0215560645], "51": [141.8457258418, -12.6662117988, 141.8976130113, -12.6006985903], "52": [142.0860698447, -10.1814897954, 142.193103902, -10.0595539957], "53": [142.1332188621, -9.28990667309998, 142.2925259769, -9.22929161790001], "55": [143.6109827459, -12.9856000468, 143.6134054139, -12.9842490256], "56": [142.5273393616, -9.43610066920003, 142.5517766103, -9.41048280149997], "57": [142.7650496513, -9.90759285540003, 142.7835318521, -9.89436534790003], "58": [142.1800124124, -10.5751614645, 142.2314083427, -10.5206932202], "59": [142.1645720005, -9.9726541117, 142.200946182, -9.94265206900001], "60": [142.1855753213, -10.2606955394, 142.3449343741, -10.1161642894], "62": [153.1127931401, -26.615673095, 153.1163496897, -26.6136177108], "64": [142.5974746495, -9.42831319570002, 142.8011546507, -9.36511389170004], "66": [139.5956503302, -17.1396976113, 139.6400188655, -17.0618085638], "68": [139.2883315831, -16.7530131638, 139.2957318723, -16.7432180494]}