{"name": "Christmas Island", "key": "christmas-island", "state": "Other Terr", "pops": 1692, "crime": {"total": 0}, "crime_categories": {"property_crimes": {"number": 0, "rank": 0.0}, "violent_crimes": {"number": 0, "rank": 0.0}}, "bounds": [105.53338669500005, -10.570179305999943, 105.71260668400004, -10.412441299999955], "sqkm": 136.136, "mcr": 0.0, "cr": 0.0, "borders": []}