{"name": "Cocos Islands", "key": "cocos-islands", "state": "Other Terr", "pops": 595, "crime": {"total": 0}, "crime_categories": {"property_crimes": {"number": 0, "rank": 0.0}, "violent_crimes": {"number": 0, "rank": 0.0}}, "bounds": [96.81703561900008, -12.208693804999939, 96.92949957000008, -11.815210582999953], "sqkm": 13.7258, "mcr": 0.0, "cr": 0, "borders": []}