{"name": "Flinders (Tas.)", "key": "flinders-tas", "state": "TAS", "pops": 923, "crime": {"total": 0}, "crime_categories": {"property_crimes": {"number": 0, "rank": 0.0}, "violent_crimes": {"number": 0, "rank": 0.0}}, "bounds": [146.38097421100008, -40.59417237499997, 148.49856656100008, -39.20378265399995], "sqkm": 1747.5638000000001, "mcr": 0.0, "cr": 0.0, "borders": []}