{"name": "King Island", "key": "king-island", "state": "TAS", "pops": 1618, "crime": {"total": 0}, "crime_categories": {"property_crimes": {"number": 0, "rank": 0.0}, "violent_crimes": {"number": 0, "rank": 0.0}}, "bounds": [143.81925571300008, -40.16500479299998, 144.16414873100007, -39.579402750999975], "sqkm": 1001.9217000000001, "mcr": 0.0, "cr": 0, "borders": []}