{"name": "Tiwi Islands", "key": "tiwi-islands", "state": "NT", "pops": 2346, "crime": {"total": 0}, "crime_categories": {"property_crimes": {"number": 0, "rank": 0.0}, "violent_crimes": {"number": 0, "rank": 0.0}}, "bounds": [130.02052875100003, -11.94032810699997, 131.5436936870001, -11.165647106999927], "sqkm": 7483.1679, "mcr": 0.0, "cr": 0.0, "borders": []}