{"QLD": [137.9945999890001, -29.177390669999966, 153.55217124800004, -9.229287000999932], "NSW": [140.99926498800005, -37.50507699899998, 159.10598299600008, -28.15701991399993], "VIC": [140.96168199600004, -39.15194054299997, 149.84663335800008, -33.98042558699996], "SA": [129.00134009600004, -38.060515985999984, 141.00295561200005, -25.996376441999928]}