{"name": "Airlie Beach", "key": "airlie-beach", "pops": 1208, "cr": 88, "bounds": [148.7066074014, -20.2832571566, 148.7283090279, -20.261495471], "crime": {"total": 1011, "Good Order Offences": 483, "Assault": 79, "Liquor (excl. Drunkenness)": 47, "Other Theft (excl. Unlawful Entry)": 74, "Traffic and Related Offences": 92, "Drug Offences": 136, "Other Property Damage": 39, "Handling Stolen Goods": 3, "Trespassing and Vagrancy": 12, "Weapons Act Offences": 9, "Other Offences Against the Person": 5, "Fraud": 15, "Robbery": 3, "Unlawful Entry": 7, "Unlawful Use of Motor Vehicle": 5, "Miscellaneous Offences": 1, "Arson": 1}, "borders": [{"name": "Cannonvale", "key": "cannonvale", "cr": 22}, {"name": "Jubilee Pocket", "key": "jubilee-pocket", "cr": 14}, {"name": "Mandalay", "key": "mandalay", "cr": 7}, {"name": "Whitsundays", "key": "whitsundays", "cr": 3}], "polygon": [[148.7161258459, -20.2630492374], [148.7161597237, -20.261495471], [148.7096089646, -20.2627279088], [148.7099568024, -20.2633812129], [148.7069809586, -20.2660458535], [148.7066074014, -20.2673740834], [148.7102162316, -20.2691986188], [148.7092103884, -20.2697366849], [148.7080452293, -20.2782003433], [148.7127018347, -20.2787258551], [148.7135630473, -20.2776349708], [148.7182486877, -20.2832571566], [148.7228968292, -20.2798035592], [148.7240464762, -20.276476182], [148.7236187309, -20.2757921293], [148.7245553732, -20.2753189206], [148.7256776094, -20.2769785896], [148.7258287668, -20.2767719999], [148.7248230278, -20.2752371803], [148.726801686, -20.27433604], [148.7264051959, -20.2733551487], [148.7278009728, -20.2720314339], [148.7282681167, -20.2657726258], [148.7273114175, -20.2658242062], [148.7273916677, -20.2686172575], [148.7271959782, -20.2678911909], [148.7245357037, -20.2683410719], [148.7247018293, -20.2673521712], [148.7235362008, -20.2673298195], [148.7231380343, -20.2662525326], [148.7165575922, -20.2640286684], [148.7161258459, -20.2630492374]]}