{"name": "Alexandra Headland", "key": "alexandra-headland", "pops": 3958, "cr": 10, "bounds": [153.0931011811, -26.6761357859, 153.1155558079, -26.6631255969], "crime": {"total": 211, "Traffic and Related Offences": 40, "Unlawful Use of Motor Vehicle": 8, "Other Theft (excl. Unlawful Entry)": 57, "Other Property Damage": 19, "Unlawful Entry": 15, "Good Order Offences": 22, "Drug Offences": 14, "Other Offences Against the Person": 3, "Handling Stolen Goods": 2, "Fraud": 5, "Robbery": 3, "Assault": 14, "Miscellaneous Offences": 3, "Trespassing and Vagrancy": 2, "Liquor (excl. Drunkenness)": 2, "Weapons Act Offences": 2}, "borders": [{"name": "Buderim", "key": "buderim", "cr": 4}, {"name": "Maroochydore", "key": "maroochydore", "cr": 21}, {"name": "Mooloolaba", "key": "mooloolaba", "cr": 12}], "polygon": [[153.1058306918, -26.6633973941], [153.103047207, -26.6632743403], [153.1027707011, -26.6643437296], [153.0981588066, -26.6676504239], [153.0971116424, -26.667547293], [153.0950341374, -26.6693208218], [153.0954608545, -26.669881925], [153.0931011811, -26.6713696048], [153.0968555436, -26.6752147302], [153.1036487967, -26.6738009155], [153.1070250273, -26.6756960005], [153.1150313839, -26.6758864596], [153.1154048666, -26.6749371886], [153.1128172278, -26.6726403385], [153.1085689291, -26.670185402], [153.1058306918, -26.6633973941]]}