{"name": "Amity", "key": "amity", "pops": 387, "cr": 7, "bounds": [153.4328147471, -27.4125507101, 153.4705244601, -27.3880981207], "crime": {"total": 12, "Assault": 6, "Traffic and Related Offences": 3, "Other Theft (excl. Unlawful Entry)": 1, "Weapons Act Offences": 1, "Drug Offences": 1}, "borders": [{"name": "North Stradbroke Island", "key": "north-stradbroke-island", "cr": 30}], "polygon": [[153.455302611, -27.3898864612], [153.4560073391, -27.3887045011], [153.4538812563, -27.3880989924], [153.4504095092, -27.3898914084], [153.4488468394, -27.3897503391], [153.4486756027, -27.3906763867], [153.4485456124, -27.3897228837], [153.4441945702, -27.3893254772], [153.4364000931, -27.3915826678], [153.433903642, -27.3976727054], [153.434661679, -27.4011616185], [153.4328147471, -27.4053823799], [153.434741877, -27.4076436684], [153.4407654032, -27.4053928182], [153.4417696595, -27.4019487426], [153.4428017735, -27.4022211805], [153.4414881542, -27.4046149701], [153.4438072667, -27.4052808508], [153.4457417876, -27.4024916291], [153.450562872, -27.4071827382], [153.4582336396, -27.4125507101], [153.4658117071, -27.4054988921], [153.4676296338, -27.40703284], [153.4705244601, -27.405210495], [153.4639801458, -27.3961163238], [153.4580542967, -27.391216062], [153.455302611, -27.3898864612]]}