{"name": "Arana Hills", "key": "arana-hills", "pops": 6810, "cr": 7, "bounds": [152.9444654137, -27.408758834, 152.9651687741, -27.3805047274], "crime": {"total": 213, "Other Theft (excl. Unlawful Entry)": 61, "Unlawful Entry": 31, "Fraud": 18, "Other Property Damage": 20, "Good Order Offences": 9, "Assault": 16, "Unlawful Use of Motor Vehicle": 12, "Drug Offences": 16, "Traffic and Related Offences": 19, "Robbery": 3, "Handling Stolen Goods": 1, "Trespassing and Vagrancy": 2, "Other Offences Against the Person": 4, "Weapons Act Offences": 1}, "borders": [{"name": "Bunya", "key": "bunya", "cr": 7}, {"name": "Everton Hills", "key": "everton-hills", "cr": 4}, {"name": "Ferny Hills", "key": "ferny-hills", "cr": 3}, {"name": "Keperra", "key": "keperra", "cr": 14}], "polygon": [[152.9636430442, -27.3819965273], [152.9527235702, -27.3805047274], [152.9513826147, -27.3807872981], [152.9508631527, -27.3821763694], [152.947842434, -27.3815780729], [152.9459275752, -27.3865701258], [152.9444991499, -27.3867320046], [152.9452921376, -27.3887065947], [152.9444847032, -27.3908414319], [152.9459201545, -27.3931197822], [152.944952108, -27.3952539638], [152.9516192228, -27.3962935582], [152.9505427629, -27.4017054141], [152.9510264322, -27.4023474157], [152.9503389597, -27.4028742388], [152.9491918534, -27.408758834], [152.9521730095, -27.4076129496], [152.9526663125, -27.4058008939], [152.9590412751, -27.4027279019], [152.9592176825, -27.4000963792], [152.9606072158, -27.3987007588], [152.9650514573, -27.3976669461], [152.9651407897, -27.3964128047], [152.9621887207, -27.3954966813], [152.9620858133, -27.3914701343], [152.961302951, -27.3906194642], [152.9632368833, -27.3900785819], [152.9624419436, -27.3841608912], [152.9636430442, -27.3819965273]]}