{"name": "Archerfield", "key": "archerfield", "pops": 544, "cr": 65, "bounds": [152.9934772179, -27.5777923092, 153.0251314193, -27.5569876581], "crime": {"total": 172, "Other Theft (excl. Unlawful Entry)": 65, "Unlawful Entry": 23, "Good Order Offences": 6, "Traffic and Related Offences": 17, "Other Property Damage": 19, "Handling Stolen Goods": 1, "Drug Offences": 13, "Trespassing and Vagrancy": 2, "Fraud": 5, "Unlawful Use of Motor Vehicle": 16, "Assault": 5}, "borders": [{"name": "Acacia Ridge", "key": "acacia-ridge", "cr": 25}, {"name": "Coopers Plains", "key": "coopers-plains", "cr": 21}, {"name": "Rocklea", "key": "rocklea", "cr": 63}, {"name": "Willawong", "key": "willawong", "cr": 100}], "polygon": [[153.021820277, -27.5609143525], [153.0209242776, -27.5585335121], [153.0106247813, -27.5569876581], [153.0098275915, -27.5612191483], [153.0078523532, -27.5613194332], [153.0067823604, -27.5663120672], [152.9972971305, -27.5649041533], [152.9960625023, -27.5713787228], [152.9942546487, -27.5711027533], [152.9934772179, -27.5721081495], [152.9961134866, -27.5737035424], [152.9962469935, -27.5753927082], [153.0128363073, -27.5777923092], [153.0138697773, -27.5742001086], [153.0225990191, -27.575604789], [153.022837095, -27.5743231773], [153.0251314193, -27.5746637732], [153.0235264823, -27.5655024275], [153.021820277, -27.5609143525]]}