{"name": "Armstrong Beach", "key": "armstrong-beach", "pops": 863, "cr": 4, "bounds": [149.2405225709, -21.4748537764, 149.2958482578, -21.4144836962], "crime": {"total": 24, "Good Order Offences": 1, "Drug Offences": 7, "Unlawful Use of Motor Vehicle": 2, "Other Theft (excl. Unlawful Entry)": 6, "Fraud": 2, "Traffic and Related Offences": 2, "Assault": 1, "Robbery": 1, "Miscellaneous Offences": 1, "Unlawful Entry": 1}, "borders": [{"name": "Coral Sea - Mackay", "key": "coral-sea-mackay", "cr": 20}, {"name": "Freshwater Point", "key": "freshwater-point", "cr": 2}, {"name": "Sarina", "key": "sarina", "cr": 23}], "polygon": [[149.2692054436, -21.416423589], [149.2668613642, -21.4145633504], [149.2634437457, -21.4147045016], [149.257853426, -21.4173913002], [149.2548198029, -21.417020075], [149.2505038232, -21.4200598001], [149.2505101711, -21.4190367684], [149.2470606938, -21.4190389886], [149.2468942329, -21.4209858105], [149.2430056706, -21.4253755584], [149.2419206947, -21.4337715879], [149.243260093, -21.4337417409], [149.2412946746, -21.4400140792], [149.2405225709, -21.4463246092], [149.2435027212, -21.4466479123], [149.243790105, -21.4446272328], [149.2527860105, -21.4500241131], [149.2525737435, -21.4515111074], [149.2580866739, -21.44821769], [149.2595984489, -21.4517962709], [149.2622310892, -21.4533547685], [149.2636933103, -21.4559646174], [149.2686696202, -21.4563958943], [149.2741835266, -21.4612636045], [149.2749710009, -21.4651364014], [149.2792478502, -21.4713981375], [149.2828355134, -21.4723823443], [149.2867041677, -21.4748537764], [149.2920269594, -21.4734835997], [149.2958443165, -21.470347628], [149.2933300808, -21.4679770842], [149.2894321531, -21.4667876512], [149.2881574556, -21.464456059], [149.2876778394, -21.4607669637], [149.2881528661, -21.4586586356], [149.2916017994, -21.4588440359], [149.2908432633, -21.4529661387], [149.2924295738, -21.4443555325], [149.2920734063, -21.4417277128], [149.2954012081, -21.4341930449], [149.2911523581, -21.4336398616], [149.2914350107, -21.4315867797], [149.2862964123, -21.430985868], [149.2868575677, -21.4269151315], [149.2743429542, -21.4254138768], [149.2751018256, -21.4195627496], [149.2689134926, -21.4188245162], [149.2692054436, -21.416423589]]}