{"name": "Ascot - Brisbane", "key": "ascot-brisbane", "pops": 5777, "cr": 20, "bounds": [153.0468862951, -27.436304383, 153.0816322193, -27.4229796305], "crime": {"total": 520, "Other Theft (excl. Unlawful Entry)": 121, "Unlawful Entry": 92, "Handling Stolen Goods": 17, "Drug Offences": 88, "Weapons Act Offences": 13, "Traffic and Related Offences": 28, "Good Order Offences": 56, "Unlawful Use of Motor Vehicle": 31, "Trespassing and Vagrancy": 9, "Other Property Damage": 24, "Assault": 17, "Fraud": 17, "Miscellaneous Offences": 1, "Liquor (excl. Drunkenness)": 2, "Robbery": 3, "Other Offences Against the Person": 1}, "borders": [{"name": "Albion - Brisbane", "key": "albion-brisbane", "cr": 30}, {"name": "Clayfield", "key": "clayfield", "cr": 14}, {"name": "Hamilton", "key": "hamilton", "cr": 23}, {"name": "Hendra", "key": "hendra", "cr": 12}], "polygon": [[153.0636132658, -27.4236881584], [153.063483499, -27.4229796305], [153.0626881793, -27.424013786], [153.0586657152, -27.4232817516], [153.0586553365, -27.4259617776], [153.0575677007, -27.4269519374], [153.0582504794, -27.427188985], [153.0582237244, -27.4285069779], [153.0570546761, -27.4283860549], [153.0566920415, -27.4296229035], [153.051083371, -27.4288437143], [153.0498685315, -27.4273242876], [153.0482251644, -27.4280407578], [153.047980018, -27.4295595735], [153.0469427779, -27.4294234514], [153.0481856838, -27.4307808429], [153.0475026593, -27.4324057698], [153.0548771843, -27.434157908], [153.0550801456, -27.4334018454], [153.0574157014, -27.433764331], [153.0578666106, -27.4347191006], [153.0591810495, -27.434291631], [153.0594375506, -27.4349535331], [153.0595445186, -27.4343401566], [153.0609845221, -27.4342837483], [153.0612513721, -27.4351558462], [153.064438194, -27.4352368787], [153.065017879, -27.4359704778], [153.0704709738, -27.436304383], [153.0718084648, -27.4311471134], [153.0784444883, -27.4325264469], [153.0786096156, -27.4314655811], [153.0816322193, -27.4306037351], [153.0797537416, -27.4276831225], [153.08005099, -27.4245772436], [153.0731045231, -27.423642993], [153.0727189407, -27.4260679111], [153.0645630732, -27.4248996824], [153.0632165074, -27.4264732152], [153.0636132658, -27.4236881584]]}