{"name": "Augustine Heights", "key": "augustine-heights", "pops": 4880, "cr": 6, "bounds": [152.867205441, -27.6740187109, 152.8986637369, -27.6469992921], "crime": {"total": 139, "Traffic and Related Offences": 17, "Unlawful Entry": 15, "Unlawful Use of Motor Vehicle": 8, "Assault": 18, "Other Property Damage": 8, "Other Theft (excl. Unlawful Entry)": 42, "Good Order Offences": 7, "Drug Offences": 9, "Weapons Act Offences": 2, "Fraud": 6, "Robbery": 3, "Other Offences Against the Person": 3, "Handling Stolen Goods": 1}, "borders": [{"name": "Bellbird Park", "key": "bellbird-park", "cr": 15}, {"name": "Brookwater", "key": "brookwater", "cr": 1}, {"name": "Redbank Plains", "key": "redbank-plains", "cr": 18}, {"name": "Springfield Central", "key": "springfield-central", "cr": 100}], "polygon": [[152.8811725825, -27.6476733238], [152.8788942993, -27.6469992921], [152.8779447079, -27.6486520991], [152.8765784204, -27.6488954052], [152.8769808486, -27.6494063959], [152.8753278181, -27.6522223279], [152.8736944422, -27.6536797807], [152.8704737946, -27.6538202688], [152.867205441, -27.6725476608], [152.8706000149, -27.6730864719], [152.8712562546, -27.6718947366], [152.8761119694, -27.6725799516], [152.8779423907, -27.6713717282], [152.882593967, -27.6704886332], [152.88297984, -27.6684165001], [152.887250863, -27.6689928919], [152.8869915605, -27.670397535], [152.8986637369, -27.6740187109], [152.8969782516, -27.6712122932], [152.8930537403, -27.6678699628], [152.8892591372, -27.6613467261], [152.889951244, -27.6548771635], [152.8878812194, -27.6497955918], [152.8843119368, -27.6475066394], [152.8811725825, -27.6476733238]]}