{"name": "Aurukun - Aurukun", "key": "aurukun-aurukun", "pops": 1269, "cr": 100, "bounds": [141.4676136896, -14.4655408338, 142.1680489406, -12.7407370433], "crime": {"total": 1282, "Other Property Damage": 207, "Good Order Offences": 289, "Traffic and Related Offences": 72, "Assault": 328, "Unlawful Use of Motor Vehicle": 13, "Liquor (excl. Drunkenness)": 74, "Other Theft (excl. Unlawful Entry)": 31, "Other Offences Against the Person": 89, "Trespassing and Vagrancy": 13, "Unlawful Entry": 60, "Other Homicide": 1, "Miscellaneous Offences": 11, "Drug Offences": 37, "Weapons Act Offences": 35, "Arson": 11, "Robbery": 9, "Fraud": 1, "Handling Stolen Goods": 1}, "borders": [{"name": "Archer River", "key": "archer-river", "cr": 100}, {"name": "Aurukun - Cook", "key": "aurukun-cook", "cr": 0}, {"name": "Mission River - Cook", "key": "mission-river-cook", "cr": 4}, {"name": "Mission River - Napranum", "key": "mission-river-napranum", "cr": 36}], "polygon": [[142.1616406068, -12.7933360115], [142.1680489406, -12.7652953863], [142.1088274047, -12.7407370433], [142.0086495653, -12.8591550738], [141.9122123718, -12.7494230121], [141.846881628, -12.9427816644], [141.7438663095, -12.999244608], [141.8412479758, -13.3072154075], [141.8133409321, -13.3569330424], [141.7522427961, -13.3569298014], [141.7532656863, -13.2871493325], [141.69208242, -13.2402822673], [141.6962746531, -13.2618334293], [141.6963551715, -13.2657924592], [141.6938128471, -13.2784662545], [141.6904343963, -13.2877782658], [141.6859620735, -13.2969114706], [141.6810421795, -13.3053684682], [141.6644315943, -13.3251099288], [141.6544021517, -13.3391193524], [141.6344247535, -13.3638446927], [141.6307457536, -13.3665780649], [141.6188420877, -13.396124132], [141.6078500524, -13.4310859814], [141.6034055948, -13.4415315017], [141.5942119956, -13.4584880322], [141.582509689, -13.4747425988], [141.5671760663, -13.4891045541], [141.5605910867, -13.4941733032], [141.5538129583, -13.5036872104], [141.5391760394, -13.5343678594], [141.5334559157, -13.5504039973], [141.5252357051, -13.5689669698], [141.5204442367, -13.5850032568], [141.5087916851, -13.6325610727], [141.5042263269, -13.6675172672], [141.5021275505, -13.7030558065], [141.4984307364, -13.7284546047], [141.4897573143, -13.7733053491], [141.4786707237, -13.8080470935], [141.4756562263, -13.8207802996], [141.4701942876, -13.8470458984], [141.4682516754, -13.8646708578], [141.4676136896, -13.8873740062], [141.4696980491, -13.9217970148], [141.4708863273, -13.9296662211], [141.4735661596, -13.9392862245], [141.4763108864, -13.9459126592], [141.478100583, -13.9487753883], [141.4810595736, -13.9501974285], [141.4859020859, -13.9556867853], [141.4959292337, -13.9740556851], [141.5012886524, -13.9812122732], [141.5081892833, -13.9886227697], [141.512741901, -13.995566532], [141.5294959173, -14.0128853917], [141.5520593747, -14.0339504182], [141.5725366697, -14.0573185906], [141.5823611245, -14.072773464], [141.5883767307, -14.0854787678], [141.5943294317, -14.1022848785], [141.5965295732, -14.1054653302], [141.5964671746, -14.1098967493], [141.5990308821, -14.1166633144], [141.5994841158, -14.1201612651], [141.5988678336, -14.1348815709], [141.5930022821, -14.1593000442], [141.5957687125, -14.1621294618], [141.5975915492, -14.162137717], [141.60309387, -14.1661550924], [141.6047023609, -14.1702796742], [141.6054794267, -14.1785699129], [141.6105459854, -14.182205312], [141.6128885373, -14.1822119579], [141.614291288, -14.1838251799], [141.614255026, -14.1860620826], [141.6117432341, -14.1904001385], [141.6116467193, -14.19318185], [141.61277771, -14.1954868659], [141.6190118939, -14.2004468292], [141.6215397567, -14.2039315403], [141.6266077161, -14.2081448659], [141.6252300367, -14.2106998116], [141.6253871024, -14.2132429183], [141.6244955286, -14.2149301767], [141.6231699958, -14.2153609544], [141.6214003339, -14.2140671462], [141.6194132045, -14.2144249901], [141.6222801358, -14.2160987332], [141.6248899996, -14.2203065082], [141.6231559888, -14.2233271152], [141.620569557, -14.2241887674], [141.6201437414, -14.2274706215], [141.6231626049, -14.2287505642], [141.6259958893, -14.2253307104], [141.6281294078, -14.224805668], [141.6289175525, -14.2267873809], [141.6274942234, -14.2297327965], [141.630169034, -14.2317154557], [141.6309572533, -14.233648859], [141.6292667091, -14.2356574908], [141.6301603317, -14.2365948781], [141.6299849004, -14.23803363], [141.6327603757, -14.2362763211], [141.6346199512, -14.2391416132], [141.6364552453, -14.2383410484], [141.6373296008, -14.2397150919], [141.6366286278, -14.241527535], [141.6373740733, -14.2424952835], [141.6399977803, -14.2427548692], [141.6416105255, -14.2420398891], [141.6417156383, -14.2384789586], [141.6399906278, -14.2372906432], [141.6395820826, -14.2351185903], [141.6420740411, -14.2332187817], [141.6436332017, -14.2342352942], [141.6457751244, -14.2387591973], [141.6501008421, -14.2407957315], [141.6519288272, -14.2396714613], [141.6527300924, -14.2361973524], [141.6547939479, -14.2348829955], [141.6569278985, -14.2355895117], [141.6616901532, -14.2406085804], [141.6652416363, -14.2391334847], [141.6659157425, -14.2409690022], [141.6644684821, -14.2425039187], [141.668937847, -14.2474170253], [141.6687551737, -14.2507901937], [141.6710815132, -14.250958167], [141.6720867008, -14.2488047332], [141.6727623492, -14.2497600839], [141.6719291508, -14.250873439], [141.6733752787, -14.2529301867], [141.6755251586, -14.2529509887], [141.6815611199, -14.2596064433], [141.6874679551, -14.2610817999], [141.6886874512, -14.2626401111], [141.6879925281, -14.2642370462], [141.6915217042, -14.2670339942], [141.6957476437, -14.2672073841], [141.6996818706, -14.2657810226], [141.7022733465, -14.2658910677], [141.7072286531, -14.2699682489], [141.7099462897, -14.2737164423], [141.7159039229, -14.2772537023], [141.7169688791, -14.2792808786], [141.7220568955, -14.2785473391], [141.728406243, -14.2790995464], [141.7297598794, -14.2776743993], [141.730170913, -14.2748697251], [141.7289141864, -14.2732929662], [141.7307209, -14.2725039646], [141.7321615964, -14.273758173], [141.7365509942, -14.2730402797], [141.7406860739, -14.2749746814], [141.7410563529, -14.2758348584], [141.7420885041, -14.2752610669], [141.743087858, -14.2773396745], [141.7477879673, -14.2753674984], [141.7494241372, -14.2738217786], [141.7521564513, -14.2753610313], [141.7532152534, -14.277522251], [141.7556564286, -14.2796565592], [141.7596565634, -14.2800013721], [141.7635683268, -14.2835631073], [141.7702596262, -14.2873941734], [141.7722155377, -14.2907908782], [141.776480265, -14.2932074964], [141.7825775892, -14.3043481782], [141.7908922583, -14.3052194491], [141.7953629121, -14.3069900721], [141.798230648, -14.3089047447], [141.8005982265, -14.3146084622], [141.8035527021, -14.3176678717], [141.8068095371, -14.320287846], [141.8102601245, -14.3217204437], [141.8105460703, -14.3267674148], [141.8118822277, -14.3289274424], [141.811640799, -14.3387077376], [141.8134801611, -14.341356121], [141.8193347678, -14.344834432], [141.8277203068, -14.3466114923], [141.8361405805, -14.3509547114], [141.83782278, -14.3489646316], [141.839619033, -14.3491163701], [141.8411527798, -14.3514842093], [141.8438984677, -14.3606871963], [141.8465688154, -14.3652433679], [141.857032761, -14.3743749559], [141.8569288626, -14.3777083308], [141.855280377, -14.3837666884], [141.8558052108, -14.387708813], [141.853742741, -14.3899325356], [141.8501295224, -14.3920140862], [141.849152036, -14.4014410302], [141.8569454551, -14.4035855234], [141.8650007918, -14.4073423371], [141.8682864755, -14.4102073535], [141.8705014661, -14.4144568667], [141.8740699962, -14.4163118526], [141.8745360076, -14.4221113399], [141.8782583624, -14.4267603755], [141.8824871853, -14.4292761236], [141.891004622, -14.4309386015], [141.8944405839, -14.4324725196], [141.9005709663, -14.4328290895], [141.9048617259, -14.4343469366], [141.906344384, -14.4337712526], [141.9082464874,