{"name": "Babinda", "key": "babinda", "pops": 1253, "cr": 14, "bounds": [145.8666466996, -17.3692985326, 145.968452096, -17.2987820506], "crime": {"total": 86, "Drug Offences": 10, "Handling Stolen Goods": 1, "Good Order Offences": 14, "Traffic and Related Offences": 15, "Fraud": 3, "Other Theft (excl. Unlawful Entry)": 7, "Other Property Damage": 15, "Assault": 13, "Other Offences Against the Person": 1, "Unlawful Entry": 4, "Liquor (excl. Drunkenness)": 1, "Weapons Act Offences": 2}, "borders": [{"name": "Bellenden Ker", "key": "bellenden-ker", "cr": 15}, {"name": "East Russell", "key": "east-russell", "cr": 12}, {"name": "Mirriwinni", "key": "mirriwinni", "cr": 19}], "polygon": [[145.956171982, -17.3013050407], [145.9557402954, -17.2998568416], [145.9513392076, -17.2990558147], [145.9507740736, -17.3012260199], [145.9497640505, -17.3015650809], [145.9503576383, -17.3027381524], [145.9490479082, -17.3020069078], [145.9467095807, -17.3034957871], [145.9410584345, -17.308859475], [145.935878776, -17.3086753637], [145.9343758821, -17.3102649674], [145.9344824553, -17.3124774098], [145.9318977296, -17.3137378022], [145.921682477, -17.3063854128], [145.9162824973, -17.3042208552], [145.9157640636, -17.3053135797], [145.9174113572, -17.305245921], [145.9159201458, -17.3147744983], [145.9182028547, -17.315104112], [145.9176570699, -17.3186112568], [145.9247885942, -17.3196350932], [145.9246779382, -17.3213161081], [145.9259687811, -17.323646985], [145.9187647775, -17.3226262555], [145.9169801697, -17.3297450691], [145.9140608981, -17.3293121234], [145.9132789597, -17.334395282], [145.915323019, -17.3346888348], [145.9144108444, -17.3406797424], [145.893801488, -17.3377805576], [145.8931463212, -17.3420803323], [145.8725854978, -17.3395715803], [145.8738991022, -17.3316899389], [145.867641747, -17.3307363912], [145.8666466996, -17.3366808146], [145.8674833402, -17.339203842], [145.8670038655, -17.3424394578], [145.8679713607, -17.343659699], [145.8693862259, -17.3426747248], [145.8713418394, -17.3429662809], [145.8722858578, -17.3442084491], [145.870124653, -17.3455530629], [145.8763639405, -17.3519797251], [145.8782813549, -17.3529302999], [145.8818056583, -17.3530704901], [145.8832605258, -17.3540461734], [145.8842127696, -17.3576203659], [145.8861698508, -17.3597891182], [145.8890488222, -17.3603520915], [145.8946063295, -17.3563500494], [145.8987077475, -17.3565925285], [145.9058406129, -17.3626959696], [145.9059034362, -17.3653670251], [145.9024218321, -17.3664463684], [145.9050249234, -17.3677201644], [145.9074093029, -17.3680586219], [145.9125157371, -17.3666500598], [145.9127105474, -17.3653545082], [145.9115001038, -17.3639886528], [145.9155289084, -17.3643971384], [145.9176806659, -17.363090679], [145.9206557721, -17.3632379547], [145.9228682518, -17.3620863706], [145.9245192409, -17.3629750088], [145.925560534, -17.3614594266], [145.9327996373, -17.362490803], [145.9319446236, -17.3676800802], [145.9457452372, -17.3692985326], [145.9462356344, -17.3647684082], [145.9664776921, -17.363578327], [145.9662184864, -17.3583921567], [145.968452096, -17.3557884097], [145.9673018605, -17.3548309132], [145.9640838951, -17.3548325747], [145.9635264948, -17.3528600708], [145.9617211074, -17.3511700332], [145.9628697261, -17.3495642245], [145.961573571, -17.3489998728], [145.9628632218, -17.3459664732], [145.959785603, -17.3429699168], [145.9630873874, -17.3384685591], [145.9631538466, -17.3366948962], [145.9619346261, -17.335108079], [145.9561028257, -17.3319647536], [145.9567691758, -17.3289545104], [145.9553834721, -17.3278476894], [145.9569063336, -17.326577723], [145.9566940442, -17.3253378645], [145.9549628645, -17.3243146688], [145.9544658437, -17.3254055828], [145.9531174377, -17.3253866509], [145.9502558932, -17.3204265162], [145.9513103664, -17.3192269355], [145.9537756592, -17.3190413415], [145.9542680904, -17.3182996139], [145.9542872459, -17.3116588369], [145.9569326863, -17.3100959212], [145.9549537823, -17.3079500645], [145.9549141303, -17.3067708537], [145.9574633241, -17.3063169718], [145.9579315931, -17.3053850979], [145.956171982, -17.3013050407]]}