{"name": "Badu Island", "key": "badu-island", "pops": 813, "cr": 19, "bounds": [142.0860698447, -10.1814897954, 142.193103902, -10.0595539957], "crime": {"total": 57, "Trespassing and Vagrancy": 2, "Other Property Damage": 11, "Other Theft (excl. Unlawful Entry)": 2, "Assault": 25, "Unlawful Entry": 4, "Good Order Offences": 4, "Other Offences Against the Person": 3, "Drug Offences": 3, "Fraud": 2, "Traffic and Related Offences": 1}, "borders": [], "polygon": [[142.1784200892, -10.0597375855], [142.1768025681, -10.0596700981], [142.1696113423, -10.0643637478], [142.1688972861, -10.0681374073], [142.1686471403, -10.0651795492], [142.1709435508, -10.0625807568], [142.1700602248, -10.0618291274], [142.1652124971, -10.0612044632], [142.1640227437, -10.0615965724], [142.1634552851, -10.0634650812], [142.1647190601, -10.0660865828], [142.1620540246, -10.0637738779], [142.1615533009, -10.0641260892], [142.1623128355, -10.0641277432], [142.1623141766, -10.0644998178], [142.1599347144, -10.0643697232], [142.1573857889, -10.0656852722], [142.1574421972, -10.0668142959], [142.1571680531, -10.0658331364], [142.1559577137, -10.0654955655], [142.1553556994, -10.0656015128], [142.155549176, -10.0659988821], [142.1555810422, -10.0663665235], [142.155211091, -10.0666750073], [142.154849194, -10.0655600131], [142.1510991901, -10.0667005852], [142.1510625333, -10.0686736256], [142.1502548531, -10.0686418191], [142.150955759, -10.0681072176], [142.1501262113, -10.0668294355], [142.1461433098, -10.0675398409], [142.146224387, -10.0682491288], [142.1457841396, -10.0684323683], [142.1457728669, -10.0677098632], [142.1443697065, -10.0671609268], [142.1450372934, -10.068533659], [142.1431164071, -10.0708738267], [142.1455349699, -10.0714246705], [142.1463284716, -10.0729124993], [142.1460097507, -10.0737051442], [142.1436185613, -10.0750395283], [142.1431381106, -10.0770354643], [142.1456219479, -10.0784351975], [142.1453276128, -10.0773260072], [142.1457400844, -10.0766461119], [142.1479199156, -10.0771319643], [142.1456377506, -10.077037096], [142.1461599693, -10.0780632645], [142.145384267, -10.0786827505], [142.1427747309, -10.0769298151], [142.1434103549, -10.0748202652], [142.1456156, -10.073702395], [142.1458198354, -10.0727970749], [142.145021826, -10.0718309879], [142.1434406415, -10.071691148], [142.1422491446, -10.0699923635], [142.1406159401, -10.0713404566], [142.1369553655, -10.071894601], [142.1373927817, -10.072503306], [142.1357990801, -10.0720631778], [142.1333540156, -10.073347941], [142.1328193173, -10.0723976046], [142.1314597949, -10.0725242496], [142.1286865622, -10.0736055225], [142.1289367974, -10.074771069], [142.1256917566, -10.0731247738], [142.1198317856, -10.072322838], [142.1139756367, -10.0692613572], [142.1136559993, -10.0699908063], [142.1152444556, -10.0723102242], [142.1139515936, -10.0739908144], [142.1142598614, -10.0791791454], [142.110582985, -10.0849557817], [142.1108977348, -10.0851880759], [142.1109486967, -10.0854848996], [142.1093022823, -10.0839135274], [142.1075563431, -10.0845275223], [142.1060386598, -10.089307189], [142.1006569937, -10.097154595], [142.1014514267, -10.0978661478], [142.1001594886, -10.0977290347], [142.0980252922, -10.0996072292], [142.0953722447, -10.097869426], [142.0927001089, -10.1065079123], [142.0886471272, -10.1107009873], [142.0885939673, -10.1132688671], [142.0877921581, -10.1137461811], [142.0867313519, -10.1130147278], [142.0861231759, -10.1136445105], [142.0868324116, -10.1155025065], [142.0888894349, -10.114985235], [142.0895536467, -10.1157504022], [142.0901584849, -10.1190468073], [142.0916000828, -10.1204353571], [142.091544956, -10.1224107072], [142.09290988, -10.1239602789], [142.0909683183, -10.1278022155], [142.0880109146, -10.1305297911], [142.0911070108, -10.1324525401], [142.0938432291, -10.136470668], [142.0942594036, -10.138536714], [142.0971892923, -10.1410013139], [142.0999253839, -10.1404495537], [142.1036706567, -10.1422273889], [142.1047406346, -10.1447426453], [142.1082938537, -10.1475997493], [142.1090919301, -10.1494878754], [142.1116343141, -10.1490232497], [142.1127801314, -10.1476763561], [142.1129052117, -10.1455602199], [142.1138040647, -10.1448107213], [142.1158402711, -10.1448663995], [142.1134158373, -10.1455237865], [142.1168286949, -10.1455156803], [142.119804889, -10.1465448663], [142.1262698546, -10.1532693207], [142.13188871, -10.1649238393], [142.1325085685, -10.168001987], [142.1314402372, -10.1685926691], [142.1310029924, -10.1702079251], [142.1320414916, -10.1703149676], [142.1335450411, -10.1723385155], [142.1330197006, -10.1743742526], [142.1339292973, -10.1761517748], [142.1339765638, -10.179483138], [142.1352512687, -10.179642871], [142.1363898143, -10.1758813709], [142.1395219937, -10.1759212911], [142.1417975873, -10.1780082658], [142.1501091197, -10.1736361682], [142.154629685, -10.1725516915], [142.1603062749, -10.1743319929], [142.1616793424, -10.1799557731], [142.1638945714, -10.1814083904], [142.1638212278, -10.1801324263], [142.1652212888, -10.1789967269], [142.1662813202, -10.1739766821], [142.1674112901, -10.1723619178], [142.1670603231, -10.1710523888], [142.1679424718, -10.1692008823], [142.1667825952, -10.1662034839], [142.1701928601, -10.1598505229], [142.1765404269, -10.1530064121], [142.1798677593, -10.1506828964], [142.1801453531, -10.149261266], [142.1802996024, -10.1507155523], [142.1822905615, -10.1516330168], [142.1871677712, -10.1517039537], [142.1878945827, -10.1505357474], [142.188712433, -10.1468857601], [142.1875149757, -10.1415848434], [142.1884824187, -10.1410516724], [142.1879876629, -10.1380971], [142.1890359968, -10.137776792], [142.1893088073, -10.1359676942], [142.1875285581, -10.1342400536], [142.188346684, -10.1341381818], [142.187869817, -10.1316495761], [142.1888610795, -10.129781343], [142.1884066686, -10.1279692128], [142.189289026, -10.1267282069], [142.1891988069, -10.1228552759], [142.1920144036, -10.1147203967], [142.1916422918, -10.111393638], [142.1922048777, -10.1116099358], [142.1917034015, -10.1110368147], [142.1926148161, -10.1092599407], [142.1919462904, -10.1081997976], [142.1930990517, -10.1064929217], [142.1892669871, -10.0926571488], [142.1891306266, -10.0906091705], [142.1901985183, -10.08982151], [142.1897342801, -10.0880239531], [142.1874691099, -10.0882390738], [142.1854469031, -10.0842445195], [142.1839913577, -10.0767796785], [142.184915632, -10.0720182583], [142.1823374853, -10.0705183968], [142.182816565, -10.0681709498], [142.1845376417, -10.0686564445], [142.1847240776, -10.0679099783], [142.1833935454, -10.0615450218], [142.1823314503, -10.0598346367], [142.1809260622, -10.0610426143], [142.1784200892, -10.0597375855]]}