{"name": "Balgal Beach", "key": "balgal-beach", "pops": 966, "cr": 9, "bounds": [146.3924915716, -19.064273119, 146.432597883, -19.0077170953], "crime": {"total": 55, "Traffic and Related Offences": 14, "Other Theft (excl. Unlawful Entry)": 4, "Unlawful Use of Motor Vehicle": 1, "Good Order Offences": 4, "Drug Offences": 18, "Unlawful Entry": 1, "Weapons Act Offences": 1, "Miscellaneous Offences": 1, "Liquor (excl. Drunkenness)": 3, "Other Property Damage": 4, "Assault": 4}, "borders": [{"name": "Coral Sea - Townsville", "key": "coral-sea-townsville", "cr": 19}, {"name": "Rollingstone", "key": "rollingstone", "cr": 100}], "polygon": [[146.4034548402, -19.0077170953], [146.4042986259, -19.0090076476], [146.4045498893, -19.0150881186], [146.4015485123, -19.0184983909], [146.3992960677, -19.0184086785], [146.3985558972, -19.0194363743], [146.3987711668, -19.0259576961], [146.3959080875, -19.031686984], [146.3953672722, -19.0347412601], [146.3929235563, -19.0364473909], [146.3926795051, -19.0410179645], [146.3959645033, -19.0471328348], [146.3962871656, -19.0491479635], [146.3955297321, -19.0501921251], [146.3989309445, -19.0531886891], [146.4156232253, -19.054768689], [146.4147778973, -19.0628336444], [146.4171457887, -19.064273119], [146.432597883, -19.0473266691], [146.4268780798, -19.038275972], [146.4216865376, -19.0333173499], [146.420279555, -19.0297615603], [146.4168934152, -19.024842456], [146.4120180458, -19.0202067122], [146.4049198031, -19.0080908015], [146.4034548402, -19.0077170953]]}