{"name": "Balmoral", "key": "balmoral", "pops": 3893, "cr": 8, "bounds": [153.0614668801, -27.4636623263, 153.0761370957, -27.4499229714], "crime": {"total": 118, "Unlawful Entry": 23, "Traffic and Related Offences": 8, "Other Property Damage": 13, "Trespassing and Vagrancy": 5, "Unlawful Use of Motor Vehicle": 11, "Other Theft (excl. Unlawful Entry)": 35, "Good Order Offences": 3, "Drug Offences": 9, "Assault": 6, "Fraud": 1, "Handling Stolen Goods": 2, "Robbery": 1, "Other Offences Against the Person": 1}, "borders": [{"name": "Bulimba", "key": "bulimba", "cr": 10}, {"name": "Hawthorne", "key": "hawthorne", "cr": 10}, {"name": "Morningside", "key": "morningside", "cr": 12}], "polygon": [[153.0653988644, -27.4499323964], [153.0641249493, -27.4514989778], [153.0626716092, -27.4518300742], [153.0652053431, -27.4522140995], [153.065066047, -27.4532324448], [153.0622694939, -27.4525661543], [153.0614988729, -27.4589527845], [153.0630609691, -27.4595464095], [153.0626923367, -27.461351946], [153.0634216145, -27.4622002468], [153.0628364235, -27.4628446922], [153.0670406893, -27.4636623263], [153.0687020794, -27.458925359], [153.0703269541, -27.4598435387], [153.0721726418, -27.4591595009], [153.0741869062, -27.45946493], [153.0745763257, -27.4574089125], [153.0757810101, -27.4575905502], [153.0761370957, -27.455710426], [153.0732219443, -27.4550162554], [153.0716912076, -27.4512900561], [153.0690930784, -27.4502124786], [153.0678060427, -27.4507585093], [153.0653988644, -27.4499323964]]}