{"name": "Bamaga", "key": "bamaga", "pops": 1164, "cr": 65, "bounds": [142.3720936403, -10.9144808203, 142.4813612178, -10.7886635661], "crime": {"total": 258, "Traffic and Related Offences": 47, "Unlawful Entry": 50, "Other Theft (excl. Unlawful Entry)": 24, "Other Property Damage": 31, "Handling Stolen Goods": 1, "Drug Offences": 5, "Good Order Offences": 22, "Assault": 35, "Fraud": 5, "Liquor (excl. Drunkenness)": 6, "Trespassing and Vagrancy": 8, "Unlawful Use of Motor Vehicle": 19, "Miscellaneous Offences": 2, "Other Offences Against the Person": 3}, "borders": [{"name": "New Mapoon - Northern Peninsula", "key": "new-mapoon-northern-peninsula", "cr": 79}, {"name": "Umagico - Northern Peninsula", "key": "umagico-northern-peninsula", "cr": 42}], "polygon": [[142.4813612178, -10.8062178791], [142.4615004584, -10.7889873981], [142.4600923359, -10.7886635661], [142.4502433985, -10.7920676693], [142.4329690114, -10.8036482036], [142.431279704, -10.8054821044], [142.4312311858, -10.8094389439], [142.4339251444, -10.8133740053], [142.4296413809, -10.8177114874], [142.4286738932, -10.820347473], [142.4308393076, -10.8252035901], [142.4342014417, -10.8293335587], [142.4271016195, -10.831998311], [142.40953058, -10.8653035238], [142.403339982, -10.873318404], [142.3902596235, -10.8750307113], [142.3907177821, -10.8770619258], [142.3881876245, -10.8824890181], [142.3871913031, -10.886847645], [142.3837562278, -10.8890777752], [142.3818248287, -10.891391322], [142.3786943555, -10.8989245892], [142.3761095703, -10.9003909007], [142.3761635199, -10.9010025412], [142.3748382479, -10.9008938894], [142.3720936403, -10.9056236297], [142.4279926196, -10.9144808203], [142.4813612178, -10.8062178791]]}