{"name": "Ban Ban Springs", "key": "ban-ban-springs", "pops": 7, "cr": 100, "bounds": [151.7951770052, -25.6991509497, 151.8514367566, -25.6467470899], "crime": {"total": 13, "Other Theft (excl. Unlawful Entry)": 5, "Traffic and Related Offences": 6, "Good Order Offences": 1, "Unlawful Entry": 1}, "borders": [{"name": "Ban Ban", "key": "ban-ban", "cr": 9}], "polygon": [[151.8315389529, -25.6555614173], [151.8306434825, -25.6520087123], [151.8321685269, -25.6485683396], [151.8176863417, -25.6467470899], [151.8174345344, -25.6484008804], [151.8115335479, -25.6494030803], [151.8075124174, -25.6750115976], [151.7992779464, -25.6714665219], [151.7951770052, -25.6951009855], [151.7987629548, -25.699097544], [151.8056557551, -25.6981233582], [151.8072646484, -25.6953897327], [151.8082973436, -25.691031754], [151.8115031198, -25.6890442446], [151.8136299923, -25.6897376552], [151.8178559989, -25.6964483857], [151.8193207309, -25.6975826547], [151.8252654672, -25.6944115832], [151.8367253095, -25.6958470643], [151.838589482, -25.6829708368], [151.8406617492, -25.683229968], [151.8424361721, -25.6715721413], [151.847877413, -25.672256045], [151.8514367566, -25.6490178332], [151.8315389529, -25.6555614173]]}