{"name": "Banyo", "key": "banyo", "pops": 5868, "cr": 12, "bounds": [153.0653392226, -27.3947410285, 153.0961395502, -27.3632330894], "crime": {"total": 623, "Other Theft (excl. Unlawful Entry)": 386, "Other Offences Against the Person": 11, "Unlawful Entry": 25, "Handling Stolen Goods": 7, "Assault": 20, "Good Order Offences": 14, "Other Property Damage": 16, "Traffic and Related Offences": 42, "Drug Offences": 50, "Unlawful Use of Motor Vehicle": 12, "Fraud": 22, "Arson": 1, "Weapons Act Offences": 8, "Trespassing and Vagrancy": 6, "Robbery": 3}, "borders": [{"name": "Boondall", "key": "boondall", "cr": 11}, {"name": "Nudgee", "key": "nudgee", "cr": 11}, {"name": "Northgate", "key": "northgate", "cr": 20}, {"name": "Virginia", "key": "virginia", "cr": 28}], "polygon": [[153.0796253383, -27.3633631691], [153.0783851147, -27.3640442342], [153.0768939555, -27.363512665], [153.0783474073, -27.3647814244], [153.0768112466, -27.3655194566], [153.0743837133, -27.3640568033], [153.0743612722, -27.3647960946], [153.0760524124, -27.365809992], [153.075285472, -27.3670704961], [153.0716198236, -27.3652473539], [153.0710435063, -27.3665490821], [153.0716751665, -27.3680949509], [153.0689112768, -27.3669473082], [153.0697843656, -27.3689976111], [153.0687036067, -27.3689504787], [153.067771785, -27.3709548116], [153.0660385489, -27.3705597371], [153.0653392226, -27.3712138683], [153.0658070669, -27.3724796399], [153.0709488317, -27.379433237], [153.0726404935, -27.3808140978], [153.073877275, -27.3806330711], [153.0735695735, -27.3815450743], [153.0743885189, -27.3804758862], [153.0764443055, -27.380523093], [153.0758019462, -27.3809584305], [153.0775259212, -27.3832060695], [153.0758549273, -27.3843326867], [153.0769980177, -27.3856562376], [153.0800495073, -27.3838693202], [153.0815843344, -27.3856719285], [153.0792671591, -27.3872313946], [153.0800065026, -27.3881129771], [153.0794921815, -27.3884612247], [153.0808819458, -27.3891315758], [153.0815304071, -27.3886950538], [153.0823412538, -27.3906919062], [153.0869627818, -27.3912947401], [153.0874344185, -27.3947410285], [153.0934063196, -27.3937779516], [153.0961395502, -27.3845224231], [153.0956097245, -27.379502587], [153.0938304588, -27.3788893744], [153.0950108618, -27.3765486032], [153.0957928449, -27.3764377162], [153.0952954441, -27.3761334047], [153.0930490941, -27.3770177439], [153.0906622261, -27.3734484911], [153.0859451666, -27.3766185418], [153.0848650187, -27.3765466586], [153.0852177516, -27.3757523522], [153.0845490173, -27.3761715144], [153.084423095, -27.3748054877], [153.0805231556, -27.3702524081], [153.0827927813, -27.3671336547], [153.0796253383, -27.3633631691]]}