{"name": "Barcaldine", "key": "barcaldine", "pops": 1422, "cr": 25, "bounds": [144.7755254954, -24.1534131169, 145.8747632205, -23.1043132916], "crime": {"total": 215, "Good Order Offences": 41, "Other Theft (excl. Unlawful Entry)": 17, "Miscellaneous Offences": 1, "Drug Offences": 54, "Unlawful Use of Motor Vehicle": 2, "Unlawful Entry": 12, "Other Property Damage": 17, "Assault": 11, "Traffic and Related Offences": 36, "Liquor (excl. Drunkenness)": 13, "Weapons Act Offences": 3, "Arson": 1, "Fraud": 4, "Other Offences Against the Person": 1, "Handling Stolen Goods": 1, "Trespassing and Vagrancy": 1}, "borders": [{"name": "Aramac", "key": "aramac", "cr": 14}, {"name": "Blackall", "key": "blackall", "cr": 14}, {"name": "Ilfracombe", "key": "ilfracombe", "cr": 9}, {"name": "Jericho", "key": "jericho", "cr": 11}], "polygon": [[145.5971954018, -23.1161539257], [145.5949589461, -23.1141333506], [145.4984311238, -23.1043132916], [145.4971479848, -23.1134788692], [145.5033430532, -23.1529254764], [145.5092805848, -23.1535280123], [145.507048972, -23.172635667], [145.4784563854, -23.169768177], [145.4757021964, -23.1679157391], [145.4745462611, -23.1693847999], [145.2859000266, -23.1514519602], [145.2822861373, -23.1795282438], [145.2640335262, -23.1778433323], [145.2565850839, -23.2422397211], [145.2413196117, -23.2407330796], [145.2405111641, -23.248398006], [145.1727133319, -23.240087457], [145.170477353, -23.2367235869], [145.1723624915, -23.219800368], [145.0774784908, -23.2107157484], [145.0773175433, -23.2121608332], [145.0505583659, -23.2095972449], [145.0486129001, -23.2271070927], [144.9586911052, -23.2184090391], [144.9582058713, -23.2225583792], [144.9243599623, -23.2188521996], [144.9190956727, -23.2581280097], [144.9155470282, -23.2895751297], [144.9162892848, -23.2896104157], [144.9089836329, -23.3486849815], [144.8837487772, -23.3462634012], [144.8779426962, -23.3528915867], [144.8767149672, -23.3637300506], [144.8715178818, -23.3635201454], [144.8615779206, -23.4465249553], [144.8809150457, -23.4486075342], [144.8694018498, -23.5241811797], [144.7951616123, -23.5192023888], [144.7845354825, -23.6190979406], [144.7755254954, -23.6913221851], [144.8255775347, -23.6970220432], [144.8142860904, -23.7767682597], [144.8017054349, -23.8511128426], [144.8008118421, -23.8530704975], [144.7876650468, -23.9366220608], [144.8041000217, -23.9378216118], [144.7952448577, -23.9986404777], [144.8833888695, -24.0068891644], [144.88014175, -24.0090045333], [144.8797328547, -24.012669988], [144.8785036504, -24.0142885447], [144.867753081, -24.0161585733], [144.8624081537, -24.0204368308], [144.855933547, -24.0242337137], [144.8515696973, -24.0246164799], [144.846893765, -24.0280730277], [144.8465139419, -24.0293734297], [144.8410673141, -24.031766355], [144.8502060175, -24.0311374441], [144.8523913175, -24.0318153054], [144.8560360149, -24.0353215635], [144.8609882072, -24.0384189114], [144.8652374297, -24.0390030295], [144.8744722828, -24.0439985245], [144.8764396012, -24.0461716503], [144.8795977011, -24.0477540195], [144.8843406737, -24.0549939871], [144.8887764141, -24.0570507571], [144.8941520452, -24.0569319874], [144.8968409225, -24.0554515272], [144.9020995647, -24.0547643155], [144.9045436755, -24.0532835796], [144.9069897458, -24.0532810837], [144.9099214152, -24.0506635234], [144.9153005183, -24.0487249196], [144.9250838384, -24.0476903617], [144.9296494797, -24.04979036], [144.9288755581, -24.0576196834], [144.9314035773, -24.0597464293], [144.9304207414, -24.0677477792], [144.9452538192, -24.0741262287], [144.947852768, -24.0717127845], [144.9495996758, -24.0712556243], [144.9665009305, -24.074184224], [144.9682098106, -24.072493799], [144.9761488289, -24.0801607594], [144.9773821533, -24.0827742815], [144.9775817543, -24.0864995569], [144.9792790487, -24.0895807222], [144.9871542901, -24.0950728804], [144.9949426949, -24.0980756357], [145.0005981028, -24.1026509404], [145.0014868304, -24.1049980298], [145.0043218806, -24.1077265739], [145.0083059222, -24.1178998202], [145.0068594292, -24.1234626845], [145.0110036731, -24.1237410009], [145.0120651796, -24.1337375343], [145.0131581798, -24.135678187], [145.0122940317, -24.1376587525], [145.165643543, -24.1521179602], [145.167579107, -24.1366799176], [145.1801330596, -24.1375952438], [145.1816032976, -24.1276867315], [145.2395348176, -24.1346645132], [145.3004211709, -24.1387484074], [145.3022190481, -24.1395859271], [145.4287658259, -24.1521588117], [145.4308730438, -24.1332008466], [145.5339934006, -24.1439106241], [145.5341945216, -24.1420911402], [145.5641687885, -24.1450665146], [145.5639561117, -24.1468724906], [145.6276357174, -24.1534131169], [145.6370701939, -24.078660287], [145.6017338261, -24.075552769], [145.611371249, -24.0150993317], [145.6280271858, -23.9994602874], [145.6671243608, -24.005095534], [145.6739917547, -24.0048521608], [145.6990413591, -24.0073949546], [145.7074313089, -23.9348982722], [145.7570670769, -23.9403268322], [145.7717906311, -23.8119175583], [145.836833261, -23.8186819032], [145.8419757113, -23.772691071], [145.8157910705, -23.7699782997], [145.8229904994, -23.7106019333], [145.7866149694, -23.7070130184], [145.7883718014, -23.6892473623], [145.7884458005, -23.6886799932], [145.7956653088, -23.6894410849], [145.8023645133, -23.635851711], [145.8387683481, -23.6395388022], [145.8476098403, -23.5684838817], [145.8598741442, -23.5700446963], [145.8647176251, -23.5308648273], [145.8640377149, -23.5302370787], [145.8668093383, -23.5281877816], [145.8685631901, -23.5239282548], [145.8650785983, -23.5169317275], [145.8649556935, -23.5132467449], [145.8668791279, -23.5113019273], [145.870402731, -23.510442391], [145.8717698008, -23.5092506707], [145.8727563396, -23.5059885308], [145.8747632205, -23.5046801865], [145.7802313268, -23.4945237786], [145.785232164, -23.4542719796], [145.7811522856, -23.4538134784], [145.7922576591, -23.3557928652], [145.8190505207, -23.3584634289], [145.8283942863, -23.2804339305], [145.8279157951, -23.2757879868], [145.765700534, -23.2678989694], [145.7535632774, -23.2670344636], [145.7615027875, -23.1985893175], [145.7602057829, -23.1950721964], [145.7621262819, -23.1942279711], [145.7658472285, -23.1651077345], [145.7362622991, -23.162241444], [145.7401383668, -23.128207989], [145.6050947607, -23.1153024063], [145.6016580835, -23.117485173], [145.5971954018, -23.1161539257]]}