{"name": "Barney Point", "key": "barney-point", "pops": 1093, "cr": 23, "bounds": [151.253982991, -23.8607650101, 151.2790360525, -23.8300680667], "crime": {"total": 167, "Traffic and Related Offences": 13, "Weapons Act Offences": 10, "Drug Offences": 54, "Other Theft (excl. Unlawful Entry)": 17, "Handling Stolen Goods": 3, "Other Property Damage": 12, "Good Order Offences": 24, "Unlawful Entry": 8, "Assault": 14, "Trespassing and Vagrancy": 3, "Fraud": 8, "Other Offences Against the Person": 1}, "borders": [{"name": "Gladstone Central", "key": "gladstone-central", "cr": 100}, {"name": "Gladstone Harbour", "key": "gladstone-harbour", "cr": 10}, {"name": "South Gladstone", "key": "south-gladstone", "cr": 24}], "polygon": [[151.2689580023, -23.8319625109], [151.254395254, -23.8300680667], [151.2539880872, -23.8307351694], [151.2553734407, -23.8320396915], [151.254501611, -23.8325184956], [151.254622072, -23.8338232934], [151.2581272125, -23.8407890946], [151.2685278729, -23.8531330079], [151.2704207748, -23.8607650101], [151.2734298781, -23.8599827513], [151.2773454264, -23.8604626581], [151.2790360525, -23.8498047143], [151.2779937461, -23.8374171481], [151.2743691206, -23.833183445], [151.2689580023, -23.8319625109]]}