{"name": "Battery Hill", "key": "battery-hill", "pops": 2536, "cr": 5, "bounds": [153.1230211854, -26.7852312699, 153.1351256147, -26.7728214636], "crime": {"total": 74, "Drug Offences": 16, "Other Property Damage": 7, "Good Order Offences": 7, "Other Theft (excl. Unlawful Entry)": 16, "Unlawful Use of Motor Vehicle": 3, "Other Offences Against the Person": 1, "Trespassing and Vagrancy": 2, "Assault": 3, "Liquor (excl. Drunkenness)": 1, "Traffic and Related Offences": 8, "Unlawful Entry": 4, "Miscellaneous Offences": 2, "Fraud": 3, "Weapons Act Offences": 1}, "borders": [{"name": "Aroona", "key": "aroona", "cr": 4}, {"name": "Caloundra", "key": "caloundra", "cr": 32}, {"name": "Currimundi", "key": "currimundi", "cr": 9}, {"name": "Dicky Beach", "key": "dicky-beach", "cr": 8}], "polygon": [[153.1299421638, -26.7838672027], [153.1303075552, -26.7817188129], [153.1351256147, -26.7779215574], [153.1306353658, -26.7740323693], [153.1239685118, -26.7728214636], [153.1260770783, -26.7785681784], [153.1230211854, -26.7847556919], [153.1297109276, -26.7852312699], [153.1299421638, -26.7838672027]]}