{"name": "Bayview Heights", "key": "bayview-heights", "pops": 4238, "cr": 10, "bounds": [145.7139530107, -16.9738031551, 145.7377364859, -16.9520980418], "crime": {"total": 139, "Unlawful Entry": 38, "Other Property Damage": 15, "Unlawful Use of Motor Vehicle": 17, "Drug Offences": 10, "Good Order Offences": 5, "Assault": 16, "Other Theft (excl. Unlawful Entry)": 22, "Trespassing and Vagrancy": 4, "Fraud": 1, "Traffic and Related Offences": 4, "Handling Stolen Goods": 2, "Miscellaneous Offences": 3, "Other Offences Against the Person": 1, "Weapons Act Offences": 1}, "borders": [{"name": "Earlville", "key": "earlville", "cr": 50}, {"name": "Mount Sheridan", "key": "mount-sheridan", "cr": 18}, {"name": "Woree", "key": "woree", "cr": 38}], "polygon": [[145.7247603014, -16.9523878843], [145.7213024423, -16.9520980418], [145.7211849317, -16.9533822685], [145.7150281742, -16.9528760016], [145.7139530107, -16.9647105709], [145.7196433991, -16.9652407095], [145.7196840197, -16.9696323872], [145.7230383232, -16.9693005681], [145.7226542011, -16.9731879085], [145.7282853425, -16.9738031551], [145.7354570851, -16.9722105041], [145.7358649895, -16.9672989696], [145.7350620255, -16.9668451548], [145.7358055562, -16.9624972269], [145.7346322834, -16.9597169086], [145.7374971062, -16.9563325346], [145.7377364859, -16.9546153694], [145.736694932, -16.955339469], [145.7314003184, -16.9549517334], [145.730000779, -16.9535009935], [145.7247603014, -16.9523878843]]}