{"name": "Beerwah", "key": "beerwah", "pops": 6769, "cr": 13, "bounds": [152.8912676945, -26.8922818601, 153.0278905332, -26.8221951127], "crime": {"total": 465, "Good Order Offences": 29, "Unlawful Entry": 33, "Other Property Damage": 34, "Fraud": 11, "Weapons Act Offences": 13, "Traffic and Related Offences": 83, "Drug Offences": 77, "Other Offences Against the Person": 6, "Assault": 51, "Other Theft (excl. Unlawful Entry)": 95, "Handling Stolen Goods": 5, "Unlawful Use of Motor Vehicle": 13, "Trespassing and Vagrancy": 11, "Miscellaneous Offences": 3, "Arson": 1}, "borders": [{"name": "Coochin Creek", "key": "coochin-creek", "cr": 100}, {"name": "Landsborough", "key": "landsborough", "cr": 16}, {"name": "Mount Mellum", "key": "mount-mellum", "cr": 1}, {"name": "Peachester", "key": "peachester", "cr": 9}], "polygon": [[152.9529006109, -26.8233149424], [152.950953953, -26.8221951127], [152.9484561607, -26.8248783574], [152.9486096427, -26.8283546716], [152.9462905452, -26.8293296546], [152.9433702826, -26.8330556974], [152.9401838556, -26.8348578438], [152.9274523631, -26.8330073282], [152.9281919673, -26.8291829973], [152.9199693054, -26.8279364184], [152.9159742594, -26.8492595702], [152.9079858586, -26.8481430709], [152.9044043124, -26.8492974862], [152.9012983814, -26.8490543365], [152.9003428891, -26.8546327427], [152.9031218439, -26.8569787517], [152.9017594978, -26.8580614701], [152.9014424384, -26.8595927358], [152.8995561078, -26.8592191041], [152.8989405707, -26.8627985343], [152.8912676945, -26.861824587], [152.8922154009, -26.8631711379], [152.8918591663, -26.8664569259], [152.8925460279, -26.8684245273], [152.8952235579, -26.8720793873], [152.8945038617, -26.8797745034], [152.8958129659, -26.8821063563], [152.894590348, -26.8858197331], [152.8957862854, -26.8910805061], [152.9044289738, -26.8922818601], [152.9049554989, -26.8891269341], [152.9088821709, -26.8894122764], [152.9118195623, -26.8876328096], [152.9152726308, -26.8881764635], [152.9168158844, -26.8841053843], [152.9273275137, -26.8854391351], [152.9282522202, -26.8796920329], [152.9304565638, -26.8799934834], [152.9309933484, -26.8767771125], [152.9355421066, -26.8766263574], [152.9358882159, -26.8746462762], [152.9373644739, -26.8767532334], [152.9376659021, -26.8750172481], [152.9398647845, -26.8753240556], [152.9403988123, -26.872252889], [152.9439596757, -26.8716152087], [152.9437674806, -26.8699803725], [152.9470842704, -26.86864274], [152.9474034607, -26.8668041602], [152.9487373978, -26.8681290448], [152.954328537, -26.867253229], [152.958184652, -26.8678142279], [152.9578023702, -26.8713344336], [152.954245396, -26.8777949959], [152.9624395743, -26.8789335936], [152.9603105038, -26.8752274215], [152.9720787555, -26.8765236884], [152.976394996, -26.879412815], [152.9791537523, -26.8790233955], [152.9801765457, -26.8799448684], [152.9799002558, -26.8808365688], [152.9820208102, -26.8810754642], [152.9842319116, -26.8832204789], [152.9867030084, -26.8841031268], [152.9878327027, -26.8835168481], [152.9882664084, -26.8817260638], [152.9897549972, -26.8803871274], [152.9927587733, -26.8815027103], [152.9937518761, -26.8826867118], [152.9945905581, -26.8824321702], [152.9945074022, -26.881290175], [152.9970904961, -26.8814445287], [153.0002994463, -26.8762750849], [153.0037346557, -26.8772998154], [153.0037508756, -26.8790541068], [153.0057588518, -26.8791050911], [153.0082845464, -26.8771841899], [153.0110376403, -26.8695094436], [153.0149629042, -26.8633258939], [153.0278905332, -26.8499661162], [153.0228545964, -26.8509051055], [153.0166128948, -26.848743625], [153.0134349167, -26.846435748], [153.0108313113, -26.843196623], [153.0062165856, -26.8414180577], [153.0056293458, -26.8404215127], [152.9864538684, -26.8386456221], [152.988696076, -26.8231836408], [152.9872535989, -26.8237780556], [152.9853277877, -26.8266104981], [152.9844138995, -26.8287028596], [152.9843921065, -26.8299414441], [152.9852279946, -26.8300528303], [152.9849926755, -26.8314312547], [152.9841079041, -26.8314835429], [152.9794503748, -26.8291937634], [152.9668840915, -26.8275334835], [152.966402486, -26.8304695264], [152.9603344798, -26.8283427656], [152.9602287784, -26.8291516975], [152.9590193033, -26.8288873211], [152.9592443928, -26.8277889043], [152.9581190422, -26.8276114836], [152.9584784433, -26.8268262967], [152.9553258196, -26.8235818073], [152.9529006109, -26.8233149424]]}