{"name": "Benowa", "key": "benowa", "pops": 8741, "cr": 8, "bounds": [153.3639884517, -28.0284393504, 153.4005478919, -27.9927624241], "crime": {"total": 316, "Other Offences Against the Person": 5, "Traffic and Related Offences": 18, "Assault": 21, "Unlawful Entry": 57, "Other Theft (excl. Unlawful Entry)": 118, "Unlawful Use of Motor Vehicle": 19, "Other Property Damage": 24, "Robbery": 3, "Drug Offences": 23, "Good Order Offences": 6, "Fraud": 11, "Weapons Act Offences": 4, "Handling Stolen Goods": 3, "Trespassing and Vagrancy": 3, "Arson": 1}, "borders": [{"name": "Ashmore", "key": "ashmore", "cr": 11}, {"name": "Broadbeach Waters", "key": "broadbeach-waters", "cr": 27}, {"name": "Bundall", "key": "bundall", "cr": 25}, {"name": "Carrara", "key": "carrara", "cr": 9}], "polygon": [[153.3771978691, -27.9992215112], [153.3740750551, -27.9980055392], [153.369528994, -27.9927624241], [153.3681613132, -27.9931751564], [153.3639884517, -27.9975233674], [153.3673303276, -28.0009447113], [153.3678588122, -28.0038197562], [153.3718652502, -28.0097909868], [153.3819082379, -28.0122272894], [153.3864264712, -28.0149457008], [153.3878915086, -28.0174746439], [153.3892473876, -28.0256169289], [153.391674608, -28.0279275253], [153.3952627257, -28.0282367617], [153.3973647729, -28.0244412795], [153.3965479359, -28.0225027725], [153.3976117298, -28.0191262439], [153.3961702883, -28.016492933], [153.3962098882, -28.0143013448], [153.3996745273, -28.0142786577], [153.4005478919, -28.0095312521], [153.3979892433, -28.0089624077], [153.4004647359, -27.9977269471], [153.389420107, -27.9960722551], [153.3826789334, -28.0001919493], [153.3803583831, -27.9991279468], [153.3771978691, -27.9992215112]]}