{"name": "Bentley Park", "key": "bentley-park", "pops": 8018, "cr": 17, "bounds": [145.7042280436, -17.0209650621, 145.7443968132, -16.9982250631], "crime": {"total": 513, "Other Offences Against the Person": 10, "Drug Offences": 55, "Traffic and Related Offences": 39, "Fraud": 11, "Other Theft (excl. Unlawful Entry)": 92, "Other Property Damage": 55, "Good Order Offences": 23, "Assault": 66, "Unlawful Entry": 111, "Unlawful Use of Motor Vehicle": 28, "Handling Stolen Goods": 5, "Weapons Act Offences": 8, "Trespassing and Vagrancy": 4, "Miscellaneous Offences": 4, "Robbery": 2}, "borders": [{"name": "Edmonton", "key": "edmonton", "cr": 24}, {"name": "Mount Sheridan", "key": "mount-sheridan", "cr": 18}], "polygon": [[145.7130598053, -16.9990158305], [145.7066221312, -16.9982250631], [145.7042280436, -17.0202429146], [145.7114823312, -17.0209650621], [145.7125243843, -17.0187109709], [145.713719666, -17.0186883435], [145.7151139826, -17.0169570893], [145.7176806629, -17.0168931335], [145.7182103619, -17.0158283561], [145.7203976661, -17.0149959326], [145.7206294164, -17.0135432929], [145.7228113413, -17.0140549541], [145.7233017236, -17.0130138472], [145.7265947014, -17.0148360208], [145.7273298874, -17.0137869045], [145.7298726663, -17.012865141], [145.7320435941, -17.0141355246], [145.7335289717, -17.0141777396], [145.7351021469, -17.0130230933], [145.7356268242, -17.0139651969], [145.7361346558, -17.0128584057], [145.7367501855, -17.0133386403], [145.7405286506, -17.0125661194], [145.7442112565, -17.013627097], [145.7443968132, -17.0052917749], [145.7435147092, -16.9987802431], [145.7393996045, -16.9999617711], [145.7384044826, -17.0015017241], [145.7343469933, -17.0029351488], [145.7340415269, -17.0037070066], [145.7272089198, -17.0030455291], [145.7247224301, -17.0001007169], [145.7130598053, -16.9990158305]]}