{"name": "Bilinga", "key": "bilinga", "pops": 1804, "cr": 26, "bounds": [153.4939747676, -28.1709176823, 153.5232109725, -28.1503812224], "crime": {"total": 259, "Drug Offences": 33, "Other Theft (excl. Unlawful Entry)": 92, "Unlawful Entry": 18, "Traffic and Related Offences": 55, "Assault": 11, "Other Property Damage": 12, "Other Offences Against the Person": 1, "Unlawful Use of Motor Vehicle": 21, "Handling Stolen Goods": 2, "Fraud": 3, "Weapons Act Offences": 2, "Good Order Offences": 6, "Miscellaneous Offences": 3}, "borders": [{"name": "Coolangatta", "key": "coolangatta", "cr": 26}, {"name": "Tugun", "key": "tugun", "cr": 13}], "polygon": [[153.5009073392, -28.1503812224], [153.4966458306, -28.1530100778], [153.4939747676, -28.1559115723], [153.4953721017, -28.1589271799], [153.4953026175, -28.1608294472], [153.5203925148, -28.1709176823], [153.5215849206, -28.1673502401], [153.5232109725, -28.1664081365], [153.5225927159, -28.1655836627], [153.5139646977, -28.1608190313], [153.5071123466, -28.1554352343], [153.5030882806, -28.1509383917], [153.502050966, -28.151676923], [153.5009073392, -28.1503812224]]}