{"name": "Biloela", "key": "biloela", "pops": 5758, "cr": 21, "bounds": [150.4913952798, -24.4205373675, 150.5469907969, -24.3598251641], "crime": {"total": 641, "Other Theft (excl. Unlawful Entry)": 133, "Unlawful Use of Motor Vehicle": 16, "Unlawful Entry": 58, "Traffic and Related Offences": 99, "Good Order Offences": 91, "Drug Offences": 79, "Trespassing and Vagrancy": 25, "Other Property Damage": 49, "Other Offences Against the Person": 7, "Miscellaneous Offences": 5, "Arson": 1, "Assault": 44, "Liquor (excl. Drunkenness)": 5, "Fraud": 17, "Handling Stolen Goods": 6, "Weapons Act Offences": 5, "Robbery": 1}, "borders": [{"name": "Dakenba", "key": "dakenba", "cr": 2}, {"name": "Prospect", "key": "prospect", "cr": 5}, {"name": "Valentine Plains", "key": "valentine-plains", "cr": 4}], "polygon": [[150.4988482371, -24.3628913686], [150.4982469901, -24.3598444834], [150.4985581562, -24.3629187122], [150.4976730496, -24.3630189747], [150.4986176267, -24.3652782887], [150.4978310913, -24.3653688282], [150.4979681447, -24.3662680909], [150.493484363, -24.3667773381], [150.4952840582, -24.380552955], [150.4943024665, -24.3803152367], [150.4961049482, -24.3923865929], [150.4917579219, -24.3929282203], [150.4947694689, -24.4007107243], [150.4987579212, -24.4065505639], [150.4913952798, -24.4087515771], [150.4914891049, -24.4095077142], [150.4986807704, -24.4114997387], [150.4986595735, -24.4127440527], [150.5039271787, -24.4188654646], [150.510399878, -24.4136251435], [150.5170645863, -24.4205373675], [150.5235558301, -24.4151556417], [150.5194127113, -24.4108950347], [150.5193903595, -24.4097339809], [150.5318586826, -24.4139301628], [150.538565442, -24.417190209], [150.5469907969, -24.4102975279], [150.541661568, -24.4047352076], [150.5376723707, -24.4080523849], [150.5328616649, -24.4031334966], [150.5436330289, -24.3943429664], [150.5323127434, -24.3826226369], [150.5299285874, -24.3832046315], [150.5221853852, -24.3805459216], [150.5174581632, -24.3811935335], [150.5163386911, -24.3820084855], [150.5153756663, -24.3871701136], [150.5104012638, -24.385985218], [150.5099316314, -24.3827800527], [150.5117809474, -24.3832901567], [150.510634169, -24.3823214173], [150.5109078661, -24.3803272769], [150.5015016049, -24.379513815], [150.4988482371, -24.3628913686]]}