{"name": "Blackbutt", "key": "blackbutt", "pops": 836, "cr": 30, "bounds": [152.0837262422, -26.897453852, 152.1358134821, -26.8686249778], "crime": {"total": 115, "Other Offences Against the Person": 5, "Good Order Offences": 9, "Trespassing and Vagrancy": 2, "Assault": 7, "Unlawful Entry": 6, "Drug Offences": 24, "Weapons Act Offences": 3, "Traffic and Related Offences": 42, "Other Property Damage": 7, "Other Theft (excl. Unlawful Entry)": 6, "Unlawful Use of Motor Vehicle": 3, "Handling Stolen Goods": 1}, "borders": [{"name": "Benarkin", "key": "benarkin", "cr": 49}, {"name": "Blackbutt North", "key": "blackbutt-north", "cr": 10}, {"name": "Blackbutt South", "key": "blackbutt-south", "cr": 0}, {"name": "Nukku", "key": "nukku", "cr": 17}], "polygon": [[152.0994198173, -26.8767930195], [152.100418523, -26.8702756241], [152.0869442746, -26.8686249778], [152.0846780166, -26.8832080737], [152.0841855779, -26.883083351], [152.0847866982, -26.8837221712], [152.0837262422, -26.8905870318], [152.1358134821, -26.8972695023], [152.1335705444, -26.8947490081], [152.1336742789, -26.893609114], [152.1284566373, -26.8929679841], [152.130222179, -26.8892726228], [152.1261134446, -26.885597378], [152.1240084544, -26.8856243938], [152.1209479496, -26.8869906813], [152.118829295, -26.8865807727], [152.1159300953, -26.87892849], [152.1135375053, -26.8783450201], [152.1096739098, -26.8795036897], [152.1060403585, -26.8792783692], [152.1067172438, -26.8751405329], [152.1059596688, -26.8750496954], [152.1023074239, -26.877088733], [152.1015871838, -26.8817932159], [152.0996351242, -26.8815474883], [152.0984533429, -26.8813037351], [152.0992210582, -26.8780900612], [152.0978326723, -26.8779189661], [152.0979187712, -26.8772172406], [152.0993281975, -26.877390936], [152.0994198173, -26.8767930195]]}