{"name": "Blackstone", "key": "blackstone", "pops": 1024, "cr": 15, "bounds": [152.7883546352, -27.6419783756, 152.8184544593, -27.6200757027], "crime": {"total": 62, "Other Theft (excl. Unlawful Entry)": 13, "Unlawful Entry": 6, "Other Property Damage": 7, "Other Offences Against the Person": 4, "Assault": 8, "Traffic and Related Offences": 13, "Drug Offences": 5, "Unlawful Use of Motor Vehicle": 4, "Good Order Offences": 2}, "borders": [{"name": "Bundamba", "key": "bundamba", "cr": 18}, {"name": "Raceview", "key": "raceview", "cr": 10}, {"name": "Silkstone", "key": "silkstone", "cr": 11}], "polygon": [[152.8159150481, -27.6200757027], [152.8142547011, -27.6221576631], [152.812894024, -27.6208665743], [152.8126700222, -27.6215883121], [152.806352891, -27.6207051054], [152.8030746579, -27.6223646104], [152.7984771207, -27.6219688207], [152.7973327115, -27.6229346171], [152.7975908667, -27.6241416037], [152.796475783, -27.6261860132], [152.7910540104, -27.6287228242], [152.7889495641, -27.6283659041], [152.7885691747, -27.6308953539], [152.7919339314, -27.6319811568], [152.7905576155, -27.6350382343], [152.7907171771, -27.6383732706], [152.7941597775, -27.6397915781], [152.7939571887, -27.6411800459], [152.7930919528, -27.641432099], [152.7938550413, -27.6419783756], [152.7988734469, -27.6383471116], [152.8074197173, -27.6357811317], [152.8141324371, -27.6319073886], [152.8184544593, -27.6264625937], [152.8152698725, -27.6237790361], [152.8159150481, -27.6200757027]]}