{"name": "Bluewater Park", "key": "bluewater-park", "pops": 992, "cr": 3, "bounds": [146.4471640736, -19.2250847667, 146.5293521509, -19.1609134376], "crime": {"total": 21, "Other Theft (excl. Unlawful Entry)": 2, "Weapons Act Offences": 3, "Drug Offences": 11, "Other Property Damage": 1, "Miscellaneous Offences": 1, "Handling Stolen Goods": 1, "Fraud": 1, "Assault": 1}, "borders": [{"name": "Bluewater", "key": "bluewater", "cr": 17}, {"name": "Lynam", "key": "lynam", "cr": 0}], "polygon": [[146.5059030727, -19.220313251], [146.5094270706, -19.2151730731], [146.5248917565, -19.20046065], [146.5293521509, -19.1918517798], [146.4980948493, -19.1647783145], [146.457917355, -19.1609134376], [146.4471640736, -19.2207006663], [146.4996621087, -19.2250847667], [146.5028334036, -19.2204105109], [146.5047525391, -19.2209455669], [146.5059030727, -19.220313251]]}