{"name": "Boigu Island", "key": "boigu-island", "pops": 271, "cr": 24, "bounds": [142.1332188621, -9.28990667309998, 142.2925259769, -9.22929161790001], "crime": {"total": 22, "Other Theft (excl. Unlawful Entry)": 1, "Other Property Damage": 6, "Assault": 10, "Good Order Offences": 2, "Arson": 1, "Robbery": 1, "Unlawful Entry": 1}, "borders": [], "polygon": [[142.2222909629, -9.22933145610004], [142.2167643607, -9.23120740059996], [142.2107316852, -9.23131876440001], [142.2082225084, -9.23418733479998], [142.203461498, -9.23598792400003], [142.2026400194, -9.2370715961], [142.2004789636, -9.23623022440004], [142.1947854608, -9.23744039239999], [142.1923726797, -9.23723167930003], [142.1915056929, -9.23815751819997], [142.1941668242, -9.23967917259997], [142.1947565004, -9.24097035079997], [142.1916630492, -9.23937977110002], [142.1884722114, -9.24143239110003], [142.1869171336, -9.24541166420004], [142.1835634187, -9.24945482609999], [142.1836726665, -9.25192150470003], [142.1831998602, -9.24900133159999], [142.1867141649, -9.24437013269997], [142.1867416725, -9.24167777599999], [142.1831653118, -9.24282395089996], [142.1833005175, -9.2435938492], [142.1779241115, -9.24555075169996], [142.1767376363, -9.24697413299998], [142.1731823757, -9.24900268760002], [142.1704953238, -9.24933647360001], [142.1681698263, -9.25118687749998], [142.1643905118, -9.25126928840004], [142.1625214368, -9.25244193519997], [142.1614518911, -9.25216817860001], [142.1537050679, -9.25529645380004], [142.1506087631, -9.25538019089996], [142.1482841074, -9.25657429549996], [142.1444597393, -9.25633957239998], [142.143956691, -9.25735684479999], [142.1340221986, -9.26161137219997], [142.1332188621, -9.26484543829996], [142.1336930171, -9.26697330919998], [142.1371683702, -9.27123513819999], [142.141533643, -9.27457081530004], [142.1510691643, -9.27717156710001], [142.1532545835, -9.27740245310001], [142.1536200494, -9.27672473340001], [142.1571248174, -9.27745617930004], [142.1599674448, -9.27949915080001], [142.1620155051, -9.2799331844], [142.1660238653, -9.27953449639996], [142.1673880741, -9.28062366689998], [142.1691415906, -9.28042364119997], [142.169644177, -9.27951966229997], [142.1718029752, -9.28187774869998], [142.1740352139, -9.28136172890003], [142.1756498665, -9.28242885319997], [142.177722089, -9.28231985120001], [142.1800878793, -9.28345652669996], [142.1807718948, -9.28300493959998], [142.1815900877, -9.28377611190004], [142.1852116212, -9.28305986519996], [142.1905578449, -9.28546936059996], [142.1937683299, -9.28552135080002], [142.1945640817, -9.28629214319997], [142.1999403238, -9.28462854770003], [142.2001249939, -9.28318104890001], [142.201147899, -9.28417854760001], [142.2050397918, -9.28506898879998], [142.2059276626, -9.28509340440001], [142.2072734088, -9.28360269959997], [142.2127572, -9.28571820260003], [142.2198395804, -9.28482746330003], [142.224595584, -9.28648832439996], [142.2263957784, -9.28565499930002], [142.2263983637, -9.28407078979999], [142.2275786698, -9.28631316869998], [142.2305615395, -9.28616059569996], [142.2306990847, -9.28557248410001], [142.2318363935, -9.28625396640003], [142.2313797325, -9.28704481570003], [142.233109124, -9.28772693130003], [142.235708423, -9.28540127719998], [142.2362809107, -9.28338854009997], [142.2331696078, -9.27854049949998], [142.2318041325, -9.27813080699996], [142.2327603623, -9.27806448189997], [142.2336477339, -9.27851906420004], [142.2368053123, -9.28293712440004], [142.2363922819, -9.28492768849999], [142.2381400242, -9.28827974949996], [142.2487249449, -9.28990667309998], [142.2503223419, -9.28755631300001], [142.2507301718, -9.28900539130003], [142.2521417439, -9.28896271439997], [142.2542828768, -9.28844624010002], [142.2571555078, -9.28603076189999], [142.2635735273, -9.2877849489], [142.2626633793, -9.287240535], [142.2641225681, -9.28604397920004], [142.2645983323, -9.28756061939996], [142.2722476646, -9.2880502418], [142.2752092704, -9.28699197619996], [142.2767599449, -9.28536567090002], [142.2791968212, -9.28491779420003], [142.2841664478, -9.28071813289998], [142.2843049765, -9.27929313480001], [142.2826232091, -9.27734399590004], [142.2841253281, -9.27759546040002], [142.2867930233, -9.27502098680003], [142.2877982035, -9.27255649860003], [142.2895312458, -9.27081744370003], [142.2906527892, -9.26667837050002], [142.2922955602, -9.26428376879998], [142.2925259769, -9.2622472122], [142.2916179895, -9.2604583576], [142.2894124687, -9.25862162559999], [142.2875674888, -9.25913862140003], [142.2861810252, -9.25762021539999], [142.2756470442, -9.2532117814], [142.2696164921, -9.25159367920004], [142.2645854875, -9.25117716190001], [142.2593699396, -9.25277379160002], [142.2594138384, -9.25381497290004], [142.2583454102, -9.25274914499997], [142.2568416446, -9.2535606474], [142.2568396851, -9.2548280507], [142.2542854697, -9.25765129180002], [142.251620993, -9.25803110749997], [142.2500981167, -9.25648956000001], [142.2424910292, -9.25842071320003], [142.2386036292, -9.25488349050004], [142.2394021302, -9.25384419409999], [142.2333315313, -9.2489447594], [142.2293786407, -9.24380083380004], [142.228090629, -9.23787003009998], [142.2259567156, -9.23426783079998], [142.2237702683, -9.23482946310002], [142.2248784453, -9.23330672089996], [142.2237650529, -9.23262042549998], [142.2222909629, -9.22933145610004]]}