{"name": "Bokarina", "key": "bokarina", "pops": 1351, "cr": 27, "bounds": [153.1232471392, -26.7468531579, 153.1359296739, -26.7308185548], "crime": {"total": 245, "Handling Stolen Goods": 5, "Good Order Offences": 25, "Other Theft (excl. Unlawful Entry)": 101, "Drug Offences": 23, "Other Property Damage": 21, "Traffic and Related Offences": 19, "Other Offences Against the Person": 2, "Assault": 16, "Unlawful Entry": 15, "Unlawful Use of Motor Vehicle": 10, "Fraud": 2, "Trespassing and Vagrancy": 5, "Miscellaneous Offences": 1}, "borders": [{"name": "Birtinya", "key": "birtinya", "cr": 24}, {"name": "Warana", "key": "warana", "cr": 11}, {"name": "Wurtulla", "key": "wurtulla", "cr": 6}], "polygon": [[153.1352356002, -26.7413249016], [153.134499751, -26.730961442], [153.123459965, -26.7308185548], [153.1232471392, -26.7318155244], [153.1246551722, -26.7324910238], [153.1240728572, -26.7406279966], [153.1247969717, -26.7416666895], [153.1270652115, -26.7420883253], [153.1273828074, -26.7437594309], [153.1284361929, -26.7441515103], [153.1277501956, -26.7454018295], [153.1251989976, -26.7457142249], [153.1257717311, -26.7431808487], [153.1240939125, -26.7427971214], [153.1246483698, -26.7454852685], [153.12367405, -26.7457579523], [153.1286411509, -26.7457949147], [153.1286116317, -26.7467832267], [153.1359296739, -26.7464495674], [153.1352356002, -26.7413249016]]}