{"name": "Bongaree", "key": "bongaree", "pops": 6947, "cr": 12, "bounds": [153.145088248, -27.1003496051, 153.1816277057, -27.0595206469], "crime": {"total": 433, "Good Order Offences": 22, "Miscellaneous Offences": 3, "Other Theft (excl. Unlawful Entry)": 119, "Unlawful Entry": 42, "Drug Offences": 51, "Trespassing and Vagrancy": 7, "Fraud": 18, "Other Property Damage": 61, "Traffic and Related Offences": 61, "Assault": 24, "Other Offences Against the Person": 6, "Robbery": 3, "Liquor (excl. Drunkenness)": 1, "Weapons Act Offences": 4, "Unlawful Use of Motor Vehicle": 7, "Handling Stolen Goods": 3, "Arson": 1}, "borders": [{"name": "Bellara", "key": "bellara", "cr": 14}, {"name": "Sandstone Point", "key": "sandstone-point", "cr": 8}, {"name": "Woorim", "key": "woorim", "cr": 13}], "polygon": [[153.1674501002, -27.0595206469], [153.1499865577, -27.0662831813], [153.145088248, -27.0708629042], [153.1506363899, -27.0741177276], [153.1533002928, -27.0775236487], [153.1595154852, -27.0968792513], [153.1667696312, -27.0998758078], [153.1764180437, -27.1001683176], [153.1783564389, -27.0995154232], [153.1703848094, -27.0822421238], [153.1713403016, -27.0818891674], [153.1720754132, -27.0834839642], [153.1785079986, -27.0818650499], [153.1796289682, -27.0810832456], [153.1793595254, -27.080499351], [153.1812163964, -27.0798133463], [153.1806809828, -27.0783423632], [153.1816277057, -27.077972725], [153.1809526607, -27.0765404627], [153.1796994656, -27.0768472552], [153.1763443723, -27.0780866146], [153.1765787825, -27.0790711492], [153.1748503298, -27.0802005455], [153.1721770093, -27.0807030648], [153.1712215468, -27.0786059275], [153.1755573303, -27.0770232156], [153.1674501002, -27.0595206469]]}