{"name": "Boreen Point", "key": "boreen-point", "pops": 328, "cr": 12, "bounds": [152.9729425162, -26.2967797965, 152.9982490167, -26.2658083439], "crime": {"total": 17, "Other Theft (excl. Unlawful Entry)": 4, "Unlawful Entry": 2, "Unlawful Use of Motor Vehicle": 2, "Traffic and Related Offences": 4, "Drug Offences": 1, "Good Order Offences": 1, "Liquor (excl. Drunkenness)": 1, "Assault": 2}, "borders": [{"name": "Como", "key": "como", "cr": 7}, {"name": "Cootharaba", "key": "cootharaba", "cr": 2}, {"name": "Noosa North Shore", "key": "noosa-north-shore", "cr": 54}], "polygon": [[152.9741649628, -26.2658083439], [152.9729425162, -26.2734057233], [152.9763979912, -26.2738552913], [152.973409228, -26.2917412743], [152.9806623459, -26.2927641794], [152.9783177078, -26.2959277406], [152.9851965755, -26.2967797965], [152.9864691645, -26.2948526442], [152.9886283129, -26.2934898585], [152.9889714047, -26.2919512764], [152.9918476716, -26.2881989107], [152.9974105582, -26.2861810178], [152.9981601089, -26.2841790617], [152.9973950014, -26.2828382477], [152.9942926019, -26.282047689], [152.9897224829, -26.2769902423], [152.9884484112, -26.2730036378], [152.990145117, -26.2674590051], [152.9741649628, -26.2658083439]]}