{"name": "Boulia", "key": "boulia", "pops": 301, "cr": 32, "bounds": [139.8206456378, -22.9616454318, 140.0230820552, -22.8039723858], "crime": {"total": 41, "Other Theft (excl. Unlawful Entry)": 1, "Other Offences Against the Person": 2, "Good Order Offences": 6, "Traffic and Related Offences": 8, "Assault": 16, "Drug Offences": 2, "Unlawful Entry": 1, "Other Property Damage": 4, "Miscellaneous Offences": 1}, "borders": [{"name": "Wills", "key": "wills", "cr": 20}], "polygon": [[139.9829218611, -22.8483960256], [139.9865797907, -22.8461562321], [139.9968815297, -22.8433627933], [139.9995501265, -22.841632612], [140.0077240318, -22.8309239596], [140.013407059, -22.8269094378], [140.0230820552, -22.8100609332], [139.9304844961, -22.8039723858], [139.8933856338, -22.8341065794], [139.9052279666, -22.8468118086], [139.8935911879, -22.8561540097], [139.9182424247, -22.8864071146], [139.906498462, -22.8964403793], [139.8978861347, -22.8863754421], [139.8901615366, -22.9017592743], [139.8586689383, -22.9009571671], [139.859040685, -22.8970100284], [139.8481844962, -22.8689342961], [139.8315105811, -22.882325694], [139.826327458, -22.9330748618], [139.8214055225, -22.9370096475], [139.8206456378, -22.9440163374], [139.8248171285, -22.947853975], [139.8664463758, -22.9515091181], [139.8676789105, -22.9394501448], [139.8976927847, -22.941708751], [139.9002936855, -22.942318216], [139.9062456936, -22.9616454318], [139.9502799958, -22.9308099672], [139.9598914534, -22.9195543528], [139.9583570585, -22.894028835], [139.9456982315, -22.8806258887], [139.9465544596, -22.8797954321], [139.9487022236, -22.8798380047], [139.9544197023, -22.8762160987], [139.9571254328, -22.8730312511], [139.957630612, -22.8705252111], [139.9560260251, -22.8669758737], [139.9568194672, -22.8630883843], [139.9585659355, -22.8616843], [139.9649932757, -22.8610184714], [139.9696137458, -22.8559654057], [139.9738867432, -22.8535789251], [139.9785495102, -22.8487650678], [139.9829218611, -22.8483960256]]}