{"name": "Boyne Island", "key": "boyne-island", "pops": 4760, "cr": 8, "bounds": [151.2874609977, -23.9792272672, 151.3605725095, -23.8701493144], "crime": {"total": 193, "Assault": 18, "Unlawful Entry": 14, "Other Property Damage": 20, "Traffic and Related Offences": 40, "Other Theft (excl. Unlawful Entry)": 39, "Good Order Offences": 11, "Fraud": 7, "Other Offences Against the Person": 3, "Unlawful Use of Motor Vehicle": 6, "Drug Offences": 28, "Weapons Act Offences": 3, "Miscellaneous Offences": 1, "Handling Stolen Goods": 1, "Trespassing and Vagrancy": 2}, "borders": [{"name": "Coral Sea - Gladstone", "key": "coral-sea-gladstone", "cr": 3}, {"name": "Oconnell", "key": "oconnell", "cr": 7}, {"name": "Tannum Sands", "key": "tannum-sands", "cr": 8}, {"name": "Wurdong Heights", "key": "wurdong-heights", "cr": 6}], "polygon": [[151.3568092659, -23.9276881889], [151.3557637632, -23.927122727], [151.3551171273, -23.9243298024], [151.3507929146, -23.9174453989], [151.3448389545, -23.9128751159], [151.3396256492, -23.9050748646], [151.3337927386, -23.8924116716], [151.3294104934, -23.8798398525], [151.3284687847, -23.8741715625], [151.3246618584, -23.8701493144], [151.3149760142, -23.8844987452], [151.3121517971, -23.8919826373], [151.3019068539, -23.9043150172], [151.2984427661, -23.9106526747], [151.2987422496, -23.9130363539], [151.2955969945, -23.9200239331], [151.2928367704, -23.930528827], [151.2911273316, -23.9342251569], [151.2908784151, -23.9359930381], [151.2931112275, -23.9386918098], [151.2907342464, -23.9421245083], [151.2883490399, -23.9436537027], [151.2876497433, -23.9475055709], [151.2915462032, -23.9532308578], [151.3040141314, -23.954779312], [151.3050798327, -23.9477125257], [151.3080691844, -23.9454283789], [151.3116844222, -23.9452033341], [151.3120980561, -23.9468870461], [151.3112995625, -23.9506388605], [151.3100081831, -23.9517048001], [151.3113476783, -23.9531758726], [151.308398582, -23.9548001364], [151.3102070615, -23.9557924718], [151.3087975681, -23.9677418247], [151.3058213666, -23.9686825797], [151.3083508164, -23.9729682878], [151.3173044398, -23.9729676619], [151.3174454942, -23.9740519598], [151.3195438534, -23.9735623151], [151.31889911, -23.9792272672], [151.3219462484, -23.977723062], [151.3386362121, -23.9750133604], [151.3465615213, -23.9704444855], [151.3478280753, -23.9636971951], [151.3513321877, -23.9586615786], [151.3530788198, -23.9579827115], [151.3583297208, -23.9582225829], [151.360443674, -23.9560176656], [151.3603707105, -23.9536336586], [151.3553024381, -23.9416228086], [151.3558690771, -23.9369551614], [151.3577484339, -23.9311169311], [151.3570612893, -23.9304499626], [151.3576452062, -23.9279789254], [151.3568092659, -23.9276881889]]}