{"name": "Bray Park", "key": "bray-park", "pops": 10246, "cr": 8, "bounds": [152.9505045861, -27.3046111986, 152.9854952618, -27.2830063403], "crime": {"total": 381, "Other Property Damage": 51, "Fraud": 20, "Other Theft (excl. Unlawful Entry)": 127, "Unlawful Use of Motor Vehicle": 20, "Unlawful Entry": 49, "Weapons Act Offences": 6, "Other Offences Against the Person": 9, "Assault": 45, "Drug Offences": 22, "Miscellaneous Offences": 4, "Trespassing and Vagrancy": 4, "Good Order Offences": 9, "Traffic and Related Offences": 12, "Robbery": 1, "Arson": 1, "Handling Stolen Goods": 1}, "borders": [{"name": "Joyner", "key": "joyner", "cr": 6}, {"name": "Lawnton", "key": "lawnton", "cr": 23}, {"name": "Strathpine", "key": "strathpine", "cr": 16}, {"name": "Warner", "key": "warner", "cr": 6}], "polygon": [[152.9850921109, -27.2965072617], [152.9826413468, -27.2878668383], [152.9505045861, -27.2830063403], [152.9541896954, -27.2926297784], [152.95793055, -27.295928672], [152.9618961066, -27.3029755279], [152.9642509073, -27.3044938669], [152.9653629139, -27.3041639924], [152.964614071, -27.3028629422], [152.966484867, -27.303114213], [152.9676253051, -27.3021099493], [152.9675439671, -27.3005205169], [152.9687393978, -27.2996651903], [152.9688192829, -27.2983487174], [152.9716120064, -27.2975213006], [152.9724606201, -27.2990868688], [152.9742564932, -27.2978925705], [152.9751034603, -27.2991551831], [152.9763610139, -27.2984093502], [152.977988869, -27.2994559035], [152.9794362336, -27.298462458], [152.9804636165, -27.2991357595], [152.9812460691, -27.2983683795], [152.9825177714, -27.2985049114], [152.9831184819, -27.2969515845], [152.9854799211, -27.2974873409], [152.9850921109, -27.2965072617]]}