{"name": "Brighton", "key": "brighton", "pops": 9479, "cr": 6, "bounds": [153.0436726511, -27.3138741776, 153.0706405193, -27.2786680534], "crime": {"total": 246, "Traffic and Related Offences": 24, "Fraud": 7, "Unlawful Entry": 31, "Other Theft (excl. Unlawful Entry)": 48, "Drug Offences": 46, "Unlawful Use of Motor Vehicle": 9, "Trespassing and Vagrancy": 6, "Robbery": 1, "Assault": 12, "Good Order Offences": 14, "Weapons Act Offences": 4, "Other Property Damage": 28, "Other Offences Against the Person": 8, "Arson": 1, "Handling Stolen Goods": 6, "Miscellaneous Offences": 1}, "borders": [{"name": "Bald Hills", "key": "bald-hills", "cr": 10}, {"name": "Bracken Ridge", "key": "bracken-ridge", "cr": 7}, {"name": "Griffin", "key": "griffin", "cr": 12}, {"name": "Sandgate", "key": "sandgate", "cr": 9}], "polygon": [[153.0706405193, -27.3064988181], [153.0693422481, -27.2994351685], [153.0689895675, -27.2883593813], [153.0668554083, -27.2815602645], [153.0495804176, -27.2786680534], [153.0475398153, -27.2842596322], [153.0472491533, -27.2892225012], [153.0481753647, -27.2946907952], [153.0436726511, -27.3014535233], [153.0447268635, -27.3018119931], [153.0438983738, -27.3055159822], [153.0465993583, -27.3119807094], [153.0498462617, -27.3116526678], [153.0586409569, -27.3138741776], [153.0583123937, -27.3119302019], [153.0638400316, -27.3073507026], [153.0706405193, -27.3064988181]]}