{"name": "Broadbeach", "key": "broadbeach", "pops": 5514, "cr": 45, "bounds": [153.4239835292, -28.0386533663, 153.436892055, -28.0177447945], "crime": {"total": 1656, "Good Order Offences": 160, "Fraud": 80, "Other Theft (excl. Unlawful Entry)": 396, "Unlawful Use of Motor Vehicle": 43, "Liquor (excl. Drunkenness)": 38, "Miscellaneous Offences": 174, "Other Property Damage": 90, "Unlawful Entry": 74, "Assault": 144, "Drug Offences": 270, "Traffic and Related Offences": 98, "Weapons Act Offences": 26, "Handling Stolen Goods": 31, "Robbery": 16, "Other Offences Against the Person": 7, "Trespassing and Vagrancy": 6, "Arson": 3}, "borders": [{"name": "Broadbeach Waters", "key": "broadbeach-waters", "cr": 27}, {"name": "Mermaid Beach", "key": "mermaid-beach", "cr": 22}, {"name": "Mermaid Waters", "key": "mermaid-waters", "cr": 14}, {"name": "Surfers Paradise", "key": "surfers-paradise", "cr": 42}], "polygon": [[153.4271678701, -28.0184638649], [153.4260955229, -28.0177447945], [153.4239835292, -28.0190136507], [153.4247254878, -28.0194532126], [153.4256366491, -28.0186715648], [153.4277361706, -28.0207196921], [153.4269182459, -28.0226227418], [153.4286065623, -28.0256218463], [153.4270452783, -28.0271284133], [153.427667737, -28.028976284], [153.4273516908, -28.0331727192], [153.4303270951, -28.0351491198], [153.4306258932, -28.0385567024], [153.431147851, -28.0386533663], [153.4313813597, -28.0362781063], [153.4356205091, -28.0356780589], [153.4360120893, -28.03698387], [153.436892055, -28.037116535], [153.4337860569, -28.0190496817], [153.4271678701, -28.0184638649]]}