{"name": "Buddina", "key": "buddina", "pops": 3885, "cr": 17, "bounds": [153.1263424456, -26.7091809139, 153.1389827654, -26.678448014], "crime": {"total": 405, "Other Property Damage": 38, "Unlawful Entry": 24, "Fraud": 34, "Other Theft (excl. Unlawful Entry)": 155, "Drug Offences": 27, "Trespassing and Vagrancy": 28, "Other Offences Against the Person": 3, "Good Order Offences": 21, "Assault": 31, "Unlawful Use of Motor Vehicle": 8, "Traffic and Related Offences": 23, "Handling Stolen Goods": 4, "Weapons Act Offences": 6, "Robbery": 2, "Liquor (excl. Drunkenness)": 1}, "borders": [{"name": "Minyama", "key": "minyama", "cr": 9}, {"name": "Mooloolaba", "key": "mooloolaba", "cr": 12}, {"name": "Parrearra", "key": "parrearra", "cr": 6}, {"name": "Warana", "key": "warana", "cr": 11}], "polygon": [[153.1323413551, -26.678448014], [153.1321712658, -26.6791785434], [153.1356204972, -26.6819549277], [153.1350640208, -26.6848246232], [153.1325743645, -26.6869440228], [153.127596274, -26.6871865764], [153.1274765506, -26.6910230517], [153.1292594597, -26.6956812963], [153.1281788275, -26.6985401511], [153.1268732473, -26.6992522925], [153.1269848123, -26.7009129748], [153.1263424456, -26.7014388517], [153.1296165213, -26.7048461065], [153.1301234588, -26.708925724], [153.1353402808, -26.7091809139], [153.1366460025, -26.68759951], [153.137448892, -26.6821079925], [153.1389827654, -26.6795788482], [153.1355773583, -26.6795774624], [153.13460619, -26.6804732233], [153.1323413551, -26.678448014]]}