{"name": "Bundaberg Central", "key": "bundaberg-central", "pops": 316, "cr": 100, "bounds": [152.3441060632, -24.8740678355, 152.3596357256, -24.8612882271], "crime": {"total": 1075, "Good Order Offences": 206, "Other Property Damage": 92, "Liquor (excl. Drunkenness)": 17, "Drug Offences": 65, "Traffic and Related Offences": 129, "Miscellaneous Offences": 5, "Other Theft (excl. Unlawful Entry)": 288, "Robbery": 2, "Unlawful Entry": 36, "Assault": 72, "Weapons Act Offences": 11, "Arson": 1, "Fraud": 115, "Trespassing and Vagrancy": 25, "Other Offences Against the Person": 4, "Unlawful Use of Motor Vehicle": 5, "Handling Stolen Goods": 2}, "borders": [{"name": "Bundaberg West", "key": "bundaberg-west", "cr": 38}, {"name": "Bundaberg East", "key": "bundaberg-east", "cr": 29}, {"name": "Bundaberg North", "key": "bundaberg-north", "cr": 17}, {"name": "Bundaberg South", "key": "bundaberg-south", "cr": 35}], "polygon": [[152.3579734564, -24.8646395728], [152.3558422625, -24.8612882271], [152.3441843316, -24.8639802933], [152.3469288945, -24.8740678355], [152.3522326276, -24.8725619912], [152.3520971388, -24.871449694], [152.3529087082, -24.8712470978], [152.3543860465, -24.8686362803], [152.3590559065, -24.8665524796], [152.3596292287, -24.8649676815], [152.3579734564, -24.8646395728]]}