{"name": "Burketown", "key": "burketown", "pops": 238, "cr": 29, "bounds": [139.3543426692, -18.0898980722, 139.8368313164, -17.5538295135], "crime": {"total": 27, "Traffic and Related Offences": 11, "Other Property Damage": 1, "Weapons Act Offences": 1, "Drug Offences": 1, "Good Order Offences": 4, "Other Theft (excl. Unlawful Entry)": 2, "Arson": 1, "Unlawful Use of Motor Vehicle": 2, "Assault": 3, "Unlawful Entry": 1}, "borders": [{"name": "Carpentaria", "key": "carpentaria", "cr": 0}, {"name": "Gregory", "key": "gregory", "cr": 52}], "polygon": [[139.7354578525, -17.5634974912], [139.7309967428, -17.5573584512], [139.7286477312, -17.5571827739], [139.7244873419, -17.5538295135], [139.7229253426, -17.5562115163], [139.6279292405, -17.6357481852], [139.6240484118, -17.6894224361], [139.5058487877, -17.6815408021], [139.4941835031, -17.7183381394], [139.4717235118, -17.7445246354], [139.4544729441, -17.7662151083], [139.4216670245, -17.8097417131], [139.441179581, -17.8289651051], [139.435508132, -17.8396616727], [139.4317630604, -17.8427008092], [139.4256192073, -17.8435721248], [139.416715838, -17.8495122045], [139.4105982408, -17.8551110327], [139.4064251631, -17.8620400205], [139.4006585777, -17.8659767658], [139.3995403051, -17.8683358207], [139.3962656185, -17.8712579682], [139.3958980367, -17.8746079803], [139.3972528726, -17.8787801266], [139.3960815221, -17.8823659196], [139.3967542201, -17.8844403103], [139.3942703307, -17.8863125294], [139.3947632387, -17.8882127628], [139.3940642253, -17.8908732608], [139.3897684216, -17.8946755826], [139.3893343732, -17.9006912783], [139.3880536407, -17.9023369849], [139.388722159, -17.903069675], [139.3910067677, -17.9024018198], [139.3904745802, -17.9052656591], [139.3854407743, -17.9066378847], [139.3816026598, -17.911090143], [139.3800821826, -17.9112390801], [139.3798455223, -17.9140649512], [139.3755879328, -17.9167300314], [139.373618111, -17.9189648554], [139.3714219034, -17.9222641736], [139.3723874241, -17.9249678776], [139.3687009737, -17.9287878722], [139.3649448007, -17.9368135408], [139.3649767563, -17.9400722384], [139.3621357083, -17.9427735433], [139.3575669006, -17.9515919611], [139.35516949, -17.9531416222], [139.354513742, -17.9571235552], [139.5536714047, -17.9734848142], [139.5459955707, -18.0589349568], [139.5929667205, -18.0785134211], [139.7463036329, -18.0898980722], [139.8368313164, -18.0846302882], [139.829060711, -18.0787632167], [139.8232268989, -18.0725430623], [139.8149400949, -18.0575078204], [139.8144671693, -18.0508961529], [139.8186073229, -18.0339577943], [139.8193302602, -18.0197197348], [139.8192954659, -18.0138528869], [139.8178470656, -18.0039485246], [139.8132685497, -17.9926820397], [139.8158172369, -17.9815651402], [139.8154253885, -17.9794069305], [139.812387459, -17.9753241092], [139.7894261852, -17.9577590525], [139.7846791595, -17.9553615451], [139.7779253125, -17.9548597187], [139.7753858715, -17.9536421299], [139.7743260562, -17.9520451054], [139.7746416479, -17.9491137937], [139.7781999633, -17.9417499527], [139.7827986628, -17.9387748241], [139.7874827012, -17.9395109341], [139.7893567458, -17.9408302382], [139.792458795, -17.9461860582], [139.7959143817, -17.9484339952], [139.8041480631, -17.9484848678], [139.8118413836, -17.9465176314], [139.8162738904, -17.9407133609], [139.8175966442, -17.9361270294], [139.8173172399, -17.9337221161], [139.814094916, -17.9297089055], [139.8063048869, -17.924183324], [139.8008862883, -17.917435132], [139.7935694531, -17.9130429104], [139.7858406752, -17.9095667452], [139.7805667967, -17.9088269398], [139.7746452838, -17.9110162333], [139.7648272365, -17.9214504063], [139.7617956847, -17.9220672697], [139.758772485, -17.9214825481], [139.7549504861, -17.9189842567], [139.7526061907, -17.9163540155], [139.750863485, -17.912172623], [139.7526223361, -17.9034900591], [139.7549488693, -17.8980624601], [139.7566714063, -17.8945393786], [139.7673855945, -17.8824501708], [139.7720831633, -17.8756236508], [139.7733136564, -17.8684218004], [139.7712149173, -17.8623299003], [139.7673298642, -17.8584178612], [139.7619552016, -17.8564753979], [139.755908072, -17.8557301164], [139.7494413853, -17.851659894], [139.7463624477, -17.8486715034], [139.7449082136, -17.8455521464], [139.7446348146, -17.8424403816], [139.7474054322, -17.8367329389], [139.7531158552, -17.8327405974], [139.7587385178, -17.830726631], [139.76171083, -17.8277768344], [139.7632115781, -17.8241815343], [139.7633277848, -17.8180328906], [139.761005573, -17.8123635948], [139.7521136999, -17.8070765436], [139.7518411726, -17.8038234189], [139.7598776743, -17.7940496579], [139.7630648166, -17.7919493541], [139.7709756345, -17.7895959765], [139.7737184539, -17.7877047434], [139.7753584236, -17.7852411047], [139.7771689892, -17.7793857232], [139.7835810035, -17.7694593221], [139.7846625, -17.7622563392], [139.7820992917, -17.759483777], [139.7743904293, -17.7540638074], [139.7730028927, -17.7520053163], [139.7734140754, -17.7457877621], [139.7752979696, -17.7399328277], [139.7770174295, -17.7365507483], [139.7836399749, -17.7279685289], [139.7860100865, -17.7264988422], [139.796859324, -17.7254346758], [139.7986388057, -17.7240319028], [139.7994632497, -17.7220577896], [139.7981001213, -17.7163240537], [139.7958318293, -17.7136241794], [139.7935532033, -17.7124792486], [139.7890551016, -17.7123808935], [139.7846102789, -17.7153221592], [139.7822489068, -17.7155195847], [139.7772517502, -17.7128732577], [139.7762351036, -17.710534364], [139.7764022425, -17.7076373845], [139.7792939022, -17.6944375262], [139.780787766, -17.6916194484], [139.7827891856, -17.6900767908], [139.787957944, -17.6890484616], [139.7920825332, -17.6897806674], [139.795687221, -17.6910750866], [139.798106961, -17.6931397244], [139.8003642559, -17.6974652484], [139.8042444736, -17.7017299384], [139.8063750863, -17.7029445171], [139.8096179515, -17.7032469213], [139.8126465678, -17.7024877146], [139.8153899238, -17.7002423629], [139.8169551939, -17.6977071539], [139.8174513206, -17.6895107254], [139.8167366087, -17.6860428825], [139.8148389012, -17.6830627099], [139.807861492, -17.6788501814], [139.8041827455, -17.6776262224], [139.7957771569, -17.6775749698], [139.7894564569, -17.6744967848], [139.78655909, -17.6715594754], [139.7860064507, -17.6690673456], [139.7871677577, -17.6660122573], [139.7916510403, -17.6608996019], [139.7921197414, -17.6590432525], [139.7911055088, -17.6571778059], [139.789288424, -17.6559636146], [139.7803946659, -17.6553619206], [139.7755229697, -17.6504102498], [139.7753221914, -17.6463624611], [139.7764738947, -17.6447291225], [139.7792180255, -17.6437618434], [139.7892591432, -17.6432769373], [139.7976081669, -17.639937669], [139.8003434464, -17.6402824298], [139.807152532, -17.6455733627], [139.8090873063, -17.6462412626], [139.811712943, -17.6459290087], [139.8145767301, -17.6440870091], [139.8186145648, -17.6371117383], [139.8192425519, -17.6282567233], [139.8185663521, -17.6235055849], [139.8173303083, -17.6197944134], [139.81207221, -17.6129830405], [139.8038631976, -17.6081498861], [139.7947341353, -17.6045169905], [139.7901388258, -17.5994414389], [139.7896627337, -17.5947559327], [139.793790102, -17.5794250742], [139.7916118875, -17.5797793642], [139.7887291461, -17.5769788995], [139.7850707099, -17.5750823095], [139.7749474719, -17.5738748387], [139.7585479319, -17.5762429833], [139.7562167421, -17.5780807808], [139.7521266192, -17.5774286985], [139.7540452704, -17.5713725016], [139.7521808222, -17.5671402514], [139.7502287477, -17.5670023039], [139.7477649376, -17.569630608], [139.7456537485, -17.5684009343], [139.743908532, -17.5703656301], [139.7428301498, -17.5705529302], [139.7428708449, -17.5690542385], [139.7405700013, -17.5661701709], [139.7374105528, -17.563546136], [139.7354578525, -17.5634974912]]}