{"name": "Burpengary", "key": "burpengary", "pops": 14022, "cr": 13, "bounds": [152.9175077826, -27.1863335818, 152.9842299819, -27.1244382411], "crime": {"total": 929, "Other Theft (excl. Unlawful Entry)": 227, "Other Offences Against the Person": 10, "Unlawful Use of Motor Vehicle": 40, "Other Property Damage": 110, "Weapons Act Offences": 24, "Unlawful Entry": 87, "Good Order Offences": 67, "Assault": 78, "Drug Offences": 123, "Trespassing and Vagrancy": 13, "Traffic and Related Offences": 95, "Miscellaneous Offences": 5, "Fraud": 34, "Handling Stolen Goods": 8, "Homicide (Murder)": 1, "Robbery": 5, "Arson": 2}, "borders": [{"name": "Burpengary East", "key": "burpengary-east", "cr": 15}, {"name": "Deception Bay", "key": "deception-bay", "cr": 17}, {"name": "Morayfield", "key": "morayfield", "cr": 19}, {"name": "Narangba", "key": "narangba", "cr": 10}], "polygon": [[152.9660941213, -27.1256518289], [152.9582504109, -27.1246765479], [152.9608332664, -27.133903347], [152.9596341252, -27.1427594423], [152.9450987279, -27.1406420171], [152.9428872243, -27.1525131986], [152.935714215, -27.1509631053], [152.9317400455, -27.1533107087], [152.9248977527, -27.1539077908], [152.9227443784, -27.1599425822], [152.9175595865, -27.1697141081], [152.9180008918, -27.171836935], [152.9220135659, -27.1753613651], [152.9264772534, -27.1742555201], [152.9273011088, -27.1748757139], [152.9284962192, -27.1720550209], [152.9316465631, -27.170298554], [152.9318639114, -27.1683611497], [152.9352931306, -27.1647503749], [152.9392180219, -27.164942801], [152.9394567385, -27.1643148139], [152.9405432492, -27.1647126749], [152.9423703104, -27.1638828516], [152.9507852048, -27.1675470993], [152.9494710937, -27.1684886068], [152.951963827, -27.1687919945], [152.9547167271, -27.1672776416], [152.9562640116, -27.1674829721], [152.9541672096, -27.1714439914], [152.9523596764, -27.1808197796], [152.9524541646, -27.1825508252], [152.9537007585, -27.1834340468], [152.9646822363, -27.1854906976], [152.9651248232, -27.1836495921], [152.9834128693, -27.1863335818], [152.9829375669, -27.1808338463], [152.9842299819, -27.180326961], [152.9776327908, -27.1557252854], [152.9782998562, -27.1448562369], [152.977404967, -27.1270562857], [152.9660941213, -27.1256518289]]}