{"name": "Burpengary East", "key": "burpengary-east", "pops": 6433, "cr": 15, "bounds": [152.9749825969, -27.1733237207, 153.0430105627, -27.1081929877], "crime": {"total": 530, "Drug Offences": 89, "Other Theft (excl. Unlawful Entry)": 161, "Unlawful Entry": 36, "Other Property Damage": 18, "Assault": 24, "Traffic and Related Offences": 109, "Good Order Offences": 25, "Handling Stolen Goods": 3, "Fraud": 15, "Other Offences Against the Person": 6, "Unlawful Use of Motor Vehicle": 26, "Arson": 4, "Weapons Act Offences": 10, "Miscellaneous Offences": 2, "Trespassing and Vagrancy": 2}, "borders": [{"name": "Beachmere", "key": "beachmere", "cr": 12}, {"name": "Burpengary", "key": "burpengary", "cr": 13}, {"name": "Deception Bay", "key": "deception-bay", "cr": 17}, {"name": "Morayfield", "key": "morayfield", "cr": 19}], "polygon": [[153.0187284276, -27.1126507744], [153.0195045918, -27.1109529883], [153.0187204257, -27.1096371561], [153.0146146193, -27.1081929877], [153.0128067955, -27.1095721498], [153.0124259591, -27.1135516465], [153.0096119866, -27.1121400073], [153.0085498393, -27.1125116646], [153.0096095949, -27.1150160804], [153.0084755644, -27.1161536723], [153.0033888519, -27.1152670458], [153.0026342422, -27.1137668937], [152.9981141835, -27.1161926389], [152.9928716347, -27.1143802851], [152.9917950928, -27.1147689819], [152.9908930585, -27.1134430915], [152.9876621068, -27.1129849553], [152.9846940711, -27.1146396324], [152.9829483926, -27.1213337332], [152.9751679823, -27.1202605218], [152.9749825969, -27.1208304986], [152.977113314, -27.1217812374], [152.9782998562, -27.1448562369], [152.9777556807, -27.1569164172], [152.9817825779, -27.1717641652], [152.9944535047, -27.1733237207], [152.9948243126, -27.170901686], [152.9984865561, -27.1714390889], [152.9992924258, -27.1667881608], [153.0023648888, -27.1646874249], [153.0045763105, -27.1642937362], [153.0052265078, -27.1606113613], [153.0165221095, -27.1621211097], [153.0190589428, -27.1638046056], [153.0214374661, -27.1631154492], [153.0216044113, -27.1618951485], [153.0247194543, -27.1626464799], [153.0250183269, -27.1612844467], [153.0268705413, -27.1614140049], [153.0288366824, -27.1596973538], [153.0287924483, -27.1587329507], [153.0324223861, -27.1546760947], [153.0342946649, -27.155239746], [153.0361550301, -27.1575459614], [153.0381017998, -27.1571267471], [153.0386442989, -27.1543245241], [153.0414922461, -27.1537873521], [153.0430105627, -27.1513689682], [153.0358433872, -27.1515579149], [153.0337263048, -27.1494228244], [153.0331963152, -27.1464568079], [153.0361033231, -27.1372017413], [153.0346458107, -27.1286596134], [153.0329923928, -27.1276515201], [153.0245414674, -27.1261784509], [153.0226503089, -27.1249966398], [153.0201129392, -27.121159777], [153.0198081434, -27.1158230528], [153.0187284276, -27.1126507744]]}