{"name": "Caboolture South", "key": "caboolture-south", "pops": 5300, "cr": 31, "bounds": [152.929108806, -27.1025753096, 152.9686827064, -27.0864809528], "crime": {"total": 777, "Assault": 65, "Other Theft (excl. Unlawful Entry)": 232, "Drug Offences": 88, "Traffic and Related Offences": 48, "Other Property Damage": 70, "Unlawful Entry": 92, "Good Order Offences": 39, "Trespassing and Vagrancy": 6, "Handling Stolen Goods": 15, "Other Offences Against the Person": 17, "Unlawful Use of Motor Vehicle": 34, "Fraud": 42, "Liquor (excl. Drunkenness)": 2, "Miscellaneous Offences": 8, "Weapons Act Offences": 12, "Robbery": 5, "Arson": 2}, "borders": [{"name": "Bellmere", "key": "bellmere", "cr": 12}, {"name": "Caboolture", "key": "caboolture", "cr": 25}, {"name": "Morayfield", "key": "morayfield", "cr": 19}], "polygon": [[152.9675579891, -27.0909582227], [152.9619249552, -27.0888322368], [152.9589393288, -27.0867939815], [152.9552266449, -27.0865444615], [152.9527604058, -27.0889900029], [152.9476844147, -27.0911926106], [152.9408731833, -27.086771898], [152.9352496564, -27.0866657048], [152.9327132851, -27.0882569999], [152.9326738268, -27.0906571001], [152.9310070947, -27.092032589], [152.9304544851, -27.0961535349], [152.929108806, -27.0976814777], [152.9324033111, -27.0982227772], [152.9327358827, -27.0993112177], [152.9352977946, -27.0990547836], [152.9351166114, -27.1000622436], [152.9380929396, -27.0997022465], [152.9416821003, -27.1007212549], [152.9452067837, -27.1006079167], [152.9453176036, -27.0999851301], [152.9471204877, -27.1002426445], [152.9469187036, -27.1013783216], [152.9480402395, -27.1015428305], [152.9486435726, -27.0997093469], [152.9496188313, -27.0998480618], [152.950046815, -27.0974197462], [152.9597783387, -27.0987680405], [152.9591980428, -27.1009241194], [152.9574553072, -27.1018099785], [152.962943472, -27.1025753096], [152.9635900557, -27.0989413559], [152.9657901973, -27.0990242139], [152.9654806405, -27.1001305208], [152.9680578336, -27.0982936099], [152.9682671055, -27.0966654792], [152.9673535228, -27.096569173], [152.968595013, -27.0946941003], [152.968047291, -27.0940470472], [152.9686827064, -27.0926577672], [152.9675579891, -27.0909582227]]}