{"name": "Camooweal", "key": "camooweal", "pops": 208, "cr": 47, "bounds": [137.9959373027, -20.2312314883, 139.205283761, -19.1812522411], "crime": {"total": 40, "Traffic and Related Offences": 16, "Good Order Offences": 4, "Other Theft (excl. Unlawful Entry)": 4, "Miscellaneous Offences": 1, "Unlawful Entry": 3, "Assault": 7, "Weapons Act Offences": 1, "Trespassing and Vagrancy": 1, "Other Property Damage": 3}, "borders": [{"name": "Barkly", "key": "barkly", "cr": 10}, {"name": "Gunpowder", "key": "gunpowder", "cr": 13}, {"name": "Lawn Hill - Mount Isa", "key": "lawn-hill-mount-isa", "cr": 1}], "polygon": [[139.205283761, -19.2697711885], [139.1938951537, -19.2690360099], [139.0574627966, -19.2498729005], [139.0586374328, -19.2336521894], [138.9466962442, -19.2263053209], [138.9499870762, -19.1812522411], [138.8977097422, -19.181295909], [138.6212642938, -19.1903015822], [138.6042849869, -19.3657294959], [138.5101293772, -19.2475996464], [138.3253567666, -19.3846574053], [138.2804484442, -19.3166086674], [138.2611329183, -19.3100336269], [138.2530351356, -19.2810779884], [138.2422281578, -19.2573267892], [138.2395264283, -19.2371074483], [138.2408522144, -19.2254387215], [138.1729992926, -19.2272020727], [138.165742293, -19.2202644423], [138.1651700735, -19.2171461284], [138.1301979721, -19.2136898264], [137.9959677681, -19.2037278339], [137.9965243787, -20.2242723033], [138.0795471817, -20.2312314883], [138.1176976934, -20.200667344], [138.2223404124, -20.2071457282], [138.2274760082, -20.1569545716], [138.2346117049, -20.1564262062], [138.2394686863, -20.0983039588], [138.2403111607, -20.0979795903], [138.249932982, -19.9671363384], [138.437133491, -19.960829936], [138.4727655053, -19.9730933458], [138.4855430871, -19.9740594104], [138.4936875626, -19.9843259975], [138.5059880316, -19.9756032601], [138.5439804345, -19.9779861793], [138.6283821091, -19.981471248], [138.6981437579, -19.9861397445], [138.6679166406, -19.9532151893], [138.7641433552, -19.9597393274], [138.776721783, -19.7904025689], [138.9928551093, -19.8046705499], [138.9900418073, -19.6607289538], [139.1338126585, -19.6757247299], [139.1433394253, -19.5232356861], [139.1901260465, -19.5237209648], [139.1954635754, -19.4208123386], [139.205283761, -19.2697711885]]}