{"name": "Campwin Beach", "key": "campwin-beach", "pops": 517, "cr": 15, "bounds": [149.2985584065, -21.3863791153, 149.3180464059, -21.3692638129], "crime": {"total": 37, "Other Theft (excl. Unlawful Entry)": 10, "Unlawful Use of Motor Vehicle": 1, "Unlawful Entry": 7, "Trespassing and Vagrancy": 3, "Drug Offences": 9, "Miscellaneous Offences": 1, "Good Order Offences": 1, "Assault": 1, "Other Property Damage": 1, "Handling Stolen Goods": 3}, "borders": [{"name": "Coral Sea - Mackay", "key": "coral-sea-mackay", "cr": 20}, {"name": "Grasstree Beach", "key": "grasstree-beach", "cr": 12}, {"name": "Sarina Beach", "key": "sarina-beach", "cr": 8}], "polygon": [[149.3162745982, -21.3763819411], [149.3165326416, -21.37316183], [149.3180464059, -21.3719797581], [149.3173125237, -21.3712119907], [149.3175104335, -21.3692638129], [149.3138980791, -21.3723390102], [149.3121803552, -21.3724219203], [149.3112746179, -21.3758734241], [149.3093810976, -21.3764181659], [149.3065171987, -21.3758483604], [149.3047604412, -21.3745989278], [149.3014912233, -21.3744205907], [149.2990037501, -21.3753066361], [149.2985584065, -21.3774192482], [149.2995389476, -21.3791719675], [149.3022175655, -21.380807206], [149.3002275229, -21.3823708519], [149.3029605821, -21.3863791153], [149.3058897033, -21.3839322031], [149.3099016994, -21.3842884824], [149.3139368668, -21.3831165507], [149.3159728199, -21.3795374483], [149.3162745982, -21.3763819411]]}