{"name": "Cannonvale", "key": "cannonvale", "pops": 5716, "cr": 22, "bounds": [148.6702505574, -20.3009896204, 148.710226059, -20.2627279088], "crime": {"total": 729, "Other Theft (excl. Unlawful Entry)": 117, "Other Property Damage": 37, "Assault": 52, "Weapons Act Offences": 15, "Traffic and Related Offences": 125, "Drug Offences": 145, "Handling Stolen Goods": 12, "Good Order Offences": 113, "Fraud": 23, "Unlawful Use of Motor Vehicle": 20, "Unlawful Entry": 39, "Liquor (excl. Drunkenness)": 5, "Other Offences Against the Person": 9, "Trespassing and Vagrancy": 9, "Miscellaneous Offences": 4, "Robbery": 3, "Prostitution Offences": 1}, "borders": [{"name": "Airlie Beach", "key": "airlie-beach", "cr": 88}, {"name": "Cannon Valley", "key": "cannon-valley", "cr": 5}, {"name": "Whitsundays", "key": "whitsundays", "cr": 3}, {"name": "Woodwark", "key": "woodwark", "cr": 4}], "polygon": [[148.7087720409, -20.2649064139], [148.7099568024, -20.2633812129], [148.7096089646, -20.2627279088], [148.6956515834, -20.2649960816], [148.6941401437, -20.2708436921], [148.691470176, -20.2717061415], [148.6908151731, -20.2727570385], [148.6903043166, -20.2752381638], [148.6908887476, -20.2774017379], [148.6895044819, -20.2792023495], [148.6844528317, -20.2788491547], [148.6830560267, -20.2812474221], [148.6783541515, -20.2835277393], [148.6731478944, -20.282420665], [148.6719865873, -20.2808537483], [148.6710730791, -20.2810586244], [148.6702746823, -20.2821865231], [148.6716579944, -20.2832523882], [148.6714407653, -20.2852907851], [148.6725550294, -20.2870168239], [148.6706715301, -20.2900826856], [148.6720471904, -20.2930497453], [148.6715714633, -20.2944642007], [148.6736113131, -20.2946929708], [148.6706112176, -20.2983061969], [148.6710306928, -20.2991981059], [148.6888445616, -20.3009896204], [148.6894176751, -20.2964785174], [148.693059206, -20.2968921214], [148.6945507452, -20.2851071507], [148.7048442066, -20.2863084152], [148.7059012726, -20.2779654041], [148.7080452293, -20.2782003433], [148.7092103884, -20.2697366849], [148.710226059, -20.2695198655], [148.7066074014, -20.2673740834], [148.7069809586, -20.2660458535], [148.7087720409, -20.2649064139]]}