{"name": "Caravonica", "key": "caravonica", "pops": 1989, "cr": 12, "bounds": [145.672058709, -16.8719982877, 145.6957249343, -16.8490405306], "crime": {"total": 83, "Assault": 13, "Unlawful Use of Motor Vehicle": 10, "Unlawful Entry": 16, "Traffic and Related Offences": 6, "Weapons Act Offences": 3, "Drug Offences": 14, "Trespassing and Vagrancy": 1, "Handling Stolen Goods": 1, "Other Property Damage": 5, "Other Theft (excl. Unlawful Entry)": 7, "Arson": 2, "Fraud": 1, "Good Order Offences": 3, "Other Offences Against the Person": 1}, "borders": [{"name": "Barron", "key": "barron", "cr": 80}, {"name": "Kamerunga", "key": "kamerunga", "cr": 6}, {"name": "Smithfield", "key": "smithfield", "cr": 26}], "polygon": [[145.6857601702, -16.8517837599], [145.6794955954, -16.8496311456], [145.674293533, -16.8490405306], [145.672058709, -16.8683034405], [145.6726756617, -16.8690911606], [145.6734786704, -16.8687677532], [145.6793121397, -16.8713278398], [145.6858936921, -16.8719982877], [145.6870841756, -16.8687260374], [145.6918651834, -16.8642213494], [145.6948618218, -16.8575738817], [145.6957249343, -16.8513888791], [145.6881264895, -16.8505398929], [145.6877878383, -16.8530664518], [145.6857601702, -16.8517837599]]}