{"name": "Cardwell", "key": "cardwell", "pops": 1309, "cr": 24, "bounds": [145.9580450878, -18.3004642129, 146.0747443736, -18.2408236116], "crime": {"total": 148, "Other Theft (excl. Unlawful Entry)": 30, "Unlawful Entry": 9, "Other Property Damage": 11, "Traffic and Related Offences": 26, "Unlawful Use of Motor Vehicle": 7, "Other Offences Against the Person": 5, "Assault": 21, "Good Order Offences": 14, "Drug Offences": 14, "Fraud": 5, "Handling Stolen Goods": 2, "Weapons Act Offences": 2, "Trespassing and Vagrancy": 2}, "borders": [{"name": "Carruchan", "key": "carruchan", "cr": 7}, {"name": "Damper Creek", "key": "damper-creek", "cr": 47}, {"name": "Ellerbeck", "key": "ellerbeck", "cr": 12}], "polygon": [[146.0156262144, -18.2408694476], [146.0114593655, -18.2420896739], [146.007936649, -18.2461847067], [146.0035535693, -18.2561631873], [146.0016562939, -18.2553864494], [145.9905613586, -18.2457717732], [145.9892319292, -18.2587445676], [145.9911254272, -18.2589192316], [145.9909243211, -18.260909304], [145.9929354265, -18.2612773478], [145.992568247, -18.2649111301], [145.989446789, -18.2646232024], [145.9865237847, -18.2610320523], [145.9869309068, -18.2589347512], [145.9846367091, -18.254612416], [145.9833347872, -18.2549388558], [145.9824165776, -18.2642288059], [145.9714634567, -18.263152577], [145.9719208702, -18.2585363761], [145.9687898606, -18.2619844824], [145.9698438644, -18.2630029023], [145.9696923494, -18.2662301809], [145.9678167775, -18.2697013542], [145.9682038277, -18.2714757249], [145.9667421654, -18.2721640915], [145.9635346234, -18.2767673358], [145.9601473808, -18.2781414539], [145.9591554478, -18.2778195739], [145.9580450878, -18.2790295705], [145.9795605019, -18.2885881141], [145.9936694354, -18.2911922634], [146.0176892728, -18.2984542325], [146.0212964118, -18.2964312434], [146.0299267694, -18.2964448184], [146.0334103182, -18.3004642129], [146.0349515006, -18.3004176021], [146.0444844067, -18.2925212681], [146.0437038168, -18.2860546336], [146.0495341122, -18.2959233969], [146.0541591421, -18.2934740409], [146.0486013591, -18.2851805314], [146.049713783, -18.2845671028], [146.0747443736, -18.2831853405], [146.0415735096, -18.241593726], [146.0156262144, -18.2408694476]]}