{"name": "Centenary Heights", "key": "centenary-heights", "pops": 6063, "cr": 6, "bounds": [151.9521465674, -27.5961331427, 151.9713879526, -27.5763770938], "crime": {"total": 176, "Fraud": 5, "Handling Stolen Goods": 4, "Unlawful Entry": 24, "Drug Offences": 39, "Other Theft (excl. Unlawful Entry)": 43, "Other Offences Against the Person": 3, "Unlawful Use of Motor Vehicle": 15, "Robbery": 2, "Other Property Damage": 12, "Traffic and Related Offences": 9, "Assault": 13, "Good Order Offences": 3, "Weapons Act Offences": 2, "Trespassing and Vagrancy": 2}, "borders": [{"name": "Kearneys Spring", "key": "kearneys-spring", "cr": 16}, {"name": "Middle Ridge", "key": "middle-ridge", "cr": 10}, {"name": "Rangeville", "key": "rangeville", "cr": 10}, {"name": "South Toowoomba", "key": "south-toowoomba", "cr": 27}], "polygon": [[151.970874846, -27.5801113024], [151.9693335518, -27.5770628452], [151.9640804827, -27.5763770938], [151.9634100795, -27.5801883489], [151.9547336027, -27.5789645463], [151.9521465674, -27.5936874449], [151.9695216939, -27.5961331427], [151.9713856131, -27.585251905], [151.970874846, -27.5801113024]]}