{"name": "Chapel Hill", "key": "chapel-hill", "pops": 10113, "cr": 5, "bounds": [152.9358844459, -27.5169574097, 152.962068215, -27.4818962812], "crime": {"total": 175, "Drug Offences": 8, "Other Theft (excl. Unlawful Entry)": 27, "Good Order Offences": 5, "Unlawful Use of Motor Vehicle": 11, "Unlawful Entry": 49, "Other Property Damage": 16, "Traffic and Related Offences": 6, "Fraud": 41, "Assault": 7, "Miscellaneous Offences": 2, "Other Offences Against the Person": 3}, "borders": [{"name": "Fig Tree Pocket", "key": "fig-tree-pocket", "cr": 8}, {"name": "Indooroopilly", "key": "indooroopilly", "cr": 13}, {"name": "Kenmore", "key": "kenmore", "cr": 6}, {"name": "Kenmore Hills", "key": "kenmore-hills", "cr": 4}], "polygon": [[152.9443057254, -27.4909509197], [152.9450305253, -27.4868802726], [152.9433204979, -27.4866383225], [152.9437972009, -27.4826597795], [152.9380621538, -27.4818962812], [152.9363114685, -27.48362986], [152.9370408878, -27.4867279306], [152.9358844459, -27.4928254262], [152.9367516786, -27.4931748509], [152.9368414432, -27.4958034232], [152.9392479286, -27.4986683875], [152.9383020401, -27.4998545125], [152.93958655, -27.5014501512], [152.9392959923, -27.5031318814], [152.9409854934, -27.5038514882], [152.9419255927, -27.5066390187], [152.9453748539, -27.5053193495], [152.9461538568, -27.5070144013], [152.9471240491, -27.5066034943], [152.9471417591, -27.5057669282], [152.9505782053, -27.5062100515], [152.950182721, -27.50905817], [152.9518743232, -27.5114180893], [152.9499799311, -27.5137206763], [152.9503096491, -27.5157315731], [152.9544283524, -27.5169574097], [152.9547141418, -27.5154902562], [152.95578821, -27.5150473118], [152.9582178593, -27.510738492], [152.9578064755, -27.5079629496], [152.9604962394, -27.5066258907], [152.9600095898, -27.5061759502], [152.9618459791, -27.5043777823], [152.962068215, -27.500800319], [152.9596774057, -27.4987062588], [152.9594063759, -27.497545369], [152.9581619427, -27.4973731488], [152.9596831426, -27.4971430898], [152.9601586312, -27.4936655462], [152.9559434652, -27.4930550978], [152.9548924789, -27.4912482873], [152.9550921917, -27.4900947362], [152.9484848902, -27.489268899], [152.9475514814, -27.4942880273], [152.9438145384, -27.4937575012], [152.9443057254, -27.4909509197]]}