{"name": "Chelmer", "key": "chelmer", "pops": 2998, "cr": 10, "bounds": [152.9668036327, -27.5195195824, 152.988864556, -27.5052927285], "crime": {"total": 99, "Other Property Damage": 6, "Unlawful Use of Motor Vehicle": 11, "Unlawful Entry": 29, "Other Theft (excl. Unlawful Entry)": 25, "Fraud": 1, "Good Order Offences": 5, "Drug Offences": 10, "Robbery": 1, "Handling Stolen Goods": 3, "Trespassing and Vagrancy": 3, "Assault": 2, "Arson": 1, "Traffic and Related Offences": 1, "Other Offences Against the Person": 1}, "borders": [{"name": "Fig Tree Pocket", "key": "fig-tree-pocket", "cr": 8}, {"name": "Graceville", "key": "graceville", "cr": 8}, {"name": "Indooroopilly", "key": "indooroopilly", "cr": 13}], "polygon": [[152.9862237498, -27.5152703151], [152.9784812257, -27.5084380507], [152.9725876898, -27.505308263], [152.9709138721, -27.5056637302], [152.9692030326, -27.5076034293], [152.9668200165, -27.5136274993], [152.9679791555, -27.5188448578], [152.9708920196, -27.5195195824], [152.9701667428, -27.5175908729], [152.9739164338, -27.5181427822], [152.9747415856, -27.5178963393], [152.9746587574, -27.5164068863], [152.9804707468, -27.5172628835], [152.9801836014, -27.5162685886], [152.9814020395, -27.516073294], [152.9851318747, -27.5168330297], [152.9877476916, -27.5190518424], [152.988864556, -27.5181839392], [152.9862237498, -27.5152703151]]}