{"name": "Cleveland", "key": "cleveland", "pops": 14801, "cr": 11, "bounds": [153.2421794683, -27.5497200266, 153.2963318974, -27.5043461174], "crime": {"total": 1090, "Fraud": 25, "Good Order Offences": 231, "Other Theft (excl. Unlawful Entry)": 278, "Unlawful Entry": 72, "Traffic and Related Offences": 74, "Drug Offences": 147, "Unlawful Use of Motor Vehicle": 27, "Handling Stolen Goods": 8, "Trespassing and Vagrancy": 12, "Assault": 80, "Other Property Damage": 104, "Liquor (excl. Drunkenness)": 7, "Weapons Act Offences": 13, "Other Offences Against the Person": 5, "Robbery": 3, "Other Homicide": 1, "Miscellaneous Offences": 3}, "borders": [{"name": "Alexandra Hills", "key": "alexandra-hills", "cr": 8}, {"name": "Ormiston", "key": "ormiston", "cr": 5}, {"name": "Thornlands", "key": "thornlands", "cr": 4}], "polygon": [[153.2955465317, -27.5093967691], [153.2942729294, -27.5043475702], [153.288240619, -27.5043461174], [153.2844927832, -27.5084372833], [153.2805820033, -27.5106559172], [153.2735699043, -27.5105290785], [153.2695850134, -27.5083824769], [153.2637031823, -27.5176380947], [153.2651295736, -27.5218446702], [153.2642737925, -27.5227242112], [153.2641625926, -27.5239184946], [153.2648142874, -27.5240710452], [153.2468303442, -27.5237165317], [153.2471615523, -27.5247108638], [153.2462548614, -27.5259432122], [153.2483935356, -27.5275153965], [153.248064518, -27.5289543495], [153.2510517314, -27.5288783535], [153.2494377419, -27.5309092328], [153.2506656498, -27.5322883204], [153.2479634881, -27.5336505398], [153.2467557266, -27.5372438133], [153.243870087, -27.5388345569], [153.2454843, -27.540195927], [153.2458524629, -27.5426065996], [153.2447806448, -27.5448255613], [153.2429595217, -27.5454638228], [153.2421794683, -27.5468602031], [153.2609048337, -27.5479818508], [153.2609682828, -27.5470578298], [153.2633062452, -27.547183603], [153.263242811, -27.5481087863], [153.2849353924, -27.5497200266], [153.2872913852, -27.5462103412], [153.2847165465, -27.5401327386], [153.2898834646, -27.5337188318], [153.2900767773, -27.5218177512], [153.2963318974, -27.5125100911], [153.2955465317, -27.5093967691]]}