{"name": "Clifton Beach", "key": "clifton-beach", "pops": 3146, "cr": 7, "bounds": [145.6504929736, -16.7841862813, 145.688824974, -16.7566210777], "crime": {"total": 135, "Traffic and Related Offences": 18, "Drug Offences": 21, "Other Theft (excl. Unlawful Entry)": 47, "Unlawful Entry": 14, "Assault": 7, "Fraud": 6, "Other Offences Against the Person": 2, "Other Property Damage": 11, "Unlawful Use of Motor Vehicle": 2, "Miscellaneous Offences": 1, "Good Order Offences": 3, "Trespassing and Vagrancy": 3}, "borders": [{"name": "Palm Cove", "key": "palm-cove", "cr": 17}, {"name": "Coral Sea - Cairns", "key": "coral-sea-cairns", "cr": 0}, {"name": "Kewarra Beach", "key": "kewarra-beach", "cr": 7}], "polygon": [[145.6825621873, -16.7566210777], [145.6724648699, -16.7567418367], [145.6722378284, -16.7582568377], [145.671368964, -16.7585475817], [145.6710448265, -16.7577698529], [145.6679938287, -16.7601984292], [145.6652384475, -16.7612003013], [145.6626806781, -16.7566422448], [145.6504929736, -16.7664782032], [145.6654860526, -16.7841862813], [145.6729077771, -16.7782397121], [145.6734623238, -16.7788817361], [145.6748280153, -16.7777864933], [145.6734649539, -16.7830252126], [145.688824974, -16.7697514147], [145.6825621873, -16.7566210777]]}