{"name": "Collingwood Park", "key": "collingwood-park", "pops": 7104, "cr": 11, "bounds": [152.839938134, -27.6412888244, 152.8726961091, -27.6052405685], "crime": {"total": 373, "Other Theft (excl. Unlawful Entry)": 78, "Fraud": 22, "Assault": 28, "Other Offences Against the Person": 5, "Traffic and Related Offences": 53, "Other Property Damage": 38, "Drug Offences": 48, "Unlawful Use of Motor Vehicle": 25, "Good Order Offences": 24, "Handling Stolen Goods": 6, "Unlawful Entry": 31, "Miscellaneous Offences": 1, "Weapons Act Offences": 6, "Trespassing and Vagrancy": 6, "Robbery": 2}, "borders": [{"name": "Redbank", "key": "redbank", "cr": 58}, {"name": "Redbank Plains", "key": "redbank-plains", "cr": 18}, {"name": "Riverview", "key": "riverview", "cr": 31}], "polygon": [[152.8722640947, -27.6112326384], [152.8726961091, -27.6097669974], [152.8719686493, -27.6069043949], [152.8710801825, -27.6067776605], [152.8703928739, -27.6052405685], [152.8660142124, -27.6079679653], [152.8651025668, -27.6112798527], [152.8597575575, -27.6105240956], [152.8603263423, -27.6073671728], [152.8598211482, -27.6068331897], [152.8580939844, -27.6070637032], [152.8578794077, -27.6088714823], [152.8568005264, -27.6077732518], [152.8556025177, -27.6083517075], [152.8544605821, -27.6079190597], [152.8537232056, -27.6073162109], [152.8546033427, -27.6063017398], [152.8535961285, -27.6058553904], [152.8529197201, -27.6067033932], [152.8483728543, -27.6075609624], [152.8467586562, -27.6088842079], [152.8474359587, -27.6106920689], [152.8454170153, -27.6114970222], [152.8463927433, -27.6123757511], [152.8455343917, -27.6142660528], [152.8467347026, -27.6152225956], [152.846160084, -27.6166595146], [152.846938543, -27.6180263981], [152.8447910696, -27.6179634184], [152.8431087136, -27.6199488789], [152.8433480859, -27.6210800484], [152.839938134, -27.6223401353], [152.8423782736, -27.6235408038], [152.8421563283, -27.6248090714], [152.8407454565, -27.6255974025], [152.8429398462, -27.628763102], [152.841434218, -27.6315144151], [152.845037058, -27.6338483617], [152.8454105929, -27.6376483068], [152.8448742628, -27.6379617229], [152.8460549712, -27.6391890422], [152.8455721289, -27.6402177215], [152.8531666398, -27.6412888244], [152.853974089, -27.6367413923], [152.8592806906, -27.6374868378], [152.8588443995, -27.6347615197], [152.8597634062, -27.6332024708], [152.8609651551, -27.6320036352], [152.8618896753, -27.6323543638], [152.8648362756, -27.6277457997], [152.8661791459, -27.6275550425], [152.8667615503, -27.6257061064], [152.8661113381, -27.6249955744], [152.8674104661, -27.6210306585], [152.8670551032, -27.6186143458], [152.8685825169, -27.6180169284], [152.8680822849, -27.615564242], [152.8702948317, -27.614635773], [152.8699227571, -27.6138697341], [152.8718382791, -27.6128468737], [152.8722640947, -27.6112326384]]}