{"name": "Collinsville", "key": "collinsville", "pops": 1248, "cr": 21, "bounds": [147.783649534, -20.5904582962, 147.8573499396, -20.5237640515], "crime": {"total": 123, "Traffic and Related Offences": 30, "Other Theft (excl. Unlawful Entry)": 15, "Drug Offences": 25, "Other Property Damage": 12, "Assault": 9, "Unlawful Entry": 12, "Weapons Act Offences": 2, "Good Order Offences": 12, "Other Offences Against the Person": 2, "Handling Stolen Goods": 1, "Unlawful Use of Motor Vehicle": 3}, "borders": [{"name": "Scottville", "key": "scottville", "cr": 11}, {"name": "Springlands", "key": "springlands", "cr": 30}], "polygon": [[147.8344568387, -20.5237640515], [147.8334618583, -20.5329392254], [147.8343862519, -20.5356162116], [147.8316599727, -20.5369513258], [147.8307633698, -20.5355512947], [147.8277809471, -20.5372652858], [147.8272134066, -20.5351948813], [147.8215967342, -20.5352862403], [147.8188089654, -20.5340314284], [147.8163249195, -20.5340357497], [147.8130766824, -20.5356586054], [147.8024133518, -20.5351712555], [147.8009941056, -20.5410323218], [147.797212787, -20.5423469916], [147.7888929173, -20.5394560993], [147.783649534, -20.55288288], [147.794459939, -20.5566361398], [147.7914493382, -20.5667045191], [147.7942394391, -20.5714273378], [147.8058864623, -20.565730311], [147.8098388687, -20.5656606108], [147.8153831214, -20.5675566122], [147.8231036216, -20.5627634749], [147.8286285549, -20.5656762272], [147.8344330713, -20.5705100894], [147.838678129, -20.5714330822], [147.8386137709, -20.5754226893], [147.8436027244, -20.5806500018], [147.8460333645, -20.5904582962], [147.8507533073, -20.5860620365], [147.8531534821, -20.5817860216], [147.8533752337, -20.5784526765], [147.8510442302, -20.569207415], [147.8573379889, -20.5598480552], [147.8547589555, -20.5537979081], [147.854262799, -20.5479719266], [147.8505022004, -20.5399191529], [147.8533961549, -20.5356388986], [147.8514970317, -20.5284400582], [147.8519513905, -20.5257983953], [147.8344568387, -20.5237640515]]}