{"name": "Coochiemudlo Island", "key": "coochiemudlo-island", "pops": 753, "cr": 5, "bounds": [153.312065132, -27.5780579001, 153.3431014195, -27.5601380989], "crime": {"total": 17, "Traffic and Related Offences": 2, "Good Order Offences": 1, "Assault": 5, "Other Theft (excl. Unlawful Entry)": 3, "Drug Offences": 1, "Other Property Damage": 1, "Trespassing and Vagrancy": 1, "Other Offences Against the Person": 1, "Unlawful Entry": 2}, "borders": [{"name": "Victoria Point", "key": "victoria-point", "cr": 7}], "polygon": [[153.3377551511, -27.5774003118], [153.3417252377, -27.5746510848], [153.3431014195, -27.5635929108], [153.339476645, -27.5608945191], [153.3324043453, -27.5601380989], [153.3270745575, -27.5616010875], [153.3246148303, -27.5675532371], [153.320131436, -27.5679665208], [153.314152956, -27.5704296306], [153.312065132, -27.5739151388], [153.3123966679, -27.5760415569], [153.3170687482, -27.5760960132], [153.3219137937, -27.5776635334], [153.3323679194, -27.5780579001], [153.3377551511, -27.5774003118]]}