{"name": "Cooee Bay", "key": "cooee-bay", "pops": 913, "cr": 9, "bounds": [150.7513258457, -23.1516306326, 150.8195012584, -23.131967403], "crime": {"total": 52, "Drug Offences": 14, "Assault": 3, "Good Order Offences": 3, "Traffic and Related Offences": 5, "Other Theft (excl. Unlawful Entry)": 14, "Weapons Act Offences": 3, "Trespassing and Vagrancy": 1, "Other Property Damage": 2, "Unlawful Use of Motor Vehicle": 1, "Unlawful Entry": 5, "Fraud": 1}, "borders": [{"name": "Lammermoor", "key": "lammermoor", "cr": 7}, {"name": "Taranganba", "key": "taranganba", "cr": 13}, {"name": "The Keppels", "key": "the-keppels", "cr": 30}, {"name": "Yeppoon", "key": "yeppoon", "cr": 28}], "polygon": [[150.8150576353, -23.1371590197], [150.7580199242, -23.131967403], [150.7515759543, -23.1356139332], [150.7513258457, -23.1380135641], [150.754558444, -23.1398351118], [150.7583603784, -23.147795558], [150.7614595965, -23.1516306326], [150.7623566613, -23.1507211402], [150.7621488497, -23.1457446665], [150.7642131597, -23.1446085796], [150.8195012584, -23.1475513354], [150.8150576353, -23.1371590197]]}