{"name": "Coolangatta", "key": "coolangatta", "pops": 5948, "cr": 26, "bounds": [153.5202967748, -28.1776425764, 153.5519400239, -28.1624860242], "crime": {"total": 819, "Miscellaneous Offences": 8, "Other Theft (excl. Unlawful Entry)": 245, "Traffic and Related Offences": 79, "Drug Offences": 85, "Other Property Damage": 76, "Unlawful Entry": 65, "Assault": 50, "Good Order Offences": 79, "Fraud": 48, "Other Offences Against the Person": 6, "Weapons Act Offences": 7, "Unlawful Use of Motor Vehicle": 48, "Liquor (excl. Drunkenness)": 3, "Trespassing and Vagrancy": 4, "Robbery": 5, "Handling Stolen Goods": 11}, "borders": [{"name": "Bilinga", "key": "bilinga", "cr": 26}], "polygon": [[153.5500560552, -28.1624860242], [153.5484655574, -28.1630412787], [153.5478006974, -28.16441603], [153.544633992, -28.1646413133], [153.5440623164, -28.1666692644], [153.5428913757, -28.1672014147], [153.5359269604, -28.1662853137], [153.5369675681, -28.1646307036], [153.5322811082, -28.1671114862], [153.5265640765, -28.1668880209], [153.5231902748, -28.1659178361], [153.5234261677, -28.1664559841], [153.5215849206, -28.1673502401], [153.5203376338, -28.1707327142], [153.5311617851, -28.1752398461], [153.5346488059, -28.1776425764], [153.5414445549, -28.1689972952], [153.5519400239, -28.1644897535], [153.5501614437, -28.1636147052], [153.5500560552, -28.1624860242]]}