{"name": "Cooloola Cove", "key": "cooloola-cove", "pops": 2633, "cr": 7, "bounds": [152.9683098495, -26.0173661858, 153.0186372399, -25.9564731345], "crime": {"total": 67, "Traffic and Related Offences": 6, "Fraud": 3, "Miscellaneous Offences": 3, "Unlawful Use of Motor Vehicle": 2, "Assault": 16, "Other Property Damage": 9, "Drug Offences": 3, "Unlawful Entry": 9, "Other Offences Against the Person": 3, "Good Order Offences": 5, "Weapons Act Offences": 1, "Other Theft (excl. Unlawful Entry)": 4, "Handling Stolen Goods": 1, "Trespassing and Vagrancy": 2}, "borders": [{"name": "Cooloola", "key": "cooloola", "cr": 100}, {"name": "Tin Can Bay - Gympie", "key": "tin-can-bay-gympie", "cr": 12}], "polygon": [[152.9847081304, -25.963660039], [152.9800358042, -25.9579262808], [152.9797973111, -25.9564731345], [152.9683098495, -25.9708323851], [152.9954625368, -25.9893539324], [152.9957780391, -25.9925743565], [152.9985074028, -25.9976238161], [152.9977068678, -26.0033924654], [152.9967801049, -26.0047135726], [153.001379773, -26.0089095011], [153.0022816807, -26.0122706071], [153.0043963268, -26.0147400945], [153.0177024379, -26.0172395483], [153.0149374083, -26.0134376511], [153.0155018568, -26.0128274709], [153.0144721642, -26.0107171685], [153.0156674907, -26.0097668469], [153.0148924738, -26.0082566366], [153.0156006739, -26.0067262575], [153.0144506246, -26.0038917884], [153.0166633949, -25.9975002855], [153.0162990913, -25.994590655], [153.0179020017, -25.9909992293], [153.0169217959, -25.9865716025], [153.0186372399, -25.9832576662], [153.0170489997, -25.9801476151], [153.0133440942, -25.9789517671], [153.0108152777, -25.9767987281], [153.0144771859, -25.9672637507], [153.0005625933, -25.9669335037], [153.000004001, -25.9662900195], [152.9958199412, -25.9667684212], [152.9847081304, -25.963660039]]}