{"name": "Corinda", "key": "corinda", "pops": 5064, "cr": 4, "bounds": [152.967596449, -27.5511539802, 152.9969223663, -27.5351604521], "crime": {"total": 115, "Miscellaneous Offences": 2, "Drug Offences": 15, "Unlawful Entry": 20, "Other Theft (excl. Unlawful Entry)": 48, "Traffic and Related Offences": 2, "Assault": 6, "Other Property Damage": 10, "Good Order Offences": 4, "Robbery": 1, "Unlawful Use of Motor Vehicle": 5, "Fraud": 2}, "borders": [{"name": "Fig Tree Pocket", "key": "fig-tree-pocket", "cr": 8}, {"name": "Oxley", "key": "oxley", "cr": 11}, {"name": "Rocklea", "key": "rocklea", "cr": 63}, {"name": "Sherwood", "key": "sherwood", "cr": 10}], "polygon": [[152.9742830768, -27.5351923183], [152.9714509994, -27.5354243368], [152.9743690938, -27.5403640121], [152.974496305, -27.5423033535], [152.9734746143, -27.5438587591], [152.9680072293, -27.5443286225], [152.967596449, -27.5468325764], [152.9690825269, -27.5470597893], [152.9686482474, -27.5493277088], [152.9737385064, -27.5482489616], [152.9930772781, -27.5511539802], [152.996562846, -27.5497449115], [152.9948898032, -27.54813236], [152.9969223663, -27.5469577238], [152.9954868257, -27.5458932444], [152.9924239963, -27.5457353145], [152.9915746674, -27.548199825], [152.9891114235, -27.5464603752], [152.9890528545, -27.5435606316], [152.9917504266, -27.5432695746], [152.9935333356, -27.5447469503], [152.9946660101, -27.5424695313], [152.9939238206, -27.54106538], [152.9906692281, -27.5418585539], [152.9887333959, -27.5401514992], [152.9889083281, -27.5378558412], [152.9905465618, -27.5361885056], [152.9864101186, -27.5352740213], [152.9811227471, -27.5370437875], [152.9802034423, -27.5358472541], [152.9773737639, -27.536385864], [152.9768645912, -27.5355608687], [152.9742830768, -27.5351923183]]}