{"name": "Cosgrove", "key": "cosgrove", "pops": 285, "cr": 54, "bounds": [146.7022051513, -19.2811969742, 146.7242368311, -19.2619816586], "crime": {"total": 70, "Good Order Offences": 15, "Other Property Damage": 3, "Traffic and Related Offences": 6, "Unlawful Entry": 11, "Other Theft (excl. Unlawful Entry)": 8, "Assault": 12, "Unlawful Use of Motor Vehicle": 3, "Robbery": 1, "Drug Offences": 8, "Weapons Act Offences": 1, "Miscellaneous Offences": 1, "Other Offences Against the Person": 1}, "borders": [{"name": "Bohle", "key": "bohle", "cr": 100}, {"name": "Burdell", "key": "burdell", "cr": 14}, {"name": "Mount Louisa", "key": "mount-louisa", "cr": 25}, {"name": "Shaw", "key": "shaw", "cr": 29}], "polygon": [[146.7237401009, -19.2710523903], [146.7242368311, -19.2640502378], [146.7126928791, -19.2637238577], [146.7054925784, -19.2619816586], [146.7022051513, -19.2720875815], [146.7116107866, -19.2802761272], [146.7226022631, -19.2811969742], [146.7237401009, -19.2710523903]]}