{"name": "Craignish", "key": "craignish", "pops": 1827, "cr": 6, "bounds": [152.6993470564, -25.3026211411, 152.7509614751, -25.2561103553], "crime": {"total": 41, "Good Order Offences": 3, "Drug Offences": 8, "Other Property Damage": 3, "Unlawful Entry": 5, "Traffic and Related Offences": 4, "Fraud": 2, "Assault": 3, "Other Offences Against the Person": 5, "Other Theft (excl. Unlawful Entry)": 6, "Homicide (Murder)": 1, "Unlawful Use of Motor Vehicle": 1}, "borders": [{"name": "Dundowran", "key": "dundowran", "cr": 11}, {"name": "Dundowran Beach", "key": "dundowran-beach", "cr": 4}, {"name": "Takura", "key": "takura", "cr": 14}, {"name": "Toogoom", "key": "toogoom", "cr": 8}], "polygon": [[152.7389743403, -25.25855764], [152.7279135957, -25.2562559471], [152.7284043133, -25.2593762949], [152.7267821133, -25.2602199987], [152.727727212, -25.2611050233], [152.7252170667, -25.2646631598], [152.7257248014, -25.2668948919], [152.7284710929, -25.2669587582], [152.7243414223, -25.2684317529], [152.7229782343, -25.2697899714], [152.7215859294, -25.269040063], [152.7216210961, -25.267721422], [152.7206944078, -25.2676768228], [152.7197584808, -25.2711483687], [152.7181454822, -25.2709744349], [152.7186935544, -25.269412607], [152.7149275839, -25.269602336], [152.7149107903, -25.2705861554], [152.7128159404, -25.270673573], [152.71190916, -25.2714699879], [152.7120980397, -25.2722958028], [152.7111639604, -25.2723203972], [152.7102706507, -25.2715082318], [152.7110643536, -25.2712556645], [152.7114698663, -25.2702414989], [152.7111085206, -25.2702104896], [152.7095152512, -25.2716535926], [152.7090549171, -25.2749767751], [152.7028668746, -25.2742002979], [152.6993470564, -25.2939505726], [152.7019992694, -25.2948499396], [152.7032303289, -25.2970520258], [152.7140107378, -25.2966943309], [152.7234732062, -25.2980410829], [152.7229403108, -25.3012303859], [152.7330122814, -25.3026211411], [152.7338248715, -25.2977651283], [152.7461591139, -25.2994592041], [152.7467449531, -25.2927658111], [152.7487038225, -25.2919098884], [152.7509509325, -25.2892404944], [152.746777989, -25.2785314843], [152.7378664613, -25.274816379], [152.7370859236, -25.2728522345], [152.7373470291, -25.2701510713], [152.7386467382, -25.2701826394], [152.7389743403, -25.25855764]]}