{"name": "Cungulla", "key": "cungulla", "pops": 286, "cr": 9, "bounds": [147.1059809476, -19.4118450359, 147.1172926053, -19.3836753964], "crime": {"total": 11, "Other Property Damage": 3, "Assault": 2, "Other Theft (excl. Unlawful Entry)": 2, "Unlawful Entry": 1, "Good Order Offences": 1, "Traffic and Related Offences": 2}, "borders": [{"name": "Cape Cleveland", "key": "cape-cleveland", "cr": 7}, {"name": "Coral Sea - Townsville", "key": "coral-sea-townsville", "cr": 19}], "polygon": [[147.1130257174, -19.3888721466], [147.1098539084, -19.3836753964], [147.1089220718, -19.384487994], [147.1059809476, -19.4108776823], [147.1130644307, -19.4115584195], [147.1138122156, -19.4103017151], [147.1149027646, -19.4103753939], [147.1172858328, -19.4118450359], [147.1172380522, -19.4093569517], [147.1152347401, -19.4050548077], [147.1154861078, -19.4041289613], [147.1116901562, -19.4008340389], [147.1098206341, -19.3957331702], [147.1102835312, -19.3919677958], [147.1122379676, -19.3893229514], [147.1128475592, -19.3896024525], [147.1125994995, -19.3908451572], [147.1133271977, -19.3908697367], [147.1130257174, -19.3888721466]]}