{"name": "Currumbin", "key": "currumbin", "pops": 2920, "cr": 15, "bounds": [153.4720738977, -28.1458550543, 153.4930872768, -28.124607116], "crime": {"total": 167, "Unlawful Entry": 31, "Traffic and Related Offences": 27, "Other Theft (excl. Unlawful Entry)": 39, "Drug Offences": 13, "Other Offences Against the Person": 5, "Other Property Damage": 16, "Fraud": 3, "Assault": 7, "Good Order Offences": 6, "Unlawful Use of Motor Vehicle": 16, "Weapons Act Offences": 1, "Trespassing and Vagrancy": 1, "Miscellaneous Offences": 1, "Liquor (excl. Drunkenness)": 1}, "borders": [{"name": "Currumbin Waters", "key": "currumbin-waters", "cr": 9}, {"name": "Palm Beach", "key": "palm-beach", "cr": 16}, {"name": "Tugun", "key": "tugun", "cr": 13}], "polygon": [[153.4896676913, -28.1322974116], [153.4862800092, -28.1272060573], [153.4869817495, -28.124607116], [153.4859182984, -28.1248152107], [153.4850858152, -28.1259712502], [153.4854433611, -28.1274074689], [153.4832598269, -28.1277867854], [153.4831696898, -28.1299073324], [153.4788147658, -28.1324888915], [153.4766947329, -28.1358788311], [153.4720738977, -28.1367114782], [153.478747122, -28.14339526], [153.4798702523, -28.1458550543], [153.4832451865, -28.1455211118], [153.4863154143, -28.1434325203], [153.4855117872, -28.1428738013], [153.4864064157, -28.1418701038], [153.4853644967, -28.140094623], [153.4859713465, -28.1370287538], [153.4885569364, -28.1375884861], [153.4893321544, -28.1384334937], [153.4884861112, -28.1390425935], [153.4930872768, -28.1374374628], [153.4918997884, -28.1367342621], [153.4904322699, -28.133346647], [153.4909300283, -28.1323267594], [153.4896676913, -28.1322974116]]}