{"name": "Daguilar", "key": "daguilar", "pops": 1207, "cr": 9, "bounds": [152.7658241093, -26.9977562279, 152.8351503834, -26.9725264236], "crime": {"total": 90, "Other Theft (excl. Unlawful Entry)": 36, "Drug Offences": 16, "Traffic and Related Offences": 18, "Good Order Offences": 5, "Assault": 3, "Fraud": 2, "Unlawful Use of Motor Vehicle": 2, "Other Property Damage": 2, "Unlawful Entry": 2, "Weapons Act Offences": 2, "Handling Stolen Goods": 1, "Miscellaneous Offences": 1}, "borders": [{"name": "Bracalba", "key": "bracalba", "cr": 6}, {"name": "Delaneys Creek", "key": "delaneys-creek", "cr": 5}, {"name": "Woodford", "key": "woodford", "cr": 14}], "polygon": [[152.8044920564, -26.9742292166], [152.7899588197, -26.9725264236], [152.7905970663, -26.975172691], [152.7834658176, -26.9745139182], [152.7828891724, -26.9782318398], [152.7846308351, -26.9784395322], [152.7843914777, -26.9800158292], [152.790427044, -26.9797695205], [152.7943038121, -26.9827684909], [152.7734446526, -26.9804564863], [152.7723019943, -26.9879552498], [152.7666071802, -26.9872538075], [152.7658241093, -26.9924071282], [152.771516107, -26.9931005165], [152.771684356, -26.9919989854], [152.7811660245, -26.9931314066], [152.7815337479, -26.9908675924], [152.7930283472, -26.9921585247], [152.7970316857, -26.9906711504], [152.8013100922, -26.9961910546], [152.8029900789, -26.9958666116], [152.8037895188, -26.9973173365], [152.8103449717, -26.9977562279], [152.8148669451, -26.9913449138], [152.8150544018, -26.9897042885], [152.8172429949, -26.9888497964], [152.8203242943, -26.989229627], [152.8231999129, -26.9866609424], [152.8235714734, -26.9843477532], [152.8264584988, -26.9813298434], [152.8327829316, -26.9815785661], [152.8351503834, -26.9791352898], [152.8318765759, -26.9774775878], [152.8044920564, -26.9742292166]]}