{"name": "Dakabin", "key": "dakabin", "pops": 3540, "cr": 20, "bounds": [152.9674079493, -27.2348748744, 153.0033199713, -27.2117383182], "crime": {"total": 407, "Assault": 42, "Unlawful Use of Motor Vehicle": 14, "Other Theft (excl. Unlawful Entry)": 186, "Fraud": 16, "Drug Offences": 22, "Handling Stolen Goods": 4, "Unlawful Entry": 33, "Other Property Damage": 35, "Traffic and Related Offences": 23, "Robbery": 3, "Other Offences Against the Person": 5, "Good Order Offences": 10, "Miscellaneous Offences": 3, "Weapons Act Offences": 8, "Arson": 1, "Trespassing and Vagrancy": 2}, "borders": [{"name": "Kallangur", "key": "kallangur", "cr": 15}, {"name": "Kurwongbah", "key": "kurwongbah", "cr": 12}, {"name": "Narangba", "key": "narangba", "cr": 10}, {"name": "North Lakes", "key": "north-lakes", "cr": 11}], "polygon": [[152.9820709899, -27.2117383182], [152.9789957553, -27.2123796493], [152.9778235629, -27.2139202803], [152.9747047871, -27.2151616439], [152.9712424949, -27.2154402137], [152.9695244581, -27.21452149], [152.9674079493, -27.2150016055], [152.970520854, -27.2221122533], [152.9747484401, -27.2277934179], [152.9766564965, -27.2343311459], [152.9803775102, -27.2348748744], [152.9810376018, -27.2319665775], [152.9927182123, -27.2336062565], [152.9922646806, -27.2301569432], [153.0033199713, -27.2318048179], [152.9972232059, -27.219571121], [152.9920531064, -27.2117468342], [152.9820709899, -27.2117383182]]}