{"name": "Dauan Island", "key": "dauan-island", "pops": 191, "cr": 0, "bounds": [142.5273393616, -9.43610066920003, 142.5517766103, -9.41048280149997], "crime": {"total": 0}, "borders": [], "polygon": [[142.5367350876, -9.41061232240002], [142.5332800373, -9.41218179459996], [142.5303370133, -9.41064988079997], [142.5289362073, -9.41161204130004], [142.5296656638, -9.41382987800002], [142.5297304094, -9.41288994250001], [142.5311331004, -9.4132922366], [142.5291200876, -9.41716141999999], [142.5289884582, -9.42017957570001], [142.5273393616, -9.42272368070002], [142.5286356956, -9.42679259179998], [142.5317282081, -9.43190816039999], [142.5313648582, -9.43609508130002], [142.5342594907, -9.43449071790002], [142.5357414782, -9.43179468070004], [142.5353315771, -9.43046106400004], [142.5373850316, -9.43016696719997], [142.5371613279, -9.42940861730003], [142.5395883322, -9.42815163730003], [142.5402467623, -9.42860426750002], [142.5407970846, -9.42721020430003], [142.5447651893, -9.4241481945], [142.5491407216, -9.42303694039997], [142.5517766103, -9.42013014849999], [142.551439546, -9.41963326190004], [142.5457586646, -9.42066298430001], [142.5431063324, -9.42010201510003], [142.5399896204, -9.41299198570004], [142.5367350876, -9.41061232240002]]}