{"name": "Depot Hill", "key": "depot-hill", "pops": 1032, "cr": 32, "bounds": [150.5063699484, -23.4030096456, 150.5322136283, -23.3828770965], "crime": {"total": 158, "Assault": 20, "Other Property Damage": 15, "Other Theft (excl. Unlawful Entry)": 12, "Unlawful Use of Motor Vehicle": 7, "Good Order Offences": 17, "Handling Stolen Goods": 1, "Traffic and Related Offences": 36, "Drug Offences": 33, "Unlawful Entry": 8, "Other Offences Against the Person": 2, "Weapons Act Offences": 6, "Arson": 1}, "borders": [{"name": "Allenstown", "key": "allenstown", "cr": 40}, {"name": "Rockhampton City", "key": "rockhampton-city", "cr": 100}, {"name": "Port Curtis", "key": "port-curtis", "cr": 30}], "polygon": [[150.5225912631, -23.3854587823], [150.5206653103, -23.3828770965], [150.5192692205, -23.3838489503], [150.5196533576, -23.3846083879], [150.5151442364, -23.387155436], [150.5139185041, -23.3854968846], [150.5116984993, -23.3868927509], [150.5127014518, -23.3879620209], [150.5125410855, -23.3883377835], [150.5076980963, -23.3918549418], [150.5108194724, -23.3933058158], [150.506379649, -23.4010923654], [150.5070890486, -23.40283373], [150.5086655244, -23.4029599726], [150.5084819198, -23.40201094], [150.5105912536, -23.3983714655], [150.5261209756, -23.4005820304], [150.5322136283, -23.3986727446], [150.5304966569, -23.394736439], [150.5305574536, -23.3927913159], [150.5266527757, -23.3900549561], [150.5225912631, -23.3854587823]]}