{"name": "Dingo Beach", "key": "dingo-beach", "pops": 169, "cr": 16, "bounds": [148.4878761992, -20.0977890715, 148.5192394257, -20.0816528499], "crime": {"total": 8, "Other Theft (excl. Unlawful Entry)": 1, "Traffic and Related Offences": 1, "Liquor (excl. Drunkenness)": 1, "Weapons Act Offences": 1, "Unlawful Use of Motor Vehicle": 1, "Unlawful Entry": 1, "Robbery": 1, "Other Property Damage": 1}, "borders": [{"name": "Cape Gloucester", "key": "cape-gloucester", "cr": 8}, {"name": "Coral Sea - Whitsunday", "key": "coral-sea-whitsunday", "cr": 0}, {"name": "Hideaway Bay", "key": "hideaway-bay", "cr": 12}], "polygon": [[148.4921137467, -20.0821435228], [148.4887936711, -20.0820843577], [148.4878761992, -20.0877589285], [148.4949150607, -20.0949884579], [148.5181699768, -20.0977890715], [148.5192217901, -20.0906643942], [148.5156362131, -20.0940227509], [148.5120351613, -20.0930174068], [148.5070861876, -20.0875648633], [148.5039279461, -20.0910632089], [148.4999752492, -20.0905844122], [148.4935807511, -20.0873327777], [148.4921137467, -20.0821435228]]}