{"name": "Dinmore", "key": "dinmore", "pops": 875, "cr": 25, "bounds": [152.8277333304, -27.6029891148, 152.8406102583, -27.5903215483], "crime": {"total": 179, "Traffic and Related Offences": 28, "Miscellaneous Offences": 1, "Drug Offences": 29, "Other Theft (excl. Unlawful Entry)": 80, "Good Order Offences": 10, "Fraud": 4, "Unlawful Use of Motor Vehicle": 2, "Unlawful Entry": 5, "Weapons Act Offences": 5, "Other Property Damage": 5, "Other Offences Against the Person": 2, "Robbery": 2, "Assault": 5, "Handling Stolen Goods": 1}, "borders": [{"name": "Bundamba", "key": "bundamba", "cr": 18}, {"name": "Ebbw Vale", "key": "ebbw-vale", "cr": 29}, {"name": "Riverview", "key": "riverview", "cr": 31}], "polygon": [[152.8403245136, -27.5945365578], [152.8368263915, -27.5916503668], [152.8294685334, -27.5903215483], [152.8291263431, -27.5949482098], [152.8284815922, -27.5948582664], [152.8277333304, -27.5990962386], [152.828980498, -27.5983154178], [152.8294467628, -27.5993213579], [152.8284453079, -27.5998753309], [152.8280117288, -27.6029891148], [152.8316139728, -27.60296496], [152.8341584429, -27.6019435376], [152.8357850015, -27.602371946], [152.838216871, -27.5955514535], [152.8376443833, -27.5954021737], [152.8406102583, -27.5949941203], [152.8403245136, -27.5945365578]]}