{"name": "Dolphin Heads", "key": "dolphin-heads", "pops": 388, "cr": 19, "bounds": [149.1780418009, -21.0467688888, 149.1895808503, -21.0338442028], "crime": {"total": 34, "Unlawful Entry": 6, "Trespassing and Vagrancy": 2, "Assault": 3, "Other Theft (excl. Unlawful Entry)": 11, "Robbery": 1, "Traffic and Related Offences": 3, "Good Order Offences": 3, "Other Property Damage": 2, "Fraud": 1, "Drug Offences": 1, "Unlawful Use of Motor Vehicle": 1}, "borders": [{"name": "Blacks Beach", "key": "blacks-beach", "cr": 13}, {"name": "Coral Sea - Mackay", "key": "coral-sea-mackay", "cr": 20}, {"name": "Eimeo", "key": "eimeo", "cr": 12}], "polygon": [[149.1860058308, -21.0359940752], [149.1856741011, -21.0339003801], [149.1843054444, -21.0338442028], [149.180784829, -21.0362576991], [149.1780418009, -21.0364414975], [149.1833039746, -21.0461367667], [149.1895808503, -21.0467253327], [149.1877739206, -21.0426090807], [149.1873106509, -21.0382739976], [149.1860058308, -21.0359940752]]}