{"name": "Doomadgee", "key": "doomadgee", "pops": 1405, "cr": 100, "bounds": [138.5768836588, -18.0187150314, 138.9025471807, -17.4692721665], "crime": {"total": 894, "Other Offences Against the Person": 19, "Traffic and Related Offences": 29, "Unlawful Entry": 124, "Trespassing and Vagrancy": 21, "Assault": 264, "Other Theft (excl. Unlawful Entry)": 74, "Other Property Damage": 128, "Liquor (excl. Drunkenness)": 49, "Drug Offences": 48, "Weapons Act Offences": 11, "Good Order Offences": 80, "Miscellaneous Offences": 3, "Unlawful Use of Motor Vehicle": 35, "Robbery": 1, "Handling Stolen Goods": 4, "Arson": 1, "Fraud": 2, "Homicide (Murder)": 1}, "borders": [{"name": "Lawn Hill - Burke", "key": "lawn-hill-burke", "cr": 16}], "polygon": [[138.8867385909, -17.840783827], [138.9025471807, -17.5258702934], [138.8355322629, -17.5210202634], [138.7511031181, -17.4848050997], [138.7378101796, -17.4708346128], [138.60053996, -17.4692721665], [138.5909808651, -17.7545250133], [138.5859364942, -17.8752309978], [138.5838066265, -17.8751649708], [138.5768836588, -17.8825643063], [138.5830048993, -17.888196066], [138.5853781998, -17.8882696852], [138.5851403773, -17.893822208], [138.5923262462, -17.8952648193], [138.5987306014, -17.8987517431], [138.6016867459, -17.8994981647], [138.6082179695, -17.8990815729], [138.6158061698, -17.8972577751], [138.632575646, -17.8964685276], [138.6401128918, -17.8984769955], [138.648423627, -17.8980806097], [138.6624719352, -17.900394015], [138.6672721356, -17.901928395], [138.6726670489, -17.902223736], [138.6753581986, -17.9028558582], [138.6740864366, -17.9042712897], [138.6750377417, -17.9052517936], [138.6813125312, -17.9083264098], [138.6823228821, -17.908476904], [138.6815775186, -17.9064835832], [138.6830192357, -17.9068238065], [138.6863071471, -17.909770377], [138.692294322, -17.9127489403], [138.7012760788, -17.9190394357], [138.7066437602, -17.9215026274], [138.710022822, -17.9249114469], [138.7141017467, -17.9263901114], [138.7144660577, -17.9280558154], [138.7155682445, -17.9285764322], [138.7357237265, -17.9283508062], [138.7404784709, -17.9297906831], [138.7439694256, -17.9320464954], [138.7497901544, -17.9330831692], [138.7612790912, -17.9319697917], [138.7723035067, -17.9332964495], [138.7877466604, -17.9321344867], [138.7968023345, -17.9328373522], [138.8022792935, -17.9344224185], [138.8189377636, -17.9421557784], [138.8292757198, -17.9452257603], [138.8331240863, -17.9482447803], [138.8460713401, -17.954015851], [138.8516466916, -17.9588822648], [138.853722848, -17.966659084], [138.8574982956, -17.973229982], [138.8578786626, -17.9807476029], [138.8564311489, -17.9835866988], [138.855009906, -17.9842471853], [138.8547489643, -17.9863480479], [138.8520252183, -17.9908259138], [138.8498235866, -17.9975635335], [138.8510233685, -18.0032417551], [138.8564021513, -18.0098299384], [138.8599621728, -18.0129555538], [138.8699614555, -18.01710172], [138.8777522743, -18.0187150314], [138.8867385909, -17.840783827]]}