{"name": "Dundowran Beach", "key": "dundowran-beach", "pops": 2079, "cr": 4, "bounds": [152.7370859236, -25.2875137851, 152.7978637218, -25.258142978], "crime": {"total": 27, "Fraud": 1, "Other Property Damage": 3, "Unlawful Entry": 7, "Other Theft (excl. Unlawful Entry)": 2, "Good Order Offences": 2, "Traffic and Related Offences": 5, "Assault": 1, "Other Offences Against the Person": 1, "Unlawful Use of Motor Vehicle": 1, "Drug Offences": 4}, "borders": [{"name": "Craignish", "key": "craignish", "cr": 6}, {"name": "Dundowran", "key": "dundowran", "cr": 11}, {"name": "Eli Waters", "key": "eli-waters", "cr": 17}], "polygon": [[152.7928756326, -25.258142978], [152.7856784463, -25.2615547702], [152.7749207914, -25.2622750178], [152.7442520633, -25.2596771196], [152.7389743403, -25.25855764], [152.7386467382, -25.2701826394], [152.7373470291, -25.2701510713], [152.7370859236, -25.2728522345], [152.7378664613, -25.274816379], [152.746777989, -25.2785314843], [152.7479764968, -25.2821409255], [152.7569950819, -25.2821419165], [152.7631582469, -25.2838349119], [152.791955784, -25.287282683], [152.7978637218, -25.2843425721], [152.7944954485, -25.28237883], [152.7899980247, -25.2812445611], [152.787414372, -25.2790545821], [152.7863346264, -25.2754043713], [152.7884513512, -25.2722958922], [152.7920266166, -25.2698611543], [152.7928756326, -25.258142978]]}