{"name": "Dunwich", "key": "dunwich", "pops": 864, "cr": 29, "bounds": [153.3963995948, -27.5077485666, 153.4163609669, -27.4880238995], "crime": {"total": 99, "Traffic and Related Offences": 13, "Other Property Damage": 23, "Unlawful Entry": 11, "Other Theft (excl. Unlawful Entry)": 9, "Liquor (excl. Drunkenness)": 1, "Good Order Offences": 15, "Other Homicide": 1, "Drug Offences": 8, "Assault": 13, "Other Offences Against the Person": 1, "Trespassing and Vagrancy": 1, "Arson": 2, "Unlawful Use of Motor Vehicle": 1}, "borders": [{"name": "North Stradbroke Island", "key": "north-stradbroke-island", "cr": 30}], "polygon": [[153.4106692895, -27.4939935282], [153.4096121117, -27.4928841442], [153.409951359, -27.4914609939], [153.4069428965, -27.4899597093], [153.407502763, -27.4888328463], [153.4050427824, -27.4880238995], [153.3995494097, -27.4935450256], [153.3971896395, -27.4944595397], [153.3963995948, -27.4971850663], [153.3977038115, -27.4992778227], [153.3973242342, -27.5015699118], [153.3979851827, -27.5033835396], [153.4020367786, -27.5077485666], [153.4032506272, -27.5049353391], [153.404173024, -27.5049659982], [153.4063826427, -27.5029030815], [153.4046056941, -27.5014629588], [153.4084617794, -27.5014444441], [153.4095909297, -27.5003786087], [153.411382921, -27.5027235746], [153.413603805, -27.5036849305], [153.4145666733, -27.5029499531], [153.4133656397, -27.5011392087], [153.412607193, -27.4972954169], [153.415766269, -27.4968076944], [153.4162326232, -27.4919888377], [153.4146131277, -27.4909806773], [153.4148875475, -27.4936081544], [153.4115500376, -27.4919180796], [153.4108813182, -27.4946211949], [153.4106692895, -27.4939935282]]}