{"name": "Durack", "key": "durack", "pops": 7487, "cr": 8, "bounds": [152.9742390513, -27.6047494859, 152.998208791, -27.576452814], "crime": {"total": 266, "Unlawful Use of Motor Vehicle": 23, "Other Theft (excl. Unlawful Entry)": 63, "Unlawful Entry": 36, "Assault": 20, "Other Property Damage": 21, "Trespassing and Vagrancy": 7, "Good Order Offences": 20, "Drug Offences": 31, "Fraud": 10, "Traffic and Related Offences": 22, "Arson": 1, "Weapons Act Offences": 3, "Handling Stolen Goods": 2, "Robbery": 5, "Other Offences Against the Person": 1, "Miscellaneous Offences": 1}, "borders": [{"name": "Doolandella", "key": "doolandella", "cr": 11}, {"name": "Inala", "key": "inala", "cr": 21}, {"name": "Oxley", "key": "oxley", "cr": 11}, {"name": "Willawong", "key": "willawong", "cr": 100}], "polygon": [[152.9827744439, -27.5773757026], [152.9826084003, -27.576452814], [152.9742390513, -27.5781433284], [152.9750193283, -27.5797530785], [152.9762289003, -27.5795199051], [152.976429984, -27.5803504363], [152.9749806002, -27.5815833062], [152.9760739729, -27.5849381611], [152.9781265035, -27.5845380202], [152.9790429175, -27.5881737396], [152.9769038633, -27.5885946453], [152.9786920473, -27.5976649672], [152.986954689, -27.5960705206], [152.988209933, -27.6014046296], [152.9880401641, -27.6042056829], [152.9922002032, -27.6047437787], [152.9930219278, -27.602459237], [152.9935777336, -27.6030360237], [152.9955566153, -27.6010491699], [152.9952195287, -27.5990559161], [152.9944274798, -27.5986756533], [152.9948120266, -27.5977781191], [152.9942287132, -27.5977487415], [152.9959087223, -27.5968828276], [152.9958532825, -27.5957615152], [152.998042345, -27.5957057849], [152.998208791, -27.5941142887], [152.9967032671, -27.5935846567], [152.9969715253, -27.5917912498], [152.9954768792, -27.5910594836], [152.9952465966, -27.5887457505], [152.9937084839, -27.5893818438], [152.9920085818, -27.5879843384], [152.992537424, -27.5869049579], [152.991542004, -27.5862498209], [152.9934141859, -27.5832403824], [152.9933503717, -27.5819030777], [152.9918221682, -27.5823209733], [152.9905723482, -27.5838429853], [152.9892477989, -27.5831307843], [152.9896681681, -27.5821052343], [152.989030242, -27.5819299445], [152.9897830561, -27.5811254084], [152.9888072088, -27.5770578682], [152.9829758778, -27.5781879202], [152.9827744439, -27.5773757026]]}