{"name": "Earlville", "key": "earlville", "pops": 4030, "cr": 50, "bounds": [145.7150281742, -16.955339469, 145.7499001846, -16.9372249171], "crime": {"total": 1059, "Drug Offences": 67, "Other Theft (excl. Unlawful Entry)": 354, "Trespassing and Vagrancy": 84, "Unlawful Entry": 116, "Other Offences Against the Person": 8, "Fraud": 30, "Good Order Offences": 76, "Weapons Act Offences": 15, "Assault": 75, "Unlawful Use of Motor Vehicle": 39, "Traffic and Related Offences": 57, "Handling Stolen Goods": 10, "Miscellaneous Offences": 9, "Other Property Damage": 109, "Robbery": 8, "Liquor (excl. Drunkenness)": 1, "Arson": 1}, "borders": [{"name": "Bayview Heights", "key": "bayview-heights", "cr": 10}, {"name": "Bungalow", "key": "bungalow", "cr": 73}, {"name": "Mooroobool", "key": "mooroobool", "cr": 30}, {"name": "Woree", "key": "woree", "cr": 38}], "polygon": [[145.7438877076, -16.9381491914], [145.7431130186, -16.9372249171], [145.7397711724, -16.938504152], [145.7385572791, -16.9414830953], [145.7364375889, -16.9409984499], [145.7304630801, -16.9429505244], [145.7286724225, -16.9427312016], [145.7284944206, -16.9434146583], [145.7239771858, -16.9451019689], [145.7157534882, -16.9443776086], [145.7150281742, -16.9528760016], [145.7211849317, -16.9533822685], [145.7213024423, -16.9520980418], [145.7249365672, -16.9523331001], [145.730000779, -16.9535009935], [145.7314003184, -16.9549517334], [145.7371968701, -16.955233939], [145.7378473431, -16.9495591894], [145.7366029248, -16.947523728], [145.7385745272, -16.9461806864], [145.7433160245, -16.9507256225], [145.7439280525, -16.9442740679], [145.7499001846, -16.9450890049], [145.7438877076, -16.9381491914]]}