{"name": "East Innisfail", "key": "east-innisfail", "pops": 1855, "cr": 22, "bounds": [146.0307382941, -17.5393692702, 146.0407088473, -17.5247629583], "crime": {"total": 169, "Other Property Damage": 17, "Other Theft (excl. Unlawful Entry)": 22, "Drug Offences": 17, "Robbery": 1, "Good Order Offences": 18, "Unlawful Entry": 22, "Traffic and Related Offences": 22, "Assault": 31, "Trespassing and Vagrancy": 5, "Weapons Act Offences": 2, "Other Offences Against the Person": 5, "Unlawful Use of Motor Vehicle": 5, "Miscellaneous Offences": 1, "Handling Stolen Goods": 1}, "borders": [{"name": "Innisfail", "key": "innisfail", "cr": 100}, {"name": "Mighell", "key": "mighell", "cr": 36}, {"name": "South Innisfail", "key": "south-innisfail", "cr": 22}, {"name": "Webb", "key": "webb", "cr": 19}], "polygon": [[146.0356871262, -17.5252664164], [146.0330436081, -17.5250262916], [146.0310975388, -17.5271310359], [146.0316099972, -17.536344327], [146.0307382941, -17.5390991643], [146.0405725315, -17.5393692702], [146.0407088473, -17.5346377939], [146.0391994938, -17.5345981419], [146.0398967862, -17.5329083726], [146.0394419134, -17.5320006162], [146.0404187962, -17.531843178], [146.0401166603, -17.530432865], [146.0389963612, -17.530298911], [146.0404877365, -17.5273654535], [146.0356871262, -17.5252664164]]}