{"name": "Eastern Heights", "key": "eastern-heights", "pops": 3709, "cr": 11, "bounds": [152.7639570758, -27.6331781596, 152.7849461436, -27.6190152913], "crime": {"total": 156, "Drug Offences": 16, "Unlawful Entry": 25, "Assault": 19, "Traffic and Related Offences": 14, "Fraud": 8, "Good Order Offences": 5, "Other Theft (excl. Unlawful Entry)": 36, "Other Offences Against the Person": 7, "Unlawful Use of Motor Vehicle": 6, "Robbery": 4, "Weapons Act Offences": 2, "Miscellaneous Offences": 1, "Other Property Damage": 11, "Trespassing and Vagrancy": 1, "Other Homicide": 1}, "borders": [{"name": "Ipswich", "key": "ipswich", "cr": 87}, {"name": "Newtown - Ipswich", "key": "newtown-ipswich", "cr": 5}, {"name": "Raceview", "key": "raceview", "cr": 10}, {"name": "Silkstone", "key": "silkstone", "cr": 11}], "polygon": [[152.7844980881, -27.6273718327], [152.7849461436, -27.6247676462], [152.7787834331, -27.6239259765], [152.7794142663, -27.6202513129], [152.7704991996, -27.6190152913], [152.7688829526, -27.6283068433], [152.7646185979, -27.6277846172], [152.7639570758, -27.6316630095], [152.775029622, -27.6331781596], [152.7759016603, -27.628037706], [152.7848631069, -27.6292520761], [152.7844980881, -27.6273718327]]}