{"name": "East Mackay", "key": "east-mackay", "pops": 3564, "cr": 18, "bounds": [149.1909811199, -21.1684691012, 149.2122529224, -21.1398053244], "crime": {"total": 293, "Other Theft (excl. Unlawful Entry)": 61, "Unlawful Entry": 42, "Unlawful Use of Motor Vehicle": 17, "Drug Offences": 55, "Traffic and Related Offences": 36, "Weapons Act Offences": 9, "Other Offences Against the Person": 3, "Other Property Damage": 22, "Trespassing and Vagrancy": 5, "Assault": 17, "Good Order Offences": 16, "Robbery": 1, "Arson": 1, "Handling Stolen Goods": 7, "Fraud": 1}, "borders": [{"name": "Cremorne", "key": "cremorne", "cr": 100}, {"name": "Coral Sea - Mackay", "key": "coral-sea-mackay", "cr": 20}, {"name": "Mackay", "key": "mackay", "cr": 100}, {"name": "South Mackay", "key": "south-mackay", "cr": 18}], "polygon": [[149.2075196654, -21.1406031251], [149.2076085433, -21.1398053244], [149.1989213899, -21.1400586814], [149.1988892406, -21.1416935697], [149.1982904896, -21.1415758803], [149.198884815, -21.1424652413], [149.197306402, -21.1428651288], [149.1969123334, -21.1455076858], [149.1942170486, -21.1453494728], [149.1910752505, -21.1676453799], [149.1965629831, -21.1682896465], [149.199412927, -21.1611631587], [149.1996685565, -21.1595655531], [149.1987028494, -21.1594597697], [149.1987194493, -21.1586917937], [149.2006356716, -21.158959046], [149.2019663528, -21.1566564441], [149.2010834739, -21.1556377262], [149.2030711845, -21.1530232728], [149.20640634, -21.1512117907], [149.2122529224, -21.1448283121], [149.2075196654, -21.1406031251]]}