{"name": "Ebbw Vale", "key": "ebbw-vale", "pops": 508, "cr": 29, "bounds": [152.8189481869, -27.6175572202, 152.8316139728, -27.5983154178], "crime": {"total": 116, "Other Property Damage": 4, "Traffic and Related Offences": 12, "Other Theft (excl. Unlawful Entry)": 62, "Drug Offences": 14, "Fraud": 4, "Assault": 2, "Trespassing and Vagrancy": 1, "Weapons Act Offences": 4, "Unlawful Entry": 6, "Unlawful Use of Motor Vehicle": 2, "Handling Stolen Goods": 3, "Good Order Offences": 2}, "borders": [{"name": "Bundamba", "key": "bundamba", "cr": 18}, {"name": "Dinmore", "key": "dinmore", "cr": 25}], "polygon": [[152.829054527, -27.5988344029], [152.828980498, -27.5983154178], [152.827792719, -27.5987597704], [152.8189481869, -27.605168514], [152.8202884048, -27.6077225134], [152.8204331025, -27.6105368957], [152.8194632456, -27.6121704951], [152.8233171403, -27.6175572202], [152.8288773671, -27.6095791534], [152.8316139728, -27.60296496], [152.8280117288, -27.6029891148], [152.829054527, -27.5988344029]]}