{"name": "Edens Landing", "key": "edens-landing", "pops": 5094, "cr": 9, "bounds": [153.157630071, -27.7116468623, 153.179977335, -27.6941644102], "crime": {"total": 216, "Other Theft (excl. Unlawful Entry)": 49, "Unlawful Entry": 26, "Unlawful Use of Motor Vehicle": 5, "Other Property Damage": 31, "Assault": 32, "Good Order Offences": 14, "Fraud": 10, "Traffic and Related Offences": 9, "Drug Offences": 29, "Arson": 1, "Liquor (excl. Drunkenness)": 1, "Weapons Act Offences": 3, "Other Offences Against the Person": 3, "Handling Stolen Goods": 2, "Trespassing and Vagrancy": 1}, "borders": [{"name": "Bethania", "key": "bethania", "cr": 14}, {"name": "Holmview", "key": "holmview", "cr": 24}, {"name": "Loganholme", "key": "loganholme", "cr": 20}, {"name": "Waterford", "key": "waterford", "cr": 15}], "polygon": [[153.1687827706, -27.6959586516], [153.1689454317, -27.6947041228], [153.1646386608, -27.6941644102], [153.1649959385, -27.6963502616], [153.163251169, -27.6973651946], [153.1632440612, -27.6985700056], [153.1612829566, -27.6985535845], [153.1610471234, -27.6997231767], [153.157630071, -27.6992394328], [153.1610089764, -27.7092648521], [153.1624475792, -27.7108464316], [153.1676395759, -27.7116468623], [153.168160893, -27.7092195898], [153.1729966849, -27.7078289464], [153.1759212837, -27.7086440772], [153.1784928516, -27.705078885], [153.1788841188, -27.7026640326], [153.179977335, -27.701586239], [153.1794641241, -27.7010991946], [153.1730523109, -27.6952656582], [153.1699885875, -27.696776852], [153.1687827706, -27.6959586516]]}