{"name": "Edge Hill", "key": "edge-hill", "pops": 3916, "cr": 21, "bounds": [145.7337768525, -16.9081292748, 145.7548024133, -16.8929976225], "crime": {"total": 265, "Traffic and Related Offences": 22, "Unlawful Entry": 81, "Unlawful Use of Motor Vehicle": 33, "Other Theft (excl. Unlawful Entry)": 54, "Other Offences Against the Person": 2, "Robbery": 2, "Drug Offences": 17, "Good Order Offences": 11, "Fraud": 4, "Other Property Damage": 14, "Assault": 18, "Liquor (excl. Drunkenness)": 1, "Trespassing and Vagrancy": 2, "Weapons Act Offences": 1, "Handling Stolen Goods": 3}, "borders": [{"name": "Cairns North", "key": "cairns-north", "cr": 70}, {"name": "Manoora", "key": "manoora", "cr": 49}, {"name": "Manunda", "key": "manunda", "cr": 55}, {"name": "Whitfield", "key": "whitfield", "cr": 16}], "polygon": [[145.7468646765, -16.8967005089], [145.7469331846, -16.8959442303], [145.7426074594, -16.8955675066], [145.7427802831, -16.8936420977], [145.7350910008, -16.8929976225], [145.7337768525, -16.907584317], [145.7437798083, -16.9076842219], [145.74591887, -16.9071243405], [145.7461158335, -16.9039485604], [145.7538339347, -16.9041330889], [145.7533264831, -16.9023867249], [145.7548024133, -16.8997004107], [145.7534844577, -16.8965192437], [145.7488278672, -16.8960939273], [145.7487160638, -16.8968590945], [145.7468646765, -16.8967005089]]}