{"name": "Ellen Grove", "key": "ellen-grove", "pops": 2906, "cr": 16, "bounds": [152.9228293374, -27.6248588338, 152.9576450959, -27.6064030603], "crime": {"total": 206, "Other Theft (excl. Unlawful Entry)": 24, "Assault": 22, "Drug Offences": 37, "Unlawful Entry": 19, "Traffic and Related Offences": 31, "Unlawful Use of Motor Vehicle": 12, "Fraud": 3, "Good Order Offences": 15, "Other Property Damage": 24, "Other Offences Against the Person": 4, "Trespassing and Vagrancy": 1, "Handling Stolen Goods": 3, "Weapons Act Offences": 4, "Miscellaneous Offences": 3, "Arson": 2, "Robbery": 2}, "borders": [{"name": "Carole Park", "key": "carole-park", "cr": 100}, {"name": "Forest Lake", "key": "forest-lake", "cr": 8}, {"name": "Gailes", "key": "gailes", "cr": 19}, {"name": "Wacol", "key": "wacol", "cr": 44}], "polygon": [[152.9288850501, -27.606781669], [152.9228293374, -27.6069096774], [152.9276223406, -27.6107818633], [152.9342572093, -27.6140640751], [152.9407108575, -27.6234259084], [152.9408835545, -27.6225674152], [152.9550502673, -27.6248588338], [152.9576450959, -27.6119190156], [152.9312313572, -27.6079199389], [152.9288850501, -27.606781669]]}