{"name": "Emerald", "key": "emerald", "pops": 14356, "cr": 14, "bounds": [147.8989747167, -23.6915154308, 148.4075962678, -23.428669177], "crime": {"total": 1101, "Other Offences Against the Person": 17, "Other Theft (excl. Unlawful Entry)": 125, "Traffic and Related Offences": 181, "Good Order Offences": 158, "Other Property Damage": 121, "Unlawful Use of Motor Vehicle": 37, "Unlawful Entry": 50, "Fraud": 27, "Assault": 125, "Drug Offences": 195, "Liquor (excl. Drunkenness)": 12, "Miscellaneous Offences": 11, "Robbery": 3, "Weapons Act Offences": 9, "Trespassing and Vagrancy": 24, "Handling Stolen Goods": 3, "Other Homicide": 1, "Arson": 2}, "borders": [{"name": "Comet", "key": "comet", "cr": 8}, {"name": "Gindie", "key": "gindie", "cr": 14}, {"name": "Wyuna", "key": "wyuna", "cr": 84}], "polygon": [[148.3433451727, -23.4287176728], [148.3247383162, -23.4336440116], [148.32185518, -23.4368248507], [148.3152490482, -23.438392885], [148.3155796677, -23.4395674095], [148.3138608858, -23.4403938204], [148.3106683344, -23.4401263446], [148.3073443845, -23.4410372078], [148.3024917692, -23.4431076199], [148.2999699414, -23.4450671524], [148.2892627865, -23.4469219521], [148.2878363207, -23.4484256804], [148.2837007716, -23.4484902024], [148.2794237733, -23.4510017633], [148.2779658362, -23.4503946006], [148.2749041989, -23.4511808455], [148.2743277326, -23.4522815123], [148.2688510641, -23.4521785825], [148.2667549476, -23.451397039], [148.2624990791, -23.4480809942], [148.2617800832, -23.4466719404], [148.2579670772, -23.4443937987], [148.2582441419, -23.4428551719], [148.2568403259, -23.4416425824], [148.2518311515, -23.4431845099], [148.2492098808, -23.4415562749], [148.2468364686, -23.4412714466], [148.2430663407, -23.4374995828], [148.2388081849, -23.4368563816], [148.2382271811, -23.4360884428], [148.2343249246, -23.4383067712], [148.2332314849, -23.4380723685], [148.2272450849, -23.4316093549], [148.2237232924, -23.4322446138], [148.2222875282, -23.4316048399], [148.2200839594, -23.4334015325], [148.2143937796, -23.4324997589], [148.2127887011, -23.4339184389], [148.2107676268, -23.4330487326], [148.2086873204, -23.4360074773], [148.2039522976, -23.4367037788], [148.1927985549, -23.4339509383], [148.1840984598, -23.4362480119], [148.1830697879, -23.4358825535], [148.1792790517, -23.4380552918], [148.173505187, -23.436197795], [148.1679277271, -23.4374028072], [148.1612958908, -23.4331554845], [148.1594470143, -23.433655329], [148.1577842459, -23.4328430295], [148.152812995, -23.429103829], [148.1483368576, -23.4295042679], [148.148541823, -23.4328722358], [148.1456924379, -23.4340823889], [148.1450682878, -23.4337050319], [148.1454010233, -23.4330168366], [148.1440779567, -23.4323147386], [148.1425931826, -23.4335929602], [148.141954504, -23.4326167405], [148.1407058686, -23.4329123199], [148.1389086992, -23.4317709431], [148.1373629868, -23.4325287268], [148.1312200129, -23.4325299636], [148.1296381727, -23.431256704], [148.130884774, -23.4296157509], [148.129744336, -23.4304660112], [148.1290116981, -23.4294904172], [148.1268082559, -23.4291458875], [148.1251799762, -23.4307838753], [148.1231485531, -23.4313919172], [148.1200429797, -23.4299621582], [148.1143120974, -23.4316222891], [148.110072352, -23.4313910156], [148.1079634279, -23.4301552773], [148.104059279, -23.43029093], [148.099620834, -23.4315092042], [148.093864955, -23.4355062768], [148.0899719894, -23.4444854856], [148.0877312422, -23.4457870349], [148.0863110423, -23.4491106793], [148.0780771971, -23.4517395645], [148.0659623668, -23.4517732561], [148.0646960214, -23.4543042928], [148.0643523932, -23.4582633525], [148.0608721897, -23.4588310868], [148.0574547723, -23.4605358616], [148.0512934551, -23.4610225856], [148.0493045971, -23.4603435323], [148.0430934206, -23.4613248929], [148.0412268043, -23.4625738114], [148.0383358747, -23.4630876482], [148.0355728343, -23.4662713706], [148.0314645171, -23.4690679535], [148.0296435952, -23.4693275243], [148.0299730673, -23.4703145698], [148.0292796195, -23.4707644209], [148.0203843564, -23.4714670628], [148.0163237527, -23.4693450108], [148.0142337233, -23.469366245], [148.0127718151, -23.4704636112], [148.0127211288, -23.4718484953], [148.0113169104, -23.4704730585], [148.0097376034, -23.4722492993], [148.0097296014, -23.473210074], [148.011447154, -23.4734956324], [148.0089452416, -23.4747975022], [148.0110213235, -23.4759001732], [148.0063647777, -23.4778658524], [148.0026240051, -23.4773954749], [148.0022669882, -23.4787964597], [148.0006661415, -23.4777471349], [147.9997539148, -23.4786430523], [147.9982613623, -23.4777342901], [147.9959928915, -23.4795572087], [147.9950981066, -23.4787011072], [147.995413959, -23.4799706191], [147.9940846786, -23.4824515283], [147.9909515083, -23.479264386], [147.990229845, -23.4810773805], [147.990911454, -23.484152995], [147.9893171638, -23.4839794561], [147.9881142154, -23.4849336669], [147.9856915548, -23.4845958054], [147.9859382808, -23.4827575758], [147.9837436453, -23.4821780622], [147.9832855314, -23.4803019017], [147.9812901318, -23.4823981524], [147.9807689637, -23.4797948301], [147.9834898636, -23.4579787552], [147.906888321, -23.4498828128], [147.9011764377, -23.4940017909], [147.9072958902, -23.497789368], [147.9180094525, -23.4981235936], [147.917982474, -23.499029398], [147.9317965284, -23.4994569644], [147.9448527396, -23.5108576939], [147.9578223974, -23.5290266052], [147.9626774788, -23.5295709744], [147.961178124, -23.5409636945], [147.9561046585, -23.5413774699], [147.9542203173, -23.5564581826], [147.9388690963, -23.5564830974], [147.9325339571, -23.5591541305], [147.9315402955, -23.560525544], [147.9332456216, -23.5693896711], [147.9494140893, -23.5859090462], [147.9521125332, -23.5909898877], [147.9572501481, -23.5970867053], [147.9513425827, -23.6013735384], [147.9258697107, -23.6080270261], [147.9176260382, -23.6086015254], [147.9029762223, -23.6067513674], [147.8989747167, -23.6355217099], [147.9044645429, -23.6384085044], [147.9084384069, -23.6352854371], [147.9097718298, -23.635855265], [147.9076844379, -23.6372829005], [147.9078315496, -23.6388614923], [147.9062499925, -23.6396726817], [147.9094911888, -23.6430621967], [147.912086457, -23.642757237], [147.91086182, -23.6444443539], [147.9127051458, -23.6462267414], [147.9121015519, -23.6468669623], [147.910281688, -23.646551989], [147.9100997448, -23.6474576294], [147.9113957733, -23.6487729549], [147.9104415625, -23.6489435583], [147.9103824794, -23.6498701423], [147.9120641351, -23.6507514492], [147.9156332761, -23.6468207017], [147.9169032499, -23.6464653015], [147.917042248, -23.6490828916], [147.9197193012, -23.649296172], [147.9187530354, -23.6502572894], [147.9190932736, -23.6516303048], [147.9168802649, -23.6528336108], [147.9169422314, -23.6552264094], [147.9174868315, -23.6555579528], [147.9198884591, -23.653832756], [147.9195697978, -23.6554402858], [147.9234324619, -23.6545991823], [147.9223282114, -23.6561491713], [147.9198459536, -23.6573786139], [147.9198667929, -23.6587106287], [147.9213176742, -23.6589399576], [147.9204596132, -23.6605545133], [147.9212461263, -23.6621926352], [147.9226643667, -23.6619030386], [147.922675319, -23.6626029089], [147.9257277995, -23.6632852927], [147.9217728376, -23.6645115912], [147.9209546, -23.665538542], [147.9202810302, -23.6648022234], [147.9186210558, -23.6653207764], [147.9191868454, -23.663868174], [147.917487219, -23.6634162217], [147.9160479456, -23.6670707539], [147.919244878, -23.6675707325], [147.9190013111, -23.6692449078], [147.9213078544, -23.6692598388], [147.9223772809, -23.6717748567], [147.925020732, -23.6698206365], [147.9252989888, -23.6688007787], [147.9261821583, -23.6687891409], [147.9277078658, -23.6659689546], [147.9282754883, -23.6661647186], [147.9275131747, -23.6676199436], [147.9285590574, -23.6685997397], [147.9294672981, -23.6686555371], [147.9309867173, -23.6669644564], [147.9308318719, -23.6680729464], [147.9326175749, -23.6677106768],