{"name": "Erub Island", "key": "erub-island", "pops": 328, "cr": 14, "bounds": [143.7552402765, -9.59936250750001, 143.7848164067, -9.57040616119998], "crime": {"total": 16, "Unlawful Entry": 3, "Assault": 5, "Other Property Damage": 4, "Other Theft (excl. Unlawful Entry)": 1, "Good Order Offences": 1, "Trespassing and Vagrancy": 2}, "borders": [{"name": "Coral Sea - Torres", "key": "coral-sea-torres", "cr": 0}], "polygon": [[143.7776458487, -9.5705790743], [143.7766408175, -9.57107023149998], [143.7770240679, -9.57224331049996], [143.7758139819, -9.57596980780003], [143.7734845653, -9.57793755080004], [143.7724763975, -9.58003945650002], [143.7674395442, -9.58036419000002], [143.7678156719, -9.58075562860004], [143.7669132054, -9.58138516549999], [143.7593577206, -9.58007905629999], [143.756519042, -9.58382123709999], [143.7559426054, -9.58912985030004], [143.7552402765, -9.58992954340004], [143.757907629, -9.59294203670001], [143.7599262521, -9.59707988800001], [143.7612577677, -9.59751389919997], [143.7612373009, -9.59882078320001], [143.7642922327, -9.59936250750001], [143.769347541, -9.59727965300002], [143.7703326046, -9.5980240703], [143.7759433016, -9.59760849180003], [143.7760427818, -9.59642656890004], [143.7784074917, -9.59354013199997], [143.7777490765, -9.59273584929997], [143.7792128772, -9.59081798789997], [143.7786054835, -9.58950039739997], [143.7800086066, -9.58882436160001], [143.7806072757, -9.58744183929999], [143.7819072306, -9.58808915319998], [143.7830647752, -9.587137416], [143.7825900912, -9.58625706289998], [143.7848164067, -9.57818270469998], [143.7836629599, -9.576157026], [143.7818938866, -9.5762691945], [143.7813848183, -9.57420106230001], [143.7800265774, -9.57367054370003], [143.779629536, -9.57246660440004], [143.7804034278, -9.57126784319996], [143.7790084407, -9.57152834530003], [143.7776458487, -9.5705790743]]}