{"name": "Evans Landing", "key": "evans-landing", "pops": 62, "cr": 21, "bounds": [141.8457258418, -12.6662117988, 141.8613767326, -12.6576212347], "crime": {"total": 7, "Traffic and Related Offences": 3, "Other Offences Against the Person": 1, "Other Theft (excl. Unlawful Entry)": 3}, "borders": [{"name": "Nanum", "key": "nanum", "cr": 10}], "polygon": [[141.8541557565, -12.6579930037], [141.8497932553, -12.6576212347], [141.8492166102, -12.659342356], [141.8464022875, -12.661547333], [141.8457258418, -12.6633047238], [141.8463418782, -12.6662117988], [141.8593211398, -12.6645036861], [141.8599991873, -12.6651734784], [141.8613767326, -12.6638288572], [141.8583719581, -12.6615975723], [141.8576610833, -12.6598110944], [141.8561153561, -12.6599594578], [141.8541557565, -12.6579930037]]}