{"name": "Ferny Grove", "key": "ferny-grove", "pops": 5725, "cr": 7, "bounds": [152.9146538153, -27.4129461646, 152.9428137243, -27.3933340237], "crime": {"total": 222, "Other Theft (excl. Unlawful Entry)": 36, "Fraud": 8, "Other Offences Against the Person": 8, "Other Property Damage": 22, "Good Order Offences": 32, "Unlawful Entry": 12, "Assault": 17, "Drug Offences": 40, "Trespassing and Vagrancy": 5, "Miscellaneous Offences": 6, "Weapons Act Offences": 5, "Unlawful Use of Motor Vehicle": 6, "Robbery": 8, "Traffic and Related Offences": 14, "Handling Stolen Goods": 2, "Arson": 1}, "borders": [{"name": "Ferny Hills", "key": "ferny-hills", "cr": 3}, {"name": "Keperra", "key": "keperra", "cr": 14}, {"name": "Upper Kedron", "key": "upper-kedron", "cr": 3}], "polygon": [[152.9259624481, -27.3935496137], [152.9231604636, -27.3944329768], [152.9209515005, -27.3938300833], [152.9169460386, -27.3941828236], [152.9146538153, -27.4085988104], [152.9222566038, -27.4099473581], [152.9232593253, -27.4095115811], [152.9352254719, -27.4108009413], [152.9428137243, -27.4127937332], [152.9407283589, -27.4072931111], [152.9412725195, -27.4061883911], [152.9398390576, -27.4045818746], [152.9407794252, -27.4042665288], [152.9404706955, -27.4032436088], [152.9358905777, -27.3998168558], [152.9340111911, -27.3995725214], [152.9320677593, -27.3967152163], [152.9302710965, -27.3969872892], [152.9279067367, -27.394075945], [152.9259624481, -27.3935496137]]}