{"name": "Fishery Falls", "key": "fishery-falls", "pops": 141, "cr": 22, "bounds": [145.8691008836, -17.2123876438, 145.9146952853, -17.1571231186], "crime": {"total": 12, "Traffic and Related Offences": 2, "Other Property Damage": 4, "Other Offences Against the Person": 1, "Other Theft (excl. Unlawful Entry)": 1, "Unlawful Entry": 1, "Good Order Offences": 1, "Drug Offences": 1, "Assault": 1}, "borders": [{"name": "Aloomba", "key": "aloomba", "cr": 11}, {"name": "Deeral", "key": "deeral", "cr": 11}], "polygon": [[145.908157371, -17.1733555794], [145.9065003395, -17.1709107086], [145.9057991207, -17.167512849], [145.9003482535, -17.1652992815], [145.8959261999, -17.1598360091], [145.8691008836, -17.1573694199], [145.8779210076, -17.164842926], [145.8784944788, -17.1712220907], [145.8802862838, -17.1740827337], [145.8758989796, -17.1736370176], [145.8754502684, -17.1775368601], [145.8796946481, -17.1780317202], [145.8788651377, -17.1846088469], [145.8812049702, -17.1849060804], [145.8823003843, -17.184262462], [145.8822071254, -17.1854313761], [145.8813584, -17.1857224852], [145.8820916638, -17.1863155067], [145.8818594366, -17.1881017908], [145.8833003938, -17.1894066334], [145.8872333169, -17.1898426861], [145.8869998604, -17.1917906553], [145.8901486695, -17.1984533072], [145.8965206221, -17.2077337801], [145.8946807832, -17.2075306252], [145.8941841647, -17.2116849646], [145.9004262462, -17.2123876438], [145.9018747732, -17.2092061043], [145.9038268626, -17.2086714655], [145.9039438069, -17.2071217373], [145.9061604291, -17.2035191432], [145.9071465582, -17.204165034], [145.9083878621, -17.2034701854], [145.9066811875, -17.2021558434], [145.9083589315, -17.2004366294], [145.9069443643, -17.1987416074], [145.9091153145, -17.1981171221], [145.9106091335, -17.1956268251], [145.9136139452, -17.1952096671], [145.9124955088, -17.1937698871], [145.9127407297, -17.1912390888], [145.9116940275, -17.1877286136], [145.9120320678, -17.1862111613], [145.9142838866, -17.1839602664], [145.9146952853, -17.1820868105], [145.9074812457, -17.1760572791], [145.9073781297, -17.1749067083], [145.9085764885, -17.1741179451], [145.908157371, -17.1733555794]]}