{"name": "Flying Fish Point", "key": "flying-fish-point", "pops": 425, "cr": 18, "bounds": [146.0705220252, -17.5093354955, 146.0900622085, -17.4816863686], "crime": {"total": 26, "Other Theft (excl. Unlawful Entry)": 2, "Fraud": 1, "Unlawful Entry": 3, "Trespassing and Vagrancy": 1, "Unlawful Use of Motor Vehicle": 2, "Assault": 7, "Other Property Damage": 4, "Traffic and Related Offences": 2, "Other Offences Against the Person": 1, "Drug Offences": 2, "Robbery": 1}, "borders": [{"name": "Coconuts", "key": "coconuts", "cr": 14}, {"name": "Coquette Point", "key": "coquette-point", "cr": 6}, {"name": "Coral Sea - Cassowary Coast", "key": "coral-sea-cassowary-coast", "cr": 0}], "polygon": [[146.0773309991, -17.4816863686], [146.0745036677, -17.4840174913], [146.072676897, -17.4871399999], [146.0720564052, -17.4892276749], [146.0728984997, -17.493321687], [146.0705220252, -17.4951004982], [146.0721506476, -17.495796591], [146.0715318099, -17.5086666793], [146.0892822295, -17.5093354955], [146.0900622085, -17.4827173278], [146.0773309991, -17.4816863686]]}