{"name": "Gamboola", "key": "gamboola", "pops": 23, "cr": 0, "bounds": [142.9405912608, -16.8071507886, 143.8699803501, -16.0425357446], "crime": {"total": 0}, "borders": [], "polygon": [[143.4020010903, -16.0454607978], [143.3902254179, -16.0425357446], [143.3763091564, -16.0431272164], [143.3657874763, -16.0444737002], [143.355774954, -16.0479171425], [143.3407473788, -16.0551729053], [143.3223646507, -16.0666544139], [143.3032804728, -16.0762497634], [143.2987319529, -16.0831653848], [143.2902704999, -16.0839590281], [143.2755355984, -16.0923410505], [143.2677995488, -16.0939517692], [143.2616938949, -16.0932886377], [143.2552805617, -16.0939984396], [143.2486032099, -16.1007781699], [143.2368693352, -16.1050472409], [143.2230798975, -16.1075233668], [143.1933061332, -16.1019585952], [143.1843377799, -16.0964021757], [143.1685894057, -16.1014702171], [143.1482778341, -16.10428565], [143.1405829862, -16.1029071063], [143.1130487248, -16.105146654], [143.1042822301, -16.1021031812], [143.0608215705, -16.1098525673], [143.0543266162, -16.1134357527], [143.042725265, -16.112964727], [143.0310932323, -16.1020837501], [143.0251136422, -16.0953160077], [143.0207117125, -16.0918817148], [143.0154540315, -16.0931688845], [143.0114228949, -16.0966282412], [143.0040276423, -16.0950234309], [142.9859153181, -16.0833267197], [142.9556568488, -16.0766170397], [142.9405912608, -16.0758806691], [143.0255154595, -16.1369202733], [143.0591910407, -16.162030533], [143.1091587767, -16.2065020055], [143.0979883894, -16.2199093327], [143.2077377886, -16.2954511195], [143.1632947847, -16.3730674088], [143.1439357549, -16.3961617872], [143.1442315131, -16.3980660364], [143.1488143578, -16.4015446454], [143.1546796113, -16.4101156071], [143.1804957017, -16.4276006371], [143.185526818, -16.4294458628], [143.1944720075, -16.429658547], [143.2142321765, -16.4271861166], [143.2187367156, -16.4273221642], [143.222547859, -16.4278327227], [143.2262440398, -16.4293850064], [143.2309801653, -16.433327958], [143.2224154547, -16.5415484682], [143.3366219178, -16.5496655032], [143.338434279, -16.5522593036], [143.3383475542, -16.5536295921], [143.3370981812, -16.5549133271], [143.3375486583, -16.5558792353], [143.3426505774, -16.5636643097], [143.3440084085, -16.5649436489], [143.3469082937, -16.5656578764], [143.3502533585, -16.5711471289], [143.3534222469, -16.5833602771], [143.3566764295, -16.5898213387], [143.3659668267, -16.6000477001], [143.3693687692, -16.6016520858], [143.3731065392, -16.6053687185], [143.3774083555, -16.6108464152], [143.3792166263, -16.6151077896], [143.3858013377, -16.6255880147], [143.3905103132, -16.6305129528], [143.3915355727, -16.6340612024], [143.391902037, -16.6407040879], [143.3952651843, -16.6453456208], [143.3953895047, -16.6470370665], [143.3988379762, -16.6543662474], [143.3992425874, -16.6578220129], [143.4010895863, -16.6609623283], [143.4021472633, -16.6670743152], [143.401941143, -16.6736266166], [143.5434723198, -16.6879618466], [143.5391658694, -16.7311733216], [143.5660538524, -16.7339290082], [143.5833001733, -16.7854314297], [143.8402610198, -16.8071507886], [143.8383408934, -16.8044311628], [143.8384421766, -16.8005515039], [143.837043345, -16.7979662493], [143.8383203298, -16.7956357822], [143.838608332, -16.7927560061], [143.8373233378, -16.7899944708], [143.83762566, -16.7873641551], [143.8349576965, -16.7832994908], [143.838384755, -16.7794709429], [143.8385203555, -16.7779775113], [143.836860016, -16.7755662948], [143.8337872773, -16.7736318633], [143.8339127004, -16.7682926655], [143.8321652263, -16.7644558027], [143.8304545358, -16.7628627568], [143.8275730461, -16.7627827898], [143.826594308, -16.7616282851], [143.8268596381, -16.7545465156], [143.8258779198, -16.7491190881], [143.8267513141, -16.7477082387], [143.825158976, -16.7434464619], [143.8275428265, -16.7378571853], [143.8324167654, -16.7358668596], [143.8337136135, -16.7311865687], [143.8362270668, -16.728910625], [143.8355687261, -16.7240222916], [143.8319919035, -16.7213324681], [143.8315986171, -16.7182997838], [143.8295013383, -16.7155258134], [143.8296404183, -16.713818796], [143.8315374181, -16.7108212635], [143.8312996104, -16.7050848007], [143.8321544975, -16.7047774419], [143.8336872533, -16.7014538199], [143.8356572986, -16.7007362321], [143.836162135, -16.6992484331], [143.8360607326, -16.696433872], [143.8345310763, -16.6950929761], [143.8341693804, -16.6923812553], [143.8350465223, -16.6862345487], [143.8326780051, -16.6842398718], [143.8301571608, -16.6802844182], [143.8296096772, -16.6776410714], [143.8272337541, -16.6738658622], [143.8239286542, -16.6726757362], [143.8235635534, -16.6701776087], [143.8256325498, -16.6634439304], [143.8232263923, -16.6592765674], [143.8155361414, -16.6529984176], [143.8103360012, -16.650283508], [143.8074287698, -16.6496334225], [143.8068130687, -16.6466685459], [143.8079861104, -16.6449774802], [143.8080684543, -16.6422370076], [143.8043432906, -16.6352362707], [143.8026403263, -16.6332516447], [143.7982747629, -16.6314751729], [143.7949851528, -16.6271871701], [143.7932410613, -16.6232434884], [143.7902942449, -16.6205630451], [143.7889334932, -16.6202215329], [143.7876057699, -16.6156789586], [143.7884756625, -16.614446193], [143.7894373089, -16.6076958179], [143.7884704769, -16.603657335], [143.7910714597, -16.5993558913], [143.7916582301, -16.5962648094], [143.7885680273, -16.5867618322], [143.7867315933, -16.5835011527], [143.7843026891, -16.5821067393], [143.7829977199, -16.5799008086], [143.7765698358, -16.5779955909], [143.7711467221, -16.5789638907], [143.7696746439, -16.5770919397], [143.7663207874, -16.5759750754], [143.7558385953, -16.5744880736], [143.7528208494, -16.5728023574], [143.745749101, -16.5715683475], [143.7428380623, -16.5676908046], [143.7409011126, -16.5669862181], [143.7386268675, -16.5643280819], [143.7379319295, -16.5614168644], [143.7359358221, -16.558954142], [143.7318805382, -16.5593060553], [143.7286312655, -16.5582535043], [143.7241069227, -16.5595074221], [143.7199454978, -16.5572055727], [143.7136660889, -16.5559932068], [143.7110954821, -16.5530232862], [143.7052144632, -16.5507600605], [143.7016319484, -16.5517025888], [143.6983443648, -16.5552961826], [143.6963222101, -16.5558699518], [143.6952399313, -16.5535110906], [143.6882231832, -16.5488620624], [143.6884316504, -16.5446963608], [143.686326392, -16.5439966545], [143.6852943376, -16.5454668999], [143.683910951, -16.5444181114], [143.6845972911, -16.539833039], [143.6840193197, -16.5365023911], [143.6918815225, -16.5353636891], [143.6947804764, -16.5333243385], [143.6958409846, -16.531572938], [143.6972071454, -16.525165841], [143.6956173852, -16.5099330246], [143.6977224499, -16.5053940862], [143.6999077499, -16.5044097081], [143.7045542672, -16.504469119], [143.7087909803, -16.5062368438], [143.710617952, -16.5062131435], [143.714513056, -16.5034734607], [143.7174830958, -16.4943815619], [143.7175068259, -16.4827733114], [143.719388485, -16.4800298885], [143.7222997397, -16.477840744], [143.7302110344, -16.4744808674], [143.735579133, -16.4708552137], [143.74535276, -16.4766431227], [143.7516442612, -16.4792196229], [143.752788946, -16.4791448116], [143.7551763877, -16.4771712944], [143.7579665855, -16.4774034321], [143.762285322, -16.4740598723], [143.7646395117, -16.471937336], [143.7651344463, -16.4697198272], [143.761401467, -16.4597599953], [143.7619919106, -16.4555394128], [143.7644757107, -16.4516523853], [143.7672630101, -16.4495241344], [143.7744424418, -16.4470987171], [143.7808929831, -16.4413364604], [143.7925267741, -16.4408531263], [143.799074091, -16.4354177788], [143.8008070961, -16.4332135916], [143.800611645, -16.4303778708], [143.8053095117, -16.4255347326], [143.8070888221, -16.4222543314], [143.81112542, -16.4058874324], [143.8160932809, -16.4026539102], [143.8174170703, -16.395704709], [143.8194461018, -16.3926001787], [143.8228241503, -16.3886110783], [143.8285748884, -16.3860540092], 