{"name": "Gaythorne", "key": "gaythorne", "pops": 3023, "cr": 10, "bounds": [152.9716105387, -27.4233014062, 152.9876158014, -27.4094583467], "crime": {"total": 193, "Traffic and Related Offences": 10, "Other Theft (excl. Unlawful Entry)": 98, "Unlawful Use of Motor Vehicle": 6, "Other Property Damage": 13, "Other Offences Against the Person": 1, "Assault": 10, "Fraud": 15, "Drug Offences": 14, "Arson": 1, "Weapons Act Offences": 1, "Good Order Offences": 5, "Handling Stolen Goods": 6, "Unlawful Entry": 10, "Miscellaneous Offences": 2, "Trespassing and Vagrancy": 1}, "borders": [{"name": "Enoggera", "key": "enoggera", "cr": 11}, {"name": "Everton Park", "key": "everton-park", "cr": 10}, {"name": "Mitchelton", "key": "mitchelton", "cr": 11}], "polygon": [[152.9836587086, -27.4102075621], [152.9832813516, -27.4094583467], [152.9803677574, -27.4105574489], [152.9810109288, -27.4121677801], [152.9802189022, -27.4164245874], [152.9789306894, -27.4181897342], [152.9760650769, -27.4194761962], [152.9716105387, -27.4231169149], [152.9744980335, -27.4231584817], [152.9756956995, -27.4222944528], [152.9798455238, -27.4229386672], [152.9806412011, -27.4217159748], [152.9801279455, -27.4209339842], [152.9838703498, -27.4186668098], [152.985175781, -27.4200231582], [152.9864827394, -27.4195645824], [152.9876158014, -27.4106336683], [152.9836587086, -27.4102075621]]}