{"name": "Glass House Mountains", "key": "glass-house-mountains", "pops": 5065, "cr": 12, "bounds": [152.8462074474, -26.892749466, 152.8535571545, -26.885586597], "crime": {"total": 327, "Drug Offences": 55, "Other Theft (excl. Unlawful Entry)": 91, "Other Property Damage": 12, "Fraud": 3, "Traffic and Related Offences": 90, "Good Order Offences": 14, "Unlawful Entry": 24, "Weapons Act Offences": 3, "Arson": 3, "Other Offences Against the Person": 4, "Assault": 16, "Liquor (excl. Drunkenness)": 2, "Unlawful Use of Motor Vehicle": 4, "Trespassing and Vagrancy": 4, "Handling Stolen Goods": 1, "Miscellaneous Offences": 1}, "borders": [{"name": "Commissioners Flat", "key": "commissioners-flat", "cr": 20}, {"name": "Woodford", "key": "woodford", "cr": 14}], "polygon": [[152.8521996811, -26.8858937994], [152.8506083786, -26.8858682066], [152.8499730378, -26.8872548118], [152.8469454274, -26.8874656409], [152.8462074474, -26.8918395713], [152.8531169817, -26.8926426172], [152.8515852913, -26.8912553191], [152.8513089642, -26.8893385902], [152.853538923, -26.8867666051], [152.8521996811, -26.8858937994]]}