{"name": "Glen Eden", "key": "glen-eden", "pops": 2778, "cr": 9, "bounds": [151.2493193299, -23.9161020666, 151.285037145, -23.8875562102], "crime": {"total": 124, "Unlawful Entry": 9, "Other Theft (excl. Unlawful Entry)": 15, "Trespassing and Vagrancy": 2, "Traffic and Related Offences": 21, "Other Offences Against the Person": 1, "Other Property Damage": 11, "Unlawful Use of Motor Vehicle": 2, "Assault": 16, "Drug Offences": 29, "Weapons Act Offences": 5, "Fraud": 3, "Good Order Offences": 9, "Miscellaneous Offences": 1}, "borders": [{"name": "Toolooa", "key": "toolooa", "cr": 40}, {"name": "Kirkwood", "key": "kirkwood", "cr": 10}, {"name": "Oconnell", "key": "oconnell", "cr": 7}, {"name": "Telina", "key": "telina", "cr": 6}], "polygon": [[151.2770765275, -23.8918380067], [151.2769533843, -23.8875562102], [151.2652234286, -23.8942439407], [151.2641807273, -23.8933983073], [151.2645362467, -23.8921098188], [151.2634803653, -23.8905759975], [151.2641443387, -23.8901894391], [151.2636388317, -23.8894521743], [151.2601505294, -23.8894099891], [151.2593805268, -23.8923076764], [151.2548400089, -23.8925340995], [151.2541041449, -23.8973774314], [151.2518820539, -23.8954262435], [151.2520788163, -23.8967786282], [151.2493193299, -23.9000799581], [151.24998229, -23.9035372734], [151.252526626, -23.9054540694], [151.2518324181, -23.9078534245], [151.2528345287, -23.9108789489], [151.26031892, -23.9117923006], [151.2604625449, -23.910753563], [151.2664717957, -23.910347864], [151.2694671974, -23.9116266891], [151.2734463662, -23.9149037823], [151.2776402757, -23.9160806611], [151.2811208218, -23.9158618003], [151.2822558582, -23.9144236371], [151.2849813774, -23.9147035331], [151.2837416977, -23.9092565924], [151.2770765275, -23.8918380067]]}