{"name": "Godwin Beach", "key": "godwin-beach", "pops": 462, "cr": 8, "bounds": [153.0843444318, -27.0962220505, 153.1154280528, -27.0754796863], "crime": {"total": 19, "Other Offences Against the Person": 1, "Other Theft (excl. Unlawful Entry)": 4, "Other Property Damage": 2, "Traffic and Related Offences": 1, "Drug Offences": 4, "Fraud": 1, "Trespassing and Vagrancy": 1, "Unlawful Entry": 2, "Unlawful Use of Motor Vehicle": 1, "Miscellaneous Offences": 1, "Good Order Offences": 1}, "borders": [{"name": "Beachmere", "key": "beachmere", "cr": 12}, {"name": "Ningi", "key": "ningi", "cr": 8}, {"name": "Sandstone Point", "key": "sandstone-point", "cr": 8}], "polygon": [[153.106864579, -27.0789581686], [153.1044057086, -27.0786905363], [153.1037223488, -27.0761320814], [153.1011070758, -27.0754796863], [153.100191094, -27.0822008997], [153.0932524204, -27.0814461112], [153.0936817005, -27.0780623257], [153.0932150409, -27.0795674175], [153.090109311, -27.0795069486], [153.0895926803, -27.0812370405], [153.0858371928, -27.0835800096], [153.0843444318, -27.0951181203], [153.0926315039, -27.0962220505], [153.099140048, -27.0928131938], [153.0988255069, -27.0922524109], [153.0995596871, -27.0927869454], [153.103145048, -27.0915325209], [153.1042044535, -27.0901567712], [153.103363499, -27.0900016502], [153.1048438996, -27.0883278921], [153.1144146174, -27.0857342035], [153.1154280528, -27.0791400447], [153.106864579, -27.0789581686]]}