{"name": "Golden Beach", "key": "golden-beach", "pops": 5575, "cr": 11, "bounds": [153.1092623919, -26.8450913578, 153.1329213902, -26.8004411533], "crime": {"total": 277, "Other Theft (excl. Unlawful Entry)": 59, "Assault": 29, "Weapons Act Offences": 3, "Other Property Damage": 48, "Good Order Offences": 18, "Unlawful Entry": 34, "Unlawful Use of Motor Vehicle": 8, "Drug Offences": 41, "Liquor (excl. Drunkenness)": 1, "Fraud": 5, "Traffic and Related Offences": 23, "Other Offences Against the Person": 2, "Trespassing and Vagrancy": 3, "Robbery": 1, "Handling Stolen Goods": 2}, "borders": [{"name": "Caloundra", "key": "caloundra", "cr": 32}, {"name": "Caloundra West", "key": "caloundra-west", "cr": 7}, {"name": "Coochin Creek", "key": "coochin-creek", "cr": 100}, {"name": "Pelican Waters", "key": "pelican-waters", "cr": 7}], "polygon": [[153.1238695085, -26.8062861934], [153.1172913089, -26.8050624132], [153.117897369, -26.8015462682], [153.116442956, -26.8004411533], [153.115953967, -26.8009994254], [153.1140010357, -26.8151617199], [153.1166734174, -26.8155187815], [153.1162959784, -26.817652829], [153.1152498797, -26.8210741654], [153.110494636, -26.8228644133], [153.1106659696, -26.823851414], [153.113046445, -26.8233061358], [153.113633275, -26.8245486841], [153.1124094874, -26.8251540363], [153.1126436591, -26.8267282769], [153.1148236766, -26.825086534], [153.1165092662, -26.8252430111], [153.1167939305, -26.8277113959], [153.1143768057, -26.8276710063], [153.1137080565, -26.8294146135], [153.1149126962, -26.8308876976], [153.1184235811, -26.8310800493], [153.1178143695, -26.8330184668], [153.1137541607, -26.8333809301], [153.1129443198, -26.8355685174], [153.1134439111, -26.8373885006], [153.1094851866, -26.8368502334], [153.1092623919, -26.8384073973], [153.1107043996, -26.8385734558], [153.110574238, -26.8408347741], [153.1093598306, -26.8414464444], [153.1095984578, -26.8437358364], [153.116998665, -26.8450913578], [153.1179092824, -26.8419105187], [153.1217847168, -26.8347606361], [153.1239252314, -26.8279790655], [153.1242944449, -26.8121997938], [153.127370134, -26.8069222718], [153.132074438, -26.8091847152], [153.1329213902, -26.8077949435], [153.1288868859, -26.8056489751], [153.1238695085, -26.8062861934]]}