{"name": "Gordon Park", "key": "gordon-park", "pops": 4231, "cr": 7, "bounds": [153.0216563269, -27.4227000624, 153.0353596359, -27.4112361073], "crime": {"total": 126, "Unlawful Entry": 23, "Other Theft (excl. Unlawful Entry)": 48, "Assault": 3, "Other Offences Against the Person": 3, "Drug Offences": 14, "Unlawful Use of Motor Vehicle": 13, "Other Property Damage": 13, "Good Order Offences": 2, "Miscellaneous Offences": 1, "Fraud": 1, "Traffic and Related Offences": 2, "Robbery": 1, "Arson": 1, "Trespassing and Vagrancy": 1}, "borders": [{"name": "Grange", "key": "grange", "cr": 5}, {"name": "Kedron", "key": "kedron", "cr": 11}, {"name": "Lutwyche", "key": "lutwyche", "cr": 26}, {"name": "Stafford", "key": "stafford", "cr": 20}], "polygon": [[153.0311698616, -27.4201552719], [153.0318414569, -27.4177528545], [153.0344781503, -27.4158314094], [153.0353596359, -27.4139585495], [153.0335488021, -27.4125639722], [153.0226499438, -27.4112361073], [153.0216563269, -27.418452017], [153.0237717777, -27.422044903], [153.02485203, -27.4227000624], [153.025639914, -27.4218994007], [153.029966861, -27.4217711911], [153.0311256349, -27.4210902378], [153.0311698616, -27.4201552719]]}