{"name": "Granville", "key": "granville", "pops": 2716, "cr": 14, "bounds": [152.7068314105, -25.5630885288, 152.7534516379, -25.5169307739], "crime": {"total": 172, "Other Theft (excl. Unlawful Entry)": 37, "Good Order Offences": 15, "Fraud": 9, "Unlawful Use of Motor Vehicle": 3, "Unlawful Entry": 21, "Handling Stolen Goods": 2, "Drug Offences": 15, "Assault": 18, "Traffic and Related Offences": 14, "Other Property Damage": 28, "Miscellaneous Offences": 1, "Weapons Act Offences": 2, "Arson": 2, "Other Offences Against the Person": 1, "Trespassing and Vagrancy": 4}, "borders": [{"name": "Bidwill", "key": "bidwill", "cr": 3}, {"name": "Boonooroo Plains", "key": "boonooroo-plains", "cr": 100}, {"name": "Maryborough", "key": "maryborough", "cr": 23}, {"name": "Walkers Point", "key": "walkers-point", "cr": 6}], "polygon": [[152.7488031536, -25.5449856445], [152.7419217527, -25.540452376], [152.7493129522, -25.5337342247], [152.7362429351, -25.5218223259], [152.7289881259, -25.5169307739], [152.7273049951, -25.5194314644], [152.7233892083, -25.5224573687], [152.7112285122, -25.529234685], [152.7068314105, -25.5370124727], [152.7080731466, -25.5392780453], [152.7262051776, -25.5525885373], [152.7270978317, -25.5553404987], [152.7340198234, -25.5585203469], [152.7319410145, -25.5614679754], [152.7349699959, -25.5630885288], [152.7366596311, -25.5604909211], [152.7409956828, -25.5628171265], [152.7429120988, -25.5599050894], [152.7387818769, -25.5570668951], [152.7411954775, -25.5539058819], [152.74315539, -25.5530553386], [152.7381207943, -25.5493110344], [152.7413227409, -25.5456190631], [152.7475496456, -25.5534031838], [152.7534516379, -25.5480475798], [152.7488031536, -25.5449856445]]}