{"name": "Green Island", "key": "green-island", "pops": 25, "cr": 47, "bounds": [145.9623863995, -16.7671314329, 145.9864456356, -16.7503078878], "crime": {"total": 6, "Other Theft (excl. Unlawful Entry)": 3, "Other Property Damage": 2, "Unlawful Entry": 1}, "borders": [{"name": "Coral Sea - Cairns", "key": "coral-sea-cairns", "cr": 0}], "polygon": [[145.9833094552, -16.7638760507], [145.9864456356, -16.7580855042], [145.984050788, -16.7529261485], [145.9750593379, -16.7503078878], [145.9637288973, -16.7553389817], [145.9623863995, -16.7623951435], [145.9672722369, -16.7662504092], [145.9759009182, -16.7671314329], [145.9833094552, -16.7638760507]]}