{"name": "Happy Valley", "key": "happy-valley", "pops": 767, "cr": 15, "bounds": [139.4851327017, -20.752678141, 139.4953056648, -20.7446809113], "crime": {"total": 54, "Unlawful Entry": 4, "Other Property Damage": 1, "Other Theft (excl. Unlawful Entry)": 6, "Assault": 17, "Other Offences Against the Person": 2, "Fraud": 1, "Drug Offences": 8, "Traffic and Related Offences": 4, "Good Order Offences": 5, "Unlawful Use of Motor Vehicle": 1, "Handling Stolen Goods": 1, "Trespassing and Vagrancy": 4}, "borders": [{"name": "Healy", "key": "healy", "cr": 16}, {"name": "Mica Creek", "key": "mica-creek", "cr": 6}, {"name": "Mount Isa", "key": "mount-isa", "cr": 100}, {"name": "Parkside", "key": "parkside", "cr": 54}], "polygon": [[139.4867780805, -20.7447579354], [139.4851327017, -20.7446809113], [139.4884574637, -20.752678141], [139.4909524843, -20.7491322085], [139.4923100248, -20.7487054691], [139.4923395813, -20.7519802153], [139.4950721785, -20.7517616004], [139.4951097444, -20.7449275553], [139.4867780805, -20.7447579354]]}