{"name": "Hay Point", "key": "hay-point", "pops": 1348, "cr": 9, "bounds": [149.2425910011, -21.3306067511, 149.2977333441, -21.265948087], "crime": {"total": 55, "Other Theft (excl. Unlawful Entry)": 10, "Assault": 2, "Good Order Offences": 3, "Traffic and Related Offences": 9, "Other Offences Against the Person": 2, "Unlawful Use of Motor Vehicle": 3, "Other Property Damage": 9, "Drug Offences": 10, "Handling Stolen Goods": 1, "Unlawful Entry": 4, "Trespassing and Vagrancy": 2}, "borders": [{"name": "Alligator Creek - Mackay", "key": "alligator-creek-mackay", "cr": 12}, {"name": "Coral Sea - Mackay", "key": "coral-sea-mackay", "cr": 20}, {"name": "Grasstree Beach", "key": "grasstree-beach", "cr": 12}], "polygon": [[149.2614943758, -21.2671900839], [149.2585319281, -21.265948087], [149.2562052459, -21.2668799311], [149.2549403533, -21.2683033943], [149.255588986, -21.2700447068], [149.2532713786, -21.2723028138], [149.2548143864, -21.2726600841], [149.2561967298, -21.2754625529], [149.2580671012, -21.277037479], [149.2575539052, -21.2775743306], [149.2554479688, -21.2788633555], [149.2538983971, -21.2777779549], [149.2523572296, -21.2779359072], [149.2485628054, -21.2825335711], [149.2430018857, -21.2850074098], [149.2449655905, -21.2869051695], [149.2425910011, -21.290481098], [149.2433365509, -21.2933116704], [149.2451239452, -21.2931000292], [149.2450956553, -21.2960543185], [149.2461113185, -21.2984731421], [149.2488538399, -21.2989523113], [149.2463999987, -21.3028439954], [149.260002628, -21.3117095605], [149.2699422911, -21.3143548444], [149.2730692253, -21.3159183487], [149.2807883918, -21.3225635365], [149.2842334732, -21.329940401], [149.2877079695, -21.3303445429], [149.287843883, -21.3293729946], [149.2971731424, -21.3306067511], [149.2951157764, -21.3284186125], [149.2954833955, -21.3258963525], [149.2924844548, -21.3195719942], [149.2938943356, -21.3173302338], [149.293285355, -21.30641146], [149.2948493585, -21.2995595187], [149.291965574, -21.2997361571], [149.2942307889, -21.2936774939], [149.2938693687, -21.2846387178], [149.2946199253, -21.2800367102], [149.2976798564, -21.273471266], [149.2920223475, -21.2721856236], [149.2885618955, -21.2764269635], [149.2860455215, -21.2773771957], [149.2849787846, -21.2796475664], [149.2832846269, -21.2753230259], [149.2823110595, -21.2765008658], [149.2830875367, -21.278087154], [149.2783014849, -21.2797253355], [149.276306197, -21.278921552], [149.2749773115, -21.279580541], [149.2710904181, -21.2769559249], [149.2659162357, -21.2718931958], [149.2636027038, -21.2710509226], [149.2634420246, -21.2671329603], [149.2614943758, -21.2671900839]]}