{"name": "Heathwood", "key": "heathwood", "pops": 2794, "cr": 13, "bounds": [152.9713653624, -27.655077979, 153.0009282753, -27.6238028184], "crime": {"total": 309, "Fraud": 20, "Other Theft (excl. Unlawful Entry)": 164, "Traffic and Related Offences": 26, "Robbery": 1, "Good Order Offences": 10, "Assault": 10, "Other Property Damage": 8, "Unlawful Use of Motor Vehicle": 7, "Weapons Act Offences": 1, "Drug Offences": 40, "Handling Stolen Goods": 2, "Unlawful Entry": 17, "Other Offences Against the Person": 2, "Trespassing and Vagrancy": 1}, "borders": [{"name": "Forest Lake", "key": "forest-lake", "cr": 8}, {"name": "Forestdale", "key": "forestdale", "cr": 13}, {"name": "Greenbank", "key": "greenbank", "cr": 14}, {"name": "Pallara", "key": "pallara", "cr": 77}], "polygon": [[152.9845706597, -27.6241245866], [152.9793657586, -27.6246766001], [152.9790290445, -27.6283114627], [152.9799182639, -27.6315964833], [152.9791069329, -27.6332955062], [152.9867321327, -27.6343787238], [152.9857255444, -27.6399427429], [152.9802323282, -27.6392191499], [152.9750453085, -27.6358325705], [152.9749308974, -27.6365053728], [152.9713653624, -27.6376190856], [152.9736320674, -27.6396877989], [152.9763496593, -27.6442720219], [152.9788316563, -27.6463799924], [152.9894411787, -27.6514899507], [153.0002007335, -27.655077979], [153.0009282753, -27.6534670368], [153.0004651397, -27.6509235874], [152.9982413426, -27.6463297755], [152.9993100241, -27.6441176385], [152.9982645661, -27.6420703307], [152.99841398, -27.6402820125], [152.9967585877, -27.6387925074], [152.9972352535, -27.6368347928], [152.9993668422, -27.6351763606], [152.9988930896, -27.6328296289], [153.0002255589, -27.6321634352], [152.9882818907, -27.6305202916], [152.9894047305, -27.6248037294], [152.9845706597, -27.6241245866]]}