{"name": "Hendra", "key": "hendra", "pops": 4625, "cr": 12, "bounds": [153.0593252853, -27.4264732152, 153.0803965479, -27.4084983766], "crime": {"total": 260, "Other Theft (excl. Unlawful Entry)": 53, "Good Order Offences": 55, "Unlawful Use of Motor Vehicle": 51, "Drug Offences": 25, "Unlawful Entry": 33, "Trespassing and Vagrancy": 2, "Assault": 9, "Traffic and Related Offences": 15, "Other Offences Against the Person": 2, "Weapons Act Offences": 2, "Fraud": 3, "Other Property Damage": 4, "Handling Stolen Goods": 5, "Robbery": 1}, "borders": [{"name": "Ascot - Brisbane", "key": "ascot-brisbane", "cr": 20}, {"name": "Clayfield", "key": "clayfield", "cr": 14}, {"name": "Nundah", "key": "nundah", "cr": 18}], "polygon": [[153.0750082657, -27.4084983766], [153.0668857619, -27.4121768475], [153.0632958785, -27.4117372558], [153.0626773089, -27.4153518453], [153.0645376965, -27.4152155891], [153.0637440681, -27.4162887186], [153.0643576384, -27.4163439274], [153.0638821125, -27.419043079], [153.0633080676, -27.4196613878], [153.0599411204, -27.4194882363], [153.0608581677, -27.4208350107], [153.059728682, -27.4209355935], [153.0596679002, -27.4235954359], [153.0626881793, -27.424013786], [153.063483499, -27.4229796305], [153.0632165074, -27.4264732152], [153.0645630732, -27.4248996824], [153.0727189407, -27.4260679111], [153.0731045231, -27.423642993], [153.08005099, -27.4245772436], [153.0801763386, -27.4214673713], [153.0769552067, -27.4162166789], [153.0787070021, -27.412054114], [153.0773994401, -27.4091367945], [153.0750082657, -27.4084983766]]}