{"name": "Herberton", "key": "herberton", "pops": 855, "cr": 28, "bounds": [145.3410594016, -17.41554185, 145.4264343306, -17.3638957068], "crime": {"total": 95, "Traffic and Related Offences": 29, "Robbery": 1, "Unlawful Use of Motor Vehicle": 2, "Unlawful Entry": 9, "Other Theft (excl. Unlawful Entry)": 5, "Other Property Damage": 11, "Drug Offences": 13, "Good Order Offences": 10, "Arson": 2, "Assault": 10, "Liquor (excl. Drunkenness)": 1, "Other Offences Against the Person": 1, "Weapons Act Offences": 1}, "borders": [{"name": "Kalunga", "key": "kalunga", "cr": 6}, {"name": "Moomin", "key": "moomin", "cr": 41}, {"name": "Watsonville", "key": "watsonville", "cr": 22}, {"name": "Wondecla", "key": "wondecla", "cr": 6}], "polygon": [[145.3724834844, -17.3787233531], [145.3684403598, -17.3767304718], [145.3684752807, -17.3747914806], [145.3651148751, -17.3697106093], [145.367737107, -17.3639592156], [145.3660353273, -17.3641526625], [145.360747382, -17.3654627129], [145.3582593203, -17.3689676821], [145.3580563068, -17.3697976992], [145.3602748066, -17.3723493591], [145.3608476445, -17.3756714389], [145.3588460386, -17.379709594], [145.359867759, -17.3823407218], [145.3592721894, -17.3842482492], [145.3549640402, -17.3846771866], [145.3537678123, -17.3860713542], [145.3500612974, -17.3849282265], [145.3477789611, -17.382343024], [145.3433380052, -17.3825509623], [145.3410594016, -17.3845582157], [145.3457648158, -17.3849476203], [145.3467835262, -17.3886823952], [145.3531050086, -17.3947079629], [145.3556200117, -17.3985989839], [145.3605969772, -17.4009699747], [145.3645701408, -17.4006735981], [145.3652349263, -17.4017674178], [145.3636884689, -17.4039628506], [145.359327428, -17.4070334584], [145.382089667, -17.4115372226], [145.3834360018, -17.4131362736], [145.3877204508, -17.4155236781], [145.3894302398, -17.4146766141], [145.3905223384, -17.4127258584], [145.3900861144, -17.4096040353], [145.3885798678, -17.4067618176], [145.3901328817, -17.4067000374], [145.3893422484, -17.4059133083], [145.3919274211, -17.4056626409], [145.3921353966, -17.404657498], [145.3958719149, -17.4060781151], [145.4048681036, -17.4070328921], [145.4052342847, -17.4060927927], [145.4068347365, -17.4069662616], [145.4054628909, -17.4057718366], [145.4064769819, -17.4042984769], [145.4083441272, -17.405483149], [145.4088178352, -17.4049936607], [145.4077604339, -17.4048352763], [145.4079298899, -17.4033994004], [145.4094712213, -17.4035608992], [145.4101849571, -17.3968934342], [145.4180386439, -17.3977214918], [145.4187875912, -17.3972343504], [145.4187256098, -17.39780505], [145.4199315086, -17.3979257569], [145.4263948724, -17.3933272213], [145.4255477339, -17.3919304982], [145.4259598479, -17.3876433522], [145.4241528288, -17.3839809075], [145.4233644158, -17.3855591267], [145.421688281, -17.38585186], [145.4184070602, -17.3848557547], [145.4171817526, -17.3828455359], [145.4155656919, -17.3818888143], [145.4072324485, -17.3808303848], [145.4048888832, -17.3814881369], [145.4039816335, -17.3832962736], [145.4015540928, -17.3833163604], [145.3980861604, -17.3849359155], [145.3970304132, -17.3838981092], [145.3969459161, -17.3814548403], [145.3904289752, -17.3718109876], [145.3873005137, -17.3717679232], [145.3856866732, -17.3740966246], [145.384908013, -17.3720632344], [145.3833259419, -17.372837998], [145.3817820102, -17.3718565628], [145.3805046454, -17.3734930754], [145.3808372468, -17.3746208251], [145.3771314546, -17.3762080744], [145.3760284856, -17.3782619238], [145.3724834844, -17.3787233531]]}