{"name": "Hideaway Bay", "key": "hideaway-bay", "pops": 205, "cr": 12, "bounds": [148.4758987427, -20.0877589285, 148.4887936711, -20.072105132], "crime": {"total": 14, "Other Theft (excl. Unlawful Entry)": 5, "Fraud": 2, "Other Property Damage": 1, "Unlawful Entry": 1, "Assault": 1, "Good Order Offences": 2, "Trespassing and Vagrancy": 1, "Other Offences Against the Person": 1}, "borders": [{"name": "Cape Gloucester", "key": "cape-gloucester", "cr": 8}, {"name": "Coral Sea - Whitsunday", "key": "coral-sea-whitsunday", "cr": 0}, {"name": "Dingo Beach", "key": "dingo-beach", "cr": 16}], "polygon": [[148.4797046185, -20.072105132], [148.4780463502, -20.072833024], [148.4768200591, -20.0722695366], [148.4758987427, -20.0745520666], [148.4839901626, -20.0861174539], [148.4859909564, -20.0877221301], [148.4878761992, -20.0877589285], [148.4887936711, -20.0820843577], [148.4875043556, -20.0825075582], [148.4860322252, -20.0814643279], [148.4821823388, -20.07695169], [148.4797046185, -20.072105132]]}