{"name": "Highland Park", "key": "highland-park", "pops": 6574, "cr": 8, "bounds": [153.3151702881, -28.0227293521, 153.3493577242, -28.0063657463], "crime": {"total": 258, "Fraud": 18, "Other Theft (excl. Unlawful Entry)": 79, "Drug Offences": 27, "Other Property Damage": 28, "Good Order Offences": 6, "Unlawful Entry": 23, "Unlawful Use of Motor Vehicle": 20, "Assault": 24, "Other Offences Against the Person": 6, "Traffic and Related Offences": 18, "Weapons Act Offences": 2, "Miscellaneous Offences": 2, "Trespassing and Vagrancy": 3, "Robbery": 2}, "borders": [{"name": "Carrara", "key": "carrara", "cr": 9}, {"name": "Gilston", "key": "gilston", "cr": 6}, {"name": "Nerang", "key": "nerang", "cr": 16}, {"name": "Worongary", "key": "worongary", "cr": 9}], "polygon": [[153.3289888054, -28.007230863], [153.3238492757, -28.0063657463], [153.3233348727, -28.0077563301], [153.3194626272, -28.0071636364], [153.3198621646, -28.0079969838], [153.3177136183, -28.0099293143], [153.3156340942, -28.0096800849], [153.3161053285, -28.0103972182], [153.3155669942, -28.0097062662], [153.3151702881, -28.0104878694], [153.3163317218, -28.0123902187], [153.3210226744, -28.013101913], [153.3183566928, -28.014158681], [153.3189957887, -28.0177339837], [153.3234634623, -28.0190495849], [153.3227572143, -28.01969295], [153.3239499256, -28.0222284272], [153.3258473352, -28.022503376], [153.3297669068, -28.0213313475], [153.3332745358, -28.0227293521], [153.3349408731, -28.0226278529], [153.3358469158, -28.0183674768], [153.3435888886, -28.0196695253], [153.3493577242, -28.017999962], [153.3470396698, -28.0131575242], [153.3425392956, -28.0071188882], [153.3386778012, -28.0091336519], [153.3289888054, -28.007230863]]}