{"name": "Highgate Hill", "key": "highgate-hill", "pops": 6194, "cr": 10, "bounds": [153.0102711841, -27.4944601282, 153.0249839574, -27.4813474566], "crime": {"total": 254, "Unlawful Entry": 49, "Handling Stolen Goods": 5, "Other Theft (excl. Unlawful Entry)": 76, "Good Order Offences": 5, "Weapons Act Offences": 5, "Miscellaneous Offences": 2, "Other Offences Against the Person": 2, "Assault": 17, "Traffic and Related Offences": 10, "Unlawful Use of Motor Vehicle": 19, "Other Property Damage": 31, "Drug Offences": 19, "Fraud": 11, "Trespassing and Vagrancy": 3}, "borders": [{"name": "Dutton Park", "key": "dutton-park", "cr": 27}, {"name": "South Brisbane", "key": "south-brisbane", "cr": 52}, {"name": "St Lucia", "key": "st-lucia", "cr": 5}, {"name": "West End - Brisbane", "key": "west-end-brisbane", "cr": 28}], "polygon": [[153.0139405876, -27.4813474566], [153.0132357925, -27.4828900024], [153.0117947236, -27.4828661308], [153.0114965588, -27.4844565392], [153.0120613575, -27.4845406264], [153.0109581575, -27.4873330146], [153.0116420612, -27.4882115349], [153.0108049735, -27.4881513566], [153.0102711841, -27.4910014123], [153.0144606903, -27.4914047793], [153.0188704431, -27.4944601282], [153.0204053894, -27.4928643852], [153.0222477764, -27.4936471656], [153.0223296359, -27.4916278794], [153.020430401, -27.4912377894], [153.0212025568, -27.4905313924], [153.0233101994, -27.4908582643], [153.0237051994, -27.4888814092], [153.0249839574, -27.4887032881], [153.0235612392, -27.485644266], [153.0201002136, -27.484506093], [153.0194491744, -27.4821763858], [153.0139405876, -27.4813474566]]}