{"name": "Holloways Beach", "key": "holloways-beach", "pops": 2347, "cr": 13, "bounds": [145.7149960473, -16.8599766344, 145.7483011186, -16.8148667142], "crime": {"total": 126, "Good Order Offences": 10, "Drug Offences": 22, "Unlawful Use of Motor Vehicle": 6, "Handling Stolen Goods": 2, "Other Theft (excl. Unlawful Entry)": 19, "Traffic and Related Offences": 6, "Other Property Damage": 14, "Unlawful Entry": 22, "Other Offences Against the Person": 4, "Assault": 14, "Weapons Act Offences": 3, "Fraud": 2, "Trespassing and Vagrancy": 2}, "borders": [{"name": "Barron", "key": "barron", "cr": 80}, {"name": "Coral Sea - Cairns", "key": "coral-sea-cairns", "cr": 0}, {"name": "Machans Beach", "key": "machans-beach", "cr": 14}, {"name": "Yorkeys Knob", "key": "yorkeys-knob", "cr": 20}], "polygon": [[145.7483011186, -16.8367354944], [145.7377580106, -16.8148667142], [145.7325767502, -16.8225222081], [145.7322644219, -16.8304157406], [145.7301221937, -16.8330848515], [145.7285895944, -16.837213695], [145.7270242497, -16.8366988301], [145.7272931263, -16.8340523019], [145.7258768156, -16.8340680301], [145.7246403694, -16.8369807601], [145.7224353179, -16.8388995901], [145.723348245, -16.8411621228], [145.7224616483, -16.8433304951], [145.7232548743, -16.8448501006], [145.7212643102, -16.8464309126], [145.7196418941, -16.8459897563], [145.7149960473, -16.8492357954], [145.7172402516, -16.8504369631], [145.7174635977, -16.8518987224], [145.7268691882, -16.8571034819], [145.7285821661, -16.8594793975], [145.7330620065, -16.8599766344], [145.7336525917, -16.8551045731], [145.7361004651, -16.8553697839], [145.7393991202, -16.8500141725], [145.744734101, -16.8456509411], [145.7483011186, -16.8367354944]]}