{"name": "Hope Vale - Hope Vale", "key": "hope-vale-hope-vale", "pops": 1015, "cr": 67, "bounds": [145.0282191932, -15.4433905706, 145.3575619608, -14.8303520307], "crime": {"total": 307, "Good Order Offences": 71, "Traffic and Related Offences": 25, "Unlawful Entry": 25, "Weapons Act Offences": 4, "Drug Offences": 25, "Other Theft (excl. Unlawful Entry)": 6, "Liquor (excl. Drunkenness)": 45, "Assault": 62, "Trespassing and Vagrancy": 6, "Other Offences Against the Person": 9, "Fraud": 1, "Other Property Damage": 26, "Unlawful Use of Motor Vehicle": 2}, "borders": [{"name": "Lizard", "key": "lizard", "cr": 0}, {"name": "Cooktown", "key": "cooktown", "cr": 41}, {"name": "Hope Vale - Cook", "key": "hope-vale-cook", "cr": 3}, {"name": "Starcke", "key": "starcke", "cr": 95}], "polygon": [[145.2272389382, -14.8314910308], [145.2251519114, -14.8306050673], [145.2243929878, -14.8335781172], [145.2222419977, -14.8369291201], [145.1982730478, -14.8389532194], [145.1951110214, -14.8372462615], [145.1918230876, -14.8371822983], [145.1865730658, -14.8393963277], [145.1867001057, -14.8411673084], [145.1849291176, -14.8424323201], [145.1804391667, -14.8436333388], [145.1742411107, -14.8420523927], [145.1734821126, -14.8426843658], [145.173229143, -14.8417994007], [145.1670311242, -14.8399654627], [145.1666521206, -14.8410404623], [145.1659561843, -14.8409144729], [145.1626041234, -14.8362974077], [145.1594421044, -14.8345894441], [145.155268155, -14.8352854326], [145.1517901346, -14.8328194693], [145.1446431577, -14.8329455256], [145.1425561532, -14.8319335282], [145.1408328339, -14.8321167082], [145.1443355754, -14.8393291831], [145.1289818212, -14.9809074625], [145.169149138, -14.9851613119], [145.1612173095, -15.0590427145], [145.1364299282, -15.0568516031], [145.1352234855, -15.0697298646], [145.1378643662, -15.0758884475], [145.1391828656, -15.0877259746], [145.1393016502, -15.0926895663], [145.1385296881, -15.093606621], [145.1391234025, -15.0948164836], [145.1416707933, -15.0948341489], [145.1409904286, -15.0958824009], [145.1418735981, -15.096723929], [145.1450480297, -15.0973987803], [145.145630911, -15.0961983576], [145.144647494, -15.0959123522], [145.1472189575, -15.0947095007], [145.1467064023, -15.0936923251], [145.1482183635, -15.0930291936], [145.1505324692, -15.0933857262], [145.1510679647, -15.0917579606], [145.1502818763, -15.0888810381], [145.1520893127, -15.0875449032], [145.1512300968, -15.0864122361], [145.1515285373, -15.085401535], [145.1532370225, -15.0843249187], [145.1538409367, -15.0851393119], [145.1551117375, -15.0834307298], [145.157245189, -15.0832782239], [145.1589883491, -15.0814055055], [145.161315389, -15.0814764351], [145.1615410373, -15.0832187012], [145.1635678262, -15.0832393914], [145.1654657945, -15.0852163285], [145.1623258516, -15.1175669059], [145.1835297048, -15.1195086092], [145.1837695837, -15.1229402721], [145.1866810024, -15.1229445413], [145.1877891272, -15.1243836582], [145.1874879971, -15.1252059937], [145.185630165, -15.1262230277], [145.1852233186, -15.1284637377], [145.1818700358, -15.1288490817], [145.1789828688, -15.1306030527], [145.1765826494, -15.1306219101], [145.1765890718, -15.1321698651], [145.1779223233, -15.1326965913], [145.1780406386, -15.1350229383], [145.17613215, -15.1372876167], [145.1774189398, -15.1409479901], [145.175855346, -15.1420437396], [145.1734749973, -15.1420244947], [145.172076121, -15.1445547789], [145.1703733206, -15.143528156], [145.1697844937, -15.1410773247], [145.1684562713, -15.1422513649], [145.1611028314, -15.141732946], [145.155730851, -15.1441351622], [145.1533182934, -15.143293716], [145.1505580023, -15.144701235], [145.1468413472, -15.1437948197], [145.1463637203, -15.1444215104], [145.1470035911, -15.1454968974], [145.1443350166, -15.1469464153], [145.1445427462, -15.1479418203], [145.1436329857, -15.1484885141], [145.1414820179, -15.1469802633], [145.1416589022, -15.1447459012], [145.1397518814, -15.1445964277], [145.1391508877, -15.1435786709], [145.1376158074, -15.1436424479], [145.1357053742, -15.1461300179], [145.1324355379, -15.144344911], [145.1298296377, -15.1476101503], [145.1303182989, -15.1502130851], [145.129007645, -15.1515972167], [145.1253068522, -15.1495982185], [145.1253825277, -15.1477070302], [145.122981675, -15.1477826163], [145.1220666319, -15.1489215568], [145.1182693765, -15.1489472538], [145.1177648976, -15.1503762379], [145.1142436713, -15.1481110528], [145.111052379, -15.1507978737], [145.1104734093, -15.1495318189], [145.1091017798, -15.1489088312], [145.1080494747, -15.1499892399], [145.1058712974, -15.1493594646], [145.1045813709, -15.150609836], [145.0996059403, -15.1481793448], [145.0983195826, -15.1490284204], [145.0959387496, -15.1490656659], [145.0948422477, -15.1506806836], [145.0928167999, -15.1484593078], [145.0921042487, -15.1488612965], [145.091348283, -15.151988782], [145.08892259, -15.1526370645], [145.0872421488, -15.1447881311], [145.0890324861, -15.1425866485], [145.0892309546, -15.1401996985], [145.086299859, -15.1394163817], [145.0801784471, -15.2597813755], [145.0793425143, -15.2590464577], [145.0772185475, -15.2607192844], [145.05831182, -15.2609290555], [145.0572010428, -15.2714169249], [145.0309635773, -15.2687965706], [145.0282191932, -15.2942273468], [145.0377129167, -15.2955007106], [145.0362766832, -15.3088901788], [145.0393160731, -15.3091961145], [145.0387647226, -15.3143085316], [145.039866671, -15.3144229129], [145.0403064042, -15.3099215478], [145.0609874651, -15.3118142709], [145.0578836426, -15.3437727466], [145.0408727378, -15.3422020376], [145.0395880789, -15.3559005335], [145.0385515839, -15.3563692272], [145.03637027, -15.3603229299], [145.0345838591, -15.3614975289], [145.0367696956, -15.3633710518], [145.0367573574, -15.3648601249], [145.0322596505, -15.3669823632], [145.03328152, -15.368110545], [145.033460997, -15.3699114174], [145.0312329978, -15.370850496], [145.0325227752, -15.3739349023], [145.0324971154, -15.3758935928], [145.0350545868, -15.3766248971], [145.0393622369, -15.3814668506], [145.0399945751, -15.3833845556], [145.0379974395, -15.3864853531], [145.0433123559, -15.394450821], [145.0465147644, -15.3945387974], [145.0487452894, -15.3957436085], [145.0501187742, -15.3803502396], [145.0650514066, -15.3816037923], [145.0636770502, -15.3970191404], [145.0804669783, -15.3984222859], [145.0810875222, -15.3913772702], [145.1206037477, -15.3946134895], [145.1237483844, -15.359980382], [145.1487606168, -15.3621166721], [145.1453917176, -15.3990224153], [145.1471988857, -15.4010414183], [145.1513208374, -15.4013915807], [145.1509703025, -15.4052634835], [145.1112919301, -15.4018732309], [145.1111191884, -15.4038768262], [145.1017692313, -15.4031140432], [145.1004410088, -15.4183160737], [145.1124761924, -15.4193141535], [145.1127338633, -15.4163663313], [145.1260032654, -15.4174453765], [145.1261095926, -15.4162359461], [145.1379535422, -15.4172154739], [145.1382754296, -15.4135240614], [145.1552138627, -15.4149290323], [145.1549884453, -15.4174441919], [145.1669517457, -15.4184179381], [145.1658787504, -15.43077676], [145.1720737293, -15.4312853441], [145.1726475805, -15.4248417988], [145.1826940104, -15.4256666601], [145.1847961918, -15.4234629869], [145.1768526211, -15.4228077233], [145.177371338, -15.4168918952], [145.1871302351, -15.4176968411], [145.188301295, -15.4161935225], [145.1968320981, -15.4165622443], [145.197629191, -15.4179243967], [145.1969198212, -15.4193018004], [145.1955485865, -15.419187665], [145.1958544999, -15.4174576774], [145.1937103122, -15.4178695977], [145.1932200566, -15.4184541777], [145.1938735545, -15.4200127646], [145.1923270673, -15.4208756983], [145.193252109, -15.4219040349], [145.1931137592, -15.4229991361], [145.1968842521, -15.4235889465], [145.1979622096, -15.4251868576], [145.2024412081, -15.4246511385], [145.2148422152, -15.4148799032], [145.23872298, -15.4433905706], [145.2421479151, -15.4318757653], [145.2470609173, -15.4219726846], 