{"name": "Hope Island", "key": "hope-island", "pops": 11186, "cr": 9, "bounds": [153.3327614143, -27.8888414055, 153.3823923767, -27.8461971357], "crime": {"total": 478, "Drug Offences": 29, "Other Theft (excl. Unlawful Entry)": 193, "Handling Stolen Goods": 8, "Assault": 48, "Other Property Damage": 31, "Unlawful Use of Motor Vehicle": 34, "Unlawful Entry": 63, "Good Order Offences": 8, "Fraud": 17, "Traffic and Related Offences": 28, "Other Offences Against the Person": 7, "Trespassing and Vagrancy": 2, "Liquor (excl. Drunkenness)": 1, "Miscellaneous Offences": 4, "Weapons Act Offences": 3, "Robbery": 2}, "borders": [{"name": "Coomera", "key": "coomera", "cr": 21}, {"name": "Helensvale", "key": "helensvale", "cr": 13}, {"name": "Paradise Point", "key": "paradise-point", "cr": 8}], "polygon": [[153.380892612, -27.857823737], [153.3784489334, -27.8555554748], [153.3692613691, -27.8532425687], [153.3632487133, -27.8490498662], [153.3571074679, -27.8462815136], [153.3547375873, -27.846546106], [153.3530685306, -27.8486991674], [153.3492597118, -27.857313551], [153.3459060043, -27.8583551794], [153.342745468, -27.8573926464], [153.34128768, -27.8586785942], [153.3350425512, -27.8739514872], [153.3340758011, -27.8785474598], [153.3347513229, -27.8798158765], [153.3333202228, -27.8803912029], [153.3328010589, -27.8815662563], [153.3390006125, -27.8832126632], [153.3424540162, -27.882599704], [153.3451222926, -27.8797197491], [153.3525078446, -27.8794064745], [153.35629154, -27.8817077354], [153.3601005971, -27.8822351247], [153.3640603796, -27.8853810802], [153.3643828407, -27.8880359679], [153.3659558892, -27.8888211176], [153.3726784885, -27.8830933124], [153.3746682107, -27.8834003955], [153.3767645583, -27.8859634399], [153.3794588, -27.8854263648], [153.3816224188, -27.8834567517], [153.3787142485, -27.8797215596], [153.3778603375, -27.8754848912], [153.3787862509, -27.8736006543], [153.3804073259, -27.8727395311], [153.3823041692, -27.8666027933], [153.3821756467, -27.8610244989], [153.380892612, -27.857823737]]}