{"name": "Hope Vale - Cook", "key": "hope-vale-cook", "pops": 1015, "cr": 3, "bounds": [145.1768526211, -15.4234778211, 145.1872691065, -15.4168918952], "crime": {"total": 10, "Other Property Damage": 4, "Weapons Act Offences": 1, "Liquor (excl. Drunkenness)": 2, "Traffic and Related Offences": 2, "Other Offences Against the Person": 1}, "borders": [{"name": "Cooktown", "key": "cooktown", "cr": 41}, {"name": "Hope Vale - Hope Vale", "key": "hope-vale-hope-vale", "cr": 67}], "polygon": [[145.1857186183, -15.4227011427], [145.1872691065, -15.4177082926], [145.177371338, -15.4168918952], [145.1768526211, -15.4228077233], [145.1849774271, -15.4234778211], [145.1857186183, -15.4227011427]]}