{"name": "Horn", "key": "horn", "pops": 531, "cr": 43, "bounds": [142.2226152718, -10.6797967702, 142.4011789858, -10.5541739389], "crime": {"total": 83, "Weapons Act Offences": 2, "Unlawful Entry": 15, "Other Property Damage": 13, "Assault": 15, "Other Offences Against the Person": 4, "Drug Offences": 4, "Traffic and Related Offences": 4, "Miscellaneous Offences": 1, "Other Theft (excl. Unlawful Entry)": 14, "Trespassing and Vagrancy": 2, "Good Order Offences": 4, "Unlawful Use of Motor Vehicle": 4, "Fraud": 1}, "borders": [{"name": "Punsand", "key": "punsand", "cr": 43}, {"name": "Prince Of Wales", "key": "prince-of-wales", "cr": 21}, {"name": "Thursday Island", "key": "thursday-island", "cr": 30}], "polygon": [[142.2786487415, -10.5541739389], [142.2406749874, -10.5803772807], [142.2238690332, -10.6010814384], [142.2226152718, -10.6072566286], [142.235261485, -10.62946596], [142.2579986528, -10.6467207074], [142.3242878914, -10.6797967702], [142.4011789858, -10.6780755743], [142.3988808915, -10.5730567351], [142.3639514446, -10.5731320903], [142.2786487415, -10.5541739389]]}