{"name": "Horseshoe Bay", "key": "horseshoe-bay", "pops": 578, "cr": 9, "bounds": [146.8326218948, -19.1357865706, 146.8696031049, -19.1114509106], "crime": {"total": 26, "Other Theft (excl. Unlawful Entry)": 5, "Good Order Offences": 2, "Fraud": 1, "Other Offences Against the Person": 1, "Traffic and Related Offences": 12, "Drug Offences": 2, "Other Property Damage": 1, "Weapons Act Offences": 1, "Liquor (excl. Drunkenness)": 1}, "borders": [{"name": "Arcadia", "key": "arcadia", "cr": 28}, {"name": "Coral Sea - Townsville", "key": "coral-sea-townsville", "cr": 19}, {"name": "West Point", "key": "west-point", "cr": 18}], "polygon": [[146.8530056402, -19.1185530275], [146.8480389789, -19.1179066524], [146.8432324529, -19.1158951819], [146.8408140838, -19.1143267974], [146.8400790766, -19.1114509106], [146.8327183723, -19.1164341196], [146.8326218948, -19.1216269732], [146.841726914, -19.1256873533], [146.8422308639, -19.1308215484], [146.8485070094, -19.1340117604], [146.8561419323, -19.133187972], [146.8651851192, -19.1357865706], [146.8696031049, -19.1324999109], [146.8687982187, -19.1231133714], [146.8665073588, -19.1158872619], [146.8653829694, -19.1147400662], [146.8625449315, -19.117397666], [146.8624045029, -19.1165615767], [146.8578915596, -19.1181106195], [146.8530056402, -19.1185530275]]}