{"name": "Hyde Park", "key": "hyde-park", "pops": 1387, "cr": 43, "bounds": [146.7914911732, -19.2851665169, 146.80438824, -19.2710695341], "crime": {"total": 281, "Other Theft (excl. Unlawful Entry)": 61, "Traffic and Related Offences": 23, "Fraud": 21, "Other Property Damage": 15, "Drug Offences": 35, "Unlawful Entry": 36, "Assault": 28, "Robbery": 4, "Unlawful Use of Motor Vehicle": 12, "Good Order Offences": 35, "Handling Stolen Goods": 3, "Weapons Act Offences": 3, "Trespassing and Vagrancy": 2, "Miscellaneous Offences": 1, "Arson": 1, "Other Offences Against the Person": 1}, "borders": [{"name": "Hermit Park", "key": "hermit-park", "cr": 39}, {"name": "Mysterton", "key": "mysterton", "cr": 18}, {"name": "Pimlico", "key": "pimlico", "cr": 49}, {"name": "West End - Townsville", "key": "west-end-townsville", "cr": 40}], "polygon": [[146.7999620214, -19.2718237713], [146.7926975638, -19.2710695341], [146.7914911732, -19.2817428932], [146.7940586209, -19.2820403203], [146.7945608944, -19.2831870466], [146.7961089835, -19.2837483957], [146.7965488359, -19.2850996554], [146.7972359806, -19.2851665169], [146.8009377122, -19.2756606564], [146.80438824, -19.272343114], [146.7999620214, -19.2718237713]]}