{"name": "Injinoo - Northern Peninsula", "key": "injinoo-northern-peninsula", "pops": 561, "cr": 28, "bounds": [142.1001455262, -10.9973876774, 142.1167050302, -10.9674680457], "crime": {"total": 61, "Traffic and Related Offences": 19, "Other Property Damage": 7, "Assault": 19, "Unlawful Entry": 2, "Good Order Offences": 6, "Other Theft (excl. Unlawful Entry)": 4, "Miscellaneous Offences": 1, "Trespassing and Vagrancy": 1, "Other Offences Against the Person": 1, "Arson": 1}, "borders": [{"name": "Injinoo - Torres", "key": "injinoo-torres", "cr": 0}], "polygon": [[142.1134533435, -10.9691587165], [142.1116087288, -10.9677724093], [142.108906962, -10.9675581902], [142.1022590175, -10.9726148322], [142.1009354591, -10.9745698944], [142.1001554802, -10.9848949239], [142.101158984, -10.9904634953], [142.1036668643, -10.9949472323], [142.1076351404, -10.9973876774], [142.1157093048, -10.9955559596], [142.1167050302, -10.9929415658], [142.116374068, -10.9914425835], [142.1141162515, -10.990587756], [142.1130263731, -10.9891305119], [142.1083898172, -10.9901313484], [142.1027597636, -10.9888133109], [142.1006808802, -10.9864809066], [142.1004162282, -10.9815681949], [142.1018759236, -10.9791002348], [142.1018802971, -10.9776194915], [142.1038185656, -10.9774079025], [142.1054499522, -10.9787073508], [142.1067676321, -10.9786187857], [142.1072895378, -10.9758210555], [142.1100756973, -10.9722143188], [142.1134533957, -10.9723344743], [142.1122955829, -10.971140489], [142.1090311036, -10.9707140252], [142.1101503521, -10.9695019871], [142.1123583913, -10.9694841951], [142.1146360487, -10.9722619578], [142.1156999394, -10.9720632359], [142.1134533435, -10.9691587165]]}