{"name": "Innot Hot Springs", "key": "innot-hot-springs", "pops": 177, "cr": 31, "bounds": [145.1313703358, -17.9406820089, 145.4279904291, -17.648748219], "crime": {"total": 19, "Unlawful Entry": 3, "Good Order Offences": 2, "Trespassing and Vagrancy": 3, "Traffic and Related Offences": 2, "Assault": 3, "Miscellaneous Offences": 1, "Other Property Damage": 1, "Other Offences Against the Person": 1, "Unlawful Use of Motor Vehicle": 1, "Drug Offences": 1, "Arson": 1}, "borders": [{"name": "Gunnawarra", "key": "gunnawarra", "cr": 0}, {"name": "Millstream", "key": "millstream", "cr": 6}, {"name": "Mount Garnet", "key": "mount-garnet", "cr": 41}, {"name": "Silver Valley", "key": "silver-valley", "cr": 12}], "polygon": [[145.2918009311, -17.6540741697], [145.2868168354, -17.6495016217], [145.2845958844, -17.648748219], [145.2804000825, -17.6499533728], [145.2764939442, -17.6534328088], [145.2635234967, -17.6602611989], [145.2432034388, -17.664729327], [145.2432904616, -17.6625176743], [145.2387114391, -17.6623456255], [145.2386642843, -17.6603635922], [145.2374750301, -17.6606782898], [145.2371727154, -17.6622877792], [145.2334025577, -17.6621460095], [145.2331165597, -17.6694038883], [145.2320831567, -17.6697914153], [145.2312365547, -17.6679769531], [145.2101375312, -17.6713689938], [145.205882825, -17.6712947413], [145.2011900172, -17.6675508767], [145.1983149946, -17.663687326], [145.1971556842, -17.6634539291], [145.1905745417, -17.6666362658], [145.1917636544, -17.6750111729], [145.186045669, -17.6768679544], [145.1827034131, -17.6833539084], [145.1791378707, -17.6805574894], [145.1779531017, -17.6815809757], [145.1723961234, -17.6827386394], [145.1653932482, -17.6872555912], [145.1584846675, -17.6871150434], [145.1526856571, -17.6853825748], [145.1427081004, -17.6904768795], [145.1388107836, -17.6965653896], [145.1386171579, -17.6982488185], [145.1394907609, -17.6985499486], [145.1382294819, -17.7008807808], [145.1313703358, -17.7682933286], [145.1667917594, -17.7711406648], [145.1669714898, -17.7721654177], [145.168774493, -17.7734914795], [145.1717049405, -17.7715689167], [145.1734182909, -17.7715699077], [145.1738315299, -17.7722015083], [145.1725319549, -17.7727107182], [145.1721765399, -17.7737779319], [145.1724491939, -17.7763945982], [145.1734750345, -17.7775138691], [145.1749754548, -17.7771368921], [145.1758004129, -17.7777872607], [145.1747238189, -17.7785827294], [145.1755178273, -17.7796398401], [145.1791485474, -17.7770070583], [145.1832558513, -17.7765623182], [145.1853118539, -17.7778343558], [145.1855312213, -17.7769194841], [145.186932072, -17.7763283402], [145.1875295267, -17.7712582722], [145.1887729242, -17.7713147625], [145.1899272576, -17.7733338401], [145.1916187778, -17.7740682438], [145.1909014061, -17.7762159705], [145.1914622635, -17.7779870704], [145.1925038397, -17.7780627906], [145.1932983845, -17.7768857405], [145.1950753182, -17.7772906274], [145.1950355694, -17.7796896473], [145.1969100907, -17.7792345434], [145.1971963122, -17.7779999897], [145.1986364797, -17.778725557], [145.2007909417, -17.7776581571], [145.2037931606, -17.7783176973], [145.2038777545, -17.7842852697], [145.2020870671, -17.7873981073], [145.2007201165, -17.7924870402], [145.2005804852, -17.8087258935], [145.1972739473, -17.8118747324], [145.1962368265, -17.8145772815], [145.1971684247, -17.8164418861], [145.2053979635, -17.8245376572], [145.2083693519, -17.8256832138], [145.2138187587, -17.8241546378], [145.2154374346, -17.8248802274], [145.2159215435, -17.8305873945], [145.2178133503, -17.8344599679], [145.2207005695, -17.8363216519], [145.2286019176, -17.8377376348], [145.2303057536, -17.8399336264], [145.2327216864, -17.8458425924], [145.2350182459, -17.85402859], [145.2395287678, -17.8578622118], [145.2413993403, -17.8610832021], [145.214572452, -17.8591025621], [145.2116719931, -17.8601706401], [145.153462939, -17.8523580953], [145.1509028301, -17.8666502461], [145.1456516013, -17.8662079498], [145.144591786, -17.8685029298], [145.1538008824, -17.9126773924], [145.157587342, -17.9127634168], [145.16249834, -17.9152443185], [145.1648117453, -17.9175394177], [145.1663221642, -17.9175681099], [145.167806834, -17.9191787168], [145.1737624556, -17.9197755083], [145.1758819148, -17.9182813242], [145.1786932498, -17.9185651019], [145.1799752191, -17.9169526473], [145.1842692122, -17.9170159623], [145.1860050559, -17.9178087488], [145.1892649159, -17.921663031], [145.1933683902, -17.9234028235], [145.1962983981, -17.9234272912], [145.1976057962, -17.924469471], [145.1989155263, -17.9239602834], [145.1991020069, -17.9276710227], [145.197958447, -17.9295137376], [145.1961059272, -17.9284885898], [145.1955043599, -17.9334630445], [145.1983940974, -17.9333505481], [145.1993985772, -17.9316736013], [145.2021631077, -17.9307739213], [145.2062029839, -17.9323798791], [145.2032344043, -17.9293274879], [145.2022389621, -17.9257702902], [145.2067862526, -17.9247477353], [145.2072286159, -17.9235719442], [145.2114102319, -17.9204881713], [145.2141029835, -17.9226207137], [145.2226537988, -17.924471356], [145.2232534587, -17.9256850109], [145.2227094471, -17.9265587181], [145.2195182368, -17.9283234701], [145.2195942178, -17.930871278], [145.2217538804, -17.9309030026], [145.2318871543, -17.9276241958], [145.2382889912, -17.9292005897], [145.2416048348, -17.93605683], [145.2447523847, -17.9397434667], [145.248603791, -17.9391685277], [145.2554881275, -17.9348908365], [145.2569728345, -17.936266616], [145.2568988129, -17.9349433184], [145.311451219, -17.9406820089], [145.3189030662, -17.8773266301], [145.3209728152, -17.8736111373], [145.3195359707, -17.8718001395], [145.3202225193, -17.8658057153], [145.415718548, -17.8720816672], [145.4279904291, -17.7567623258], [145.4142111689, -17.755178377], [145.4164469317, -17.7334949747], [145.4223847538, -17.7306201607], [145.4168883041, -17.7211350873], [145.41583924, -17.714518182], [145.4170796797, -17.7066536248], [145.4184741601, -17.704691723], [145.418793641, -17.6992246807], [145.4164241254, -17.7008457109], [145.4154944494, -17.6988273412], [145.4111497551, -17.695388265], [145.405940406, -17.6941816732], [145.4041218758, -17.6911172867], [145.400719583, -17.6890654117], [145.3968755677, -17.6888274923], [145.3869976327, -17.6800032333], [145.382752955, -17.678053312], [145.3778303787, -17.6706605628], [145.3559111431, -17.6637180522], [145.34897957, -17.6627742574], [145.3359833732, -17.6660925597], [145.3339286298, -17.6707785875], [145.3315896392, -17.6717418209], [145.3304799944, -17.6817162186], [145.3283689842, -17.6816449761], [145.324944891, -17.6781445965], [145.3224827796, -17.677963078], [145.3200718462, -17.6765526831], [145.3189821914, -17.6773588285], [145.3179449663, -17.6760276183], [145.3155976459, -17.6789266542], [145.3142652214, -17.6793479323], [145.3103805706, -17.6775921211], [145.3100349233, -17.6735447645], [145.3055135831, -17.6658813879], [145.3016196266, -17.6629381478], [145.2994171754, -17.6601032466], [145.2978071496, -17.6535447165], [145.2942439169, -17.6524798945], [145.2918009311, -17.6540741697]]}