{"name": "Jubilee Pocket", "key": "jubilee-pocket", "pops": 1817, "cr": 14, "bounds": [148.7182486877, -20.2986985818, 148.7413645759, -20.2753189206], "crime": {"total": 148, "Unlawful Entry": 5, "Drug Offences": 35, "Good Order Offences": 15, "Traffic and Related Offences": 43, "Other Property Damage": 9, "Other Theft (excl. Unlawful Entry)": 19, "Weapons Act Offences": 1, "Liquor (excl. Drunkenness)": 1, "Unlawful Use of Motor Vehicle": 2, "Fraud": 2, "Trespassing and Vagrancy": 1, "Assault": 13, "Other Offences Against the Person": 2}, "borders": [{"name": "Airlie Beach", "key": "airlie-beach", "cr": 88}, {"name": "Mandalay", "key": "mandalay", "cr": 7}], "polygon": [[148.7271317765, -20.2781822532], [148.7245553732, -20.2753189206], [148.7236187309, -20.2757921293], [148.7240464762, -20.276476182], [148.7228968292, -20.2798035592], [148.7182486877, -20.2832571566], [148.7220683247, -20.287841931], [148.7207678258, -20.2980586439], [148.7263626829, -20.2986985818], [148.72658097, -20.2970185205], [148.7410134152, -20.2986394987], [148.7410477251, -20.2955376804], [148.7370962203, -20.2950909063], [148.7385780513, -20.2834113389], [148.7348092124, -20.2816087976], [148.7349870726, -20.2805269435], [148.7338143364, -20.2800850868], [148.7339528427, -20.2790245935], [148.7318390161, -20.2777291685], [148.7291105241, -20.2791678309], [148.7271317765, -20.2781822532]]}