{"name": "Karana Downs", "key": "karana-downs", "pops": 3862, "cr": 4, "bounds": [152.8035507277, -27.5575534403, 152.8416676819, -27.527856119], "crime": {"total": 65, "Unlawful Entry": 8, "Other Theft (excl. Unlawful Entry)": 20, "Traffic and Related Offences": 9, "Other Property Damage": 8, "Good Order Offences": 2, "Drug Offences": 8, "Other Homicide": 1, "Fraud": 3, "Unlawful Use of Motor Vehicle": 3, "Handling Stolen Goods": 1, "Trespassing and Vagrancy": 1, "Assault": 1}, "borders": [{"name": "Chuwar - Ipswich", "key": "chuwar-ipswich", "cr": 8}, {"name": "Karalee", "key": "karalee", "cr": 9}, {"name": "Mount Crosby", "key": "mount-crosby", "cr": 2}], "polygon": [[152.8132916987, -27.5282866508], [152.8073460609, -27.5282482281], [152.8037822545, -27.5306874439], [152.8036652729, -27.5326477438], [152.8070226684, -27.5374729335], [152.8064715043, -27.5419360623], [152.8054879829, -27.5418071821], [152.8049620613, -27.5431197956], [152.8070746362, -27.5494955778], [152.8058913797, -27.5559532344], [152.8042933047, -27.5568164587], [152.8050175011, -27.5574436188], [152.8106745631, -27.557448253], [152.8201116547, -27.5559411719], [152.8225843087, -27.553787522], [152.8241001219, -27.5499120504], [152.8262609467, -27.5499147698], [152.8306641355, -27.5475764647], [152.8362174258, -27.5458915681], [152.8400600702, -27.5456249937], [152.8414673805, -27.5443565771], [152.8414218575, -27.5419027433], [152.8401368409, -27.5400186554], [152.8307047263, -27.5370386168], [152.8306588158, -27.5341200754], [152.8293862641, -27.5339343399], [152.8298900723, -27.5311123505], [152.8282592297, -27.5316850916], [152.8221851513, -27.5314461812], [152.8167241812, -27.528491199], [152.8132916987, -27.5282866508]]}