{"name": "Karumba", "key": "karumba", "pops": 531, "cr": 20, "bounds": [140.7881835923, -17.5517673865, 140.9579371661, -17.4024366736], "crime": {"total": 48, "Other Property Damage": 3, "Fraud": 1, "Traffic and Related Offences": 13, "Unlawful Use of Motor Vehicle": 1, "Good Order Offences": 3, "Unlawful Entry": 4, "Assault": 7, "Drug Offences": 10, "Miscellaneous Offences": 1, "Other Theft (excl. Unlawful Entry)": 3, "Liquor (excl. Drunkenness)": 1, "Weapons Act Offences": 1}, "borders": [{"name": "Howitt", "key": "howitt", "cr": 1}, {"name": "Normanton", "key": "normanton", "cr": 100}], "polygon": [[140.9144008085, -17.4559873194], [140.8659866452, -17.4024366736], [140.8550433666, -17.4193926975], [140.8516351432, -17.4231363609], [140.8462046832, -17.43693652], [140.8345361501, -17.4481663629], [140.8273496479, -17.4580193833], [140.8206553385, -17.4614772424], [140.8266088888, -17.4675591663], [140.8331469521, -17.4708965793], [140.8371476755, -17.4755131826], [140.8372809887, -17.4800985083], [140.8361935988, -17.483045876], [140.8320923969, -17.4889584407], [140.815224193, -17.5050959066], [140.7945876941, -17.5147147402], [140.7897558287, -17.5193412527], [140.788189359, -17.5235624909], [140.7881835923, -17.5285345986], [140.8025009707, -17.5482846051], [140.8075383529, -17.5511502251], [140.8118682802, -17.5517673865], [140.8155613542, -17.5503405258], [140.8184042498, -17.547141932], [140.8264414221, -17.5312110931], [140.830290243, -17.5283549577], [140.8340303004, -17.5272048041], [140.8447522596, -17.5304313004], [140.8581089005, -17.541747801], [140.8622954264, -17.5444255099], [140.8665382415, -17.5460933149], [140.8697951138, -17.5463563427], [140.8749076501, -17.5446471199], [140.8765330687, -17.5405225381], [140.8764783069, -17.5315415189], [140.878895022, -17.5267070979], [140.8833695874, -17.5226230919], [140.8885533065, -17.5192886069], [140.8929903433, -17.5180139542], [140.8971782103, -17.5179480612], [140.9013650045, -17.5198573098], [140.9039895013, -17.5232641771], [140.907658793, -17.5312519968], [140.9140207097, -17.5412108228], [140.9167189002, -17.5407806635], [140.9181945398, -17.5394417867], [140.9194720313, -17.5335708112], [140.9177114442, -17.531279318], [140.9109667689, -17.5305202231], [140.9103451669, -17.5285457596], [140.9122930244, -17.526745148], [140.9156313092, -17.5254344046], [140.9193684235, -17.5262532979], [140.9221019074, -17.5298795998], [140.9240235761, -17.5350679308], [140.9271061271, -17.5358363912], [140.9291699678, -17.5335908532], [140.928707689, -17.5302768424], [140.9245599881, -17.5271171629], [140.9240681529, -17.5254378095], [140.9298410118, -17.5215478465], [140.9307512864, -17.5200747326], [140.931379728, -17.5130246952], [140.9302912131, -17.5109559521], [140.9280203208, -17.5099765584], [140.927534461, -17.507885769], [140.9297365844, -17.5067967698], [140.9328187257, -17.5074428171], [140.9373149574, -17.5071217939], [140.9430733994, -17.5095310733], [140.9433972239, -17.5115828589], [140.939966388, -17.5138281435], [140.9392009377, -17.5156961158], [140.9396420196, -17.5185192153], [140.9408867285, -17.5192694142], [140.9427544847, -17.5182405412], [140.9433117732, -17.5148982629], [140.9452591687, -17.5146850795], [140.9579371661, -17.5041198581], [140.9144008085, -17.4559873194]]}