{"name": "Kelso", "key": "kelso", "pops": 10538, "cr": 22, "bounds": [146.6985060349, -19.4134431109, 146.7371850163, -19.3637515083], "crime": {"total": 802, "Assault": 181, "Good Order Offences": 46, "Unlawful Entry": 147, "Fraud": 14, "Other Offences Against the Person": 17, "Drug Offences": 75, "Other Theft (excl. Unlawful Entry)": 59, "Traffic and Related Offences": 48, "Other Property Damage": 117, "Weapons Act Offences": 15, "Unlawful Use of Motor Vehicle": 50, "Miscellaneous Offences": 6, "Trespassing and Vagrancy": 9, "Handling Stolen Goods": 9, "Robbery": 3, "Prostitution Offences": 1, "Arson": 4, "Other Homicide": 1}, "borders": [{"name": "Gumlow", "key": "gumlow", "cr": 7}, {"name": "Pinnacles", "key": "pinnacles", "cr": 44}, {"name": "Rasmussen", "key": "rasmussen", "cr": 44}], "polygon": [[146.7309317514, -19.3654341176], [146.71395237, -19.3637515083], [146.7140714377, -19.3672953993], [146.7123345658, -19.3705752268], [146.7093545943, -19.3719984666], [146.7090945914, -19.3705835342], [146.707844153, -19.3702402562], [146.7046527267, -19.3754642904], [146.7018631473, -19.3757371157], [146.6985060349, -19.4098498821], [146.7359145135, -19.4134431109], [146.7366130427, -19.4099027961], [146.733432956, -19.403876856], [146.7309729978, -19.396741569], [146.7305595726, -19.3930573836], [146.7360162511, -19.384667635], [146.7371012717, -19.3805046082], [146.7346293926, -19.3747750074], [146.7329767123, -19.365491271], [146.7309317514, -19.3654341176]]}