{"name": "Kensington Grove", "key": "kensington-grove", "pops": 1717, "cr": 8, "bounds": [152.4495810792, -27.5465961471, 152.4961977601, -27.5181665942], "crime": {"total": 72, "Other Theft (excl. Unlawful Entry)": 10, "Other Property Damage": 17, "Traffic and Related Offences": 3, "Weapons Act Offences": 1, "Drug Offences": 22, "Trespassing and Vagrancy": 2, "Unlawful Entry": 5, "Miscellaneous Offences": 1, "Unlawful Use of Motor Vehicle": 2, "Handling Stolen Goods": 1, "Assault": 5, "Fraud": 1, "Other Offences Against the Person": 2}, "borders": [{"name": "Brightview - Lockyer Valley", "key": "brightview-lockyer-valley", "cr": 5}, {"name": "Hatton Vale", "key": "hatton-vale", "cr": 12}, {"name": "Prenzlau", "key": "prenzlau", "cr": 3}, {"name": "Regency Downs", "key": "regency-downs", "cr": 9}], "polygon": [[152.4596126601, -27.519045271], [152.4529403076, -27.5181665942], [152.4516778886, -27.5250971019], [152.4523666799, -27.5251890495], [152.4495810792, -27.5396769717], [152.4737021104, -27.5422509462], [152.473682709, -27.5438466072], [152.4931821376, -27.5465961471], [152.4961977601, -27.5296144933], [152.4838091582, -27.527916573], [152.4844793081, -27.5243972912], [152.468086116, -27.521900475], [152.4685305059, -27.519581452], [152.4596126601, -27.519045271]]}