{"name": "Kewarra Beach", "key": "kewarra-beach", "pops": 5652, "cr": 7, "bounds": [145.6625699326, -16.8030086234, 145.6930330694, -16.7697514147], "crime": {"total": 175, "Traffic and Related Offences": 16, "Drug Offences": 37, "Assault": 24, "Other Property Damage": 19, "Other Theft (excl. Unlawful Entry)": 23, "Unlawful Use of Motor Vehicle": 11, "Unlawful Entry": 21, "Good Order Offences": 10, "Fraud": 5, "Robbery": 1, "Weapons Act Offences": 5, "Miscellaneous Offences": 2, "Handling Stolen Goods": 1}, "borders": [{"name": "Clifton Beach", "key": "clifton-beach", "cr": 7}, {"name": "Coral Sea - Cairns", "key": "coral-sea-cairns", "cr": 0}, {"name": "Smithfield", "key": "smithfield", "cr": 26}, {"name": "Trinity Beach", "key": "trinity-beach", "cr": 13}], "polygon": [[145.6914631128, -16.7827819437], [145.6930330694, -16.7813925743], [145.6921285391, -16.78036239], [145.6923814714, -16.7720041275], [145.688824974, -16.7697514147], [145.6734649539, -16.7830252126], [145.6748280153, -16.7777864933], [145.6734623238, -16.7788817361], [145.6729077771, -16.7782397121], [145.6654860526, -16.7841862813], [145.6638959423, -16.7831378877], [145.6625699326, -16.7940542027], [145.6654640138, -16.7943750024], [145.6645085812, -16.8020780981], [145.6729258075, -16.8030086234], [145.6770134419, -16.7978542], [145.6795414761, -16.7958732992], [145.6802023053, -16.7965776473], [145.6819799766, -16.7962120771], [145.6806631386, -16.7948465049], [145.6922081113, -16.7857800797], [145.6904159561, -16.783661522], [145.6914631128, -16.7827819437]]}