{"name": "Kilcoy", "key": "kilcoy", "pops": 1898, "cr": 21, "bounds": [152.5526375324, -26.9549957439, 152.572335884, -26.9284186065], "crime": {"total": 249, "Other Theft (excl. Unlawful Entry)": 39, "Assault": 14, "Unlawful Entry": 11, "Drug Offences": 76, "Good Order Offences": 16, "Weapons Act Offences": 14, "Unlawful Use of Motor Vehicle": 2, "Traffic and Related Offences": 56, "Other Offences Against the Person": 2, "Other Property Damage": 12, "Liquor (excl. Drunkenness)": 1, "Fraud": 3, "Trespassing and Vagrancy": 1, "Arson": 1, "Miscellaneous Offences": 1}, "borders": [{"name": "Woolmar", "key": "woolmar", "cr": 11}, {"name": "Sheep Station Creek", "key": "sheep-station-creek", "cr": 87}, {"name": "Winya", "key": "winya", "cr": 100}], "polygon": [[152.564866133, -26.9285573885], [152.5634963214, -26.928611815], [152.5641345903, -26.9295080453], [152.562154904, -26.9342857599], [152.5565661117, -26.9325957075], [152.5562200919, -26.9348011613], [152.5570949838, -26.9359534681], [152.5568924099, -26.9371538311], [152.5544210598, -26.936822474], [152.5533945188, -26.9423792809], [152.5545679927, -26.9428785071], [152.5548196509, -26.9443314672], [152.5527125522, -26.95160947], [152.5593986586, -26.952891998], [152.5613471866, -26.9549871534], [152.5619840994, -26.9546831697], [152.5619485229, -26.953253217], [152.5636881888, -26.952831611], [152.5644598827, -26.9518114552], [152.5626329035, -26.951146327], [152.5629455671, -26.9504381716], [152.566843234, -26.9507893175], [152.5693957806, -26.9498519078], [152.5697056651, -26.9478762448], [152.5679786578, -26.9435804784], [152.572335884, -26.9347006306], [152.5686110929, -26.9330309555], [152.5687622428, -26.9343292341], [152.566964671, -26.9335507005], [152.5678115562, -26.9317864031], [152.5658706129, -26.9314927608], [152.5665731505, -26.9309303164], [152.565899618, -26.9291956872], [152.5649144575, -26.9295352995], [152.564866133, -26.9285573885]]}