{"name": "Kings Beach", "key": "kings-beach", "pops": 2788, "cr": 16, "bounds": [153.1364405528, -26.8061827496, 153.1507947221, -26.7978932709], "crime": {"total": 198, "Other Property Damage": 18, "Other Theft (excl. Unlawful Entry)": 31, "Unlawful Entry": 35, "Unlawful Use of Motor Vehicle": 5, "Drug Offences": 43, "Assault": 24, "Good Order Offences": 16, "Handling Stolen Goods": 3, "Traffic and Related Offences": 7, "Weapons Act Offences": 5, "Other Offences Against the Person": 3, "Liquor (excl. Drunkenness)": 2, "Trespassing and Vagrancy": 3, "Fraud": 3}, "borders": [{"name": "Caloundra", "key": "caloundra", "cr": 32}, {"name": "Moffat Beach", "key": "moffat-beach", "cr": 12}, {"name": "Shelly Beach - Sunshine Coast", "key": "shelly-beach-sunshine-coast", "cr": 8}], "polygon": [[153.1391527355, -26.7983204499], [153.1375633627, -26.7978932709], [153.1372021064, -26.8032611161], [153.1364405528, -26.8041117936], [153.1392961442, -26.8061827496], [153.1427445188, -26.8027331755], [153.1432390288, -26.8034727871], [153.1448356658, -26.8024248481], [153.1498757824, -26.8028082848], [153.1507162452, -26.8021266162], [153.1500148624, -26.8000545949], [153.1391527355, -26.7983204499]]}