{"name": "Koongal", "key": "koongal", "pops": 4286, "cr": 20, "bounds": [150.5365021899, -23.3812729195, 150.5630672649, -23.3559787944], "crime": {"total": 403, "Weapons Act Offences": 11, "Other Property Damage": 33, "Drug Offences": 79, "Other Theft (excl. Unlawful Entry)": 73, "Assault": 43, "Unlawful Use of Motor Vehicle": 15, "Unlawful Entry": 45, "Robbery": 3, "Handling Stolen Goods": 6, "Good Order Offences": 35, "Other Offences Against the Person": 9, "Trespassing and Vagrancy": 3, "Traffic and Related Offences": 35, "Fraud": 8, "Arson": 4, "Miscellaneous Offences": 1}, "borders": [{"name": "Berserker", "key": "berserker", "cr": 48}, {"name": "Frenchville", "key": "frenchville", "cr": 12}, {"name": "Lakes Creek - Rockhampton", "key": "lakes-creek-rockhampton", "cr": 9}, {"name": "Port Curtis", "key": "port-curtis", "cr": 30}], "polygon": [[150.5563481674, -23.3560714349], [150.5520009696, -23.3563030362], [150.5512180924, -23.3579287156], [150.5456320494, -23.3571454734], [150.5454274788, -23.3584075123], [150.5383760557, -23.3574853018], [150.5398031399, -23.3585338071], [150.5407514647, -23.3619016036], [150.53937231, -23.3632524535], [150.539972432, -23.3640204445], [150.5388902947, -23.3647916391], [150.5391234308, -23.3660917953], [150.5375715345, -23.3660729527], [150.5382548124, -23.3675596565], [150.5371847153, -23.368256852], [150.5375494584, -23.3692048714], [150.5365021899, -23.3694908246], [150.5413742885, -23.3729637116], [150.5423314422, -23.3745544478], [150.5486076176, -23.3754508346], [150.5494286716, -23.3771162033], [150.5515298545, -23.377114743], [150.5576918349, -23.3812729195], [150.5605604276, -23.3607614487], [150.5592497662, -23.3605930731], [150.559385106, -23.3597488701], [150.5630672649, -23.3590728566], [150.5618101209, -23.3588976711], [150.5619606152, -23.3578589112], [150.5561838672, -23.3572116494], [150.5563481674, -23.3560714349]]}