{"name": "Kowanyama", "key": "kowanyama", "pops": 944, "cr": 100, "bounds": [141.4836404771, -15.5691439584, 142.1346841156, -14.9891299158], "crime": {"total": 562, "Assault": 160, "Good Order Offences": 92, "Liquor (excl. Drunkenness)": 46, "Other Property Damage": 72, "Unlawful Use of Motor Vehicle": 10, "Unlawful Entry": 46, "Other Theft (excl. Unlawful Entry)": 25, "Miscellaneous Offences": 4, "Trespassing and Vagrancy": 15, "Drug Offences": 24, "Traffic and Related Offences": 48, "Handling Stolen Goods": 2, "Fraud": 2, "Other Offences Against the Person": 11, "Arson": 1, "Weapons Act Offences": 4}, "borders": [{"name": "Maramie", "key": "maramie", "cr": 46}, {"name": "Yagoonya", "key": "yagoonya", "cr": 59}], "polygon": [[142.1346841156, -14.9891299158], [142.1259067729, -14.993836455], [142.119756937, -14.9999763146], [142.1174111813, -15.0052560344], [142.1147123352, -15.0072506666], [142.1133038551, -15.0100666508], [142.112013422, -15.0164027438], [142.113891013, -15.0200399235], [142.1127176359, -15.0220345631], [142.1103709117, -15.0230908841], [142.0993412808, -15.0336504504], [142.1000454575, -15.0351759419], [142.0988721177, -15.0397514328], [142.0865850896, -15.0474079773], [142.07889954, -15.0582025126], [142.0774330422, -15.0590828359], [142.0745841488, -15.0581735373], [142.0705947876, -15.0605202541], [142.0640576854, -15.0689390302], [142.057310462, -15.0712268502], [142.0559610426, -15.0743948594], [142.0527349561, -15.0775038674], [142.0482174307, -15.0769177005], [142.03929957, -15.0787363201], [142.0353102535, -15.0781490952], [142.0307347476, -15.0812001452], [142.0261001661, -15.082490541], [142.0247507766, -15.0817862898], [142.018355675, -15.0871840641], [142.0146014541, -15.0878883004], [142.0130169019, -15.0890616849], [142.0140142143, -15.0915835723], [142.000755839, -15.0939893425], [141.9954761192, -15.0925228223], [141.9897672683, -15.0862748399], [141.9833431318, -15.0894127861], [141.9775242507, -15.0941063687], [141.9707770422, -15.096336104], [141.9666116536, -15.0995621905], [141.961097829, -15.1013227478], [141.956052132, -15.1049599573], [141.9541455656, -15.104666844], [141.9456977695, -15.1067195833], [141.9407661483, -15.1065144688], [141.9368788674, -15.1120142862], [141.9335347787, -15.1142730489], [141.9281970114, -15.1148452684], [141.9252630398, -15.1113250554], [141.9201743379, -15.1105328202], [141.9151286706, -15.1109439582], [141.9121366888, -15.1160626486], [141.9100250155, -15.1150803268], [141.9041431248, -15.1165167987], [141.9012391642, -15.1150212958], [141.898628287, -15.1166047826], [141.8963845074, -15.1150063202], [141.8918970749, -15.1162977144], [141.8883469328, -15.118907541], [141.886323221, -15.1187755242], [141.8836983368, -15.1214454025], [141.880911462, -15.1199048683], [141.8747224137, -15.1223396882], [141.871451363, -15.1262269914], [141.8662006482, -15.1246274188], [141.8602316752, -15.1273123547], [141.8579868823, -15.1264170259], [141.8517098725, -15.1261679903], [141.8482337222, -15.1273853779], [141.8462100625, -15.1261239052], [141.8446114734, -15.1264170408], [141.8438632265, -15.1253026798], [141.8435551599, -15.1266961172], [141.8383044451, -15.1299962476], [141.8345501944, -15.1305094138], [141.8323064372, -15.1315357536], [141.8311911151, -15.13303224], [141.8237826526, -15.1364123002], [141.8215779513, -15.1358901411], [141.8181888238, -15.1324300691], [141.8172825351, -15.1324130073], [141.8155739233, -15.1343126446], [141.8115566447, -15.1345567703], [141.8086446673, -15.1369515359], [141.8050144613, -15.1378248036], [141.8054676205, -15.1402816549], [141.8045443669, -15.14204216], [141.8011282012, -15.1419031322], [141.79448203, -15.1445450336], [141.7915730998, -15.1440478414], [141.7899275497, -15.1467267275], [141.7875927389, -15.1468037814], [141.786521405, -15.1460375413], [141.784989886, -15.1425174028], [141.7826941535, -15.1406797245], [141.7776034996, -15.1399915293], [141.7774123996, -15.1411008611], [141.7750396058, -15.1420962662], [141.7720926255, -15.1402975991], [141.7683424279, -15.142746456], [141.7657395303, -15.142364338], [141.7633287758, -15.1386131123], [141.7633667663, -15.1406037509], [141.7606878728, -15.1411389187], [141.76019077, -15.140832819], [141.7612240613, -15.1388051137], [141.7607649267, -15.1382309869], [141.7583531663, -15.1397234499], [141.7579329684, -15.1414839923], [141.7586212307, -15.1417900845], [141.7567466199, -15.1423642784], [141.756746605, -15.1433976367], [141.7560954094, -15.1424403265], [141.7543737888, -15.1430145279], [141.7528493777, -15.145529516], [141.7501484975, -15.1443150938], [141.7492335811, -15.1411954165], [141.7478817478, -15.1402257904], [141.7465313226, -15.1410220265], [141.7459445298, -15.1421647072], [141.7471219599, -15.1453157887], [141.7467733771, -15.1482933536], [141.744904168, -15.1501653418], [141.741231963, -15.149865225], [141.7382220328, -15.1456508562], [141.7310686782, -15.1452357024], [141.7300843224, -15.1444344595], [141.7301533669, -15.141687572], [141.7232171223, -15.1397189274], [141.7214085385, -15.136147745], [141.7213854864, -15.1331487074], [141.7197149694, -15.1339959949], [141.7204011753, -15.1302187443], [141.7183184624, -15.1278159544], [141.716922015, -15.1282961592], [141.7173802182, -15.1270606965], [141.7206893042, -15.1245469004], [141.7201040536, -15.1219100505], [141.7116572708, -15.1217039749], [141.7087963894, -15.1185449436], [141.7092535272, -15.115477927], [141.7113141641, -15.1127990112], [141.7183415145, -15.1122958735], [141.7167620063, -15.1099841371], [141.7138780728, -15.1102352142], [141.7098257169, -15.1123878583], [141.7082011774, -15.1117466539], [141.7064386308, -15.1078093573], [141.7042869106, -15.1094799116], [141.7014709935, -15.1093889326], [141.700189583, -15.1071451381], [141.7006697059, -15.1039861068], [141.698724106, -15.1015603542], [141.6957941055, -15.1003469452], [141.6899571791, -15.1020865291], [141.6884236857, -15.1041922271], [141.6880835891, -15.1080824658], [141.6860059053, -15.1103381738], [141.6741980687, -15.1118306592], [141.6726105213, -15.1110084206], [141.6666285917, -15.102333568], [141.6588319913, -15.094905071], [141.6548627391, -15.0920422077], [141.6493059248, -15.090000473], [141.6468111128, -15.0877607241], [141.6468681023, -15.0866553858], [141.6445143521, -15.0836783871], [141.6433519721, -15.0788587853], [141.6456207186, -15.0705520436], [141.6449404508, -15.0705811083], [141.6369448751, -15.0900004879], [141.6370018497, -15.0920701772], [141.6380582303, -15.0930505022], [141.6396307424, -15.0980681553], [141.6383853331, -15.0998797566], [141.6352223009, -15.1017803848], [141.6331716031, -15.1045633182], [141.6324393824, -15.1033909246], [141.629656449, -15.1052955687], [141.6295104027, -15.1086636856], [141.6393186152, -15.1308880225], [141.6389744952, -15.1278240085], [141.6302416176, -15.1092088595], [141.6303176582, -15.105531618], [141.6323093325, -15.1045743227], [141.6321943104, -15.1086345986], [141.6352593005, -15.1112004817], [141.6367527694, -15.1142645255], [141.6398548186, -15.1226913035], [141.6406600326, -15.1291643828], [141.6372729093, -15.1449855864], [141.6355153546, -15.1496721879], [141.6302026287, -15.1571256593], [141.6327694803, -15.1588872224], [141.6329995617, -15.1608408689], [141.6276367828, -15.167505078], [141.6283640489, -15.1647481173], [141.631582059, -15.1619511917], [141.6324243173, -15.1601896659], [141.6301646084, -15.159270294], [141.62947537, -15.1575847492], [141.6277528033, -15.1586071104], [141.6267274842, -15.1613890454], [141.6230663061, -15.164758116], [141.6195511594, -15.1695907786], [141.5984612554, -15.1889241412], [141.5949460864, -15.1941958666], [141.593920745, -15.1984432489], [141.5839124471, -15.2042461559], [141.5812975988, -15.2071721628], [141.5800831914, -15.212775968], [141.5807063803, -15.2171964347], [141.5802392438, -15.2308939621], [141.5780295059, -15.2489808649], [141.5719274953, -15.2828510478], [141.566759795, -15.2997236252], 