{"name": "Kulangoor", "key": "kulangoor", "pops": 480, "cr": 28, "bounds": [152.93571648, -26.6020596176, 152.9714627042, -26.5747114196], "crime": {"total": 56, "Other Theft (excl. Unlawful Entry)": 12, "Unlawful Entry": 9, "Drug Offences": 6, "Traffic and Related Offences": 7, "Trespassing and Vagrancy": 1, "Weapons Act Offences": 1, "Good Order Offences": 2, "Other Property Damage": 4, "Assault": 8, "Unlawful Use of Motor Vehicle": 1, "Fraud": 4, "Other Offences Against the Person": 1}, "borders": [{"name": "Image Flat", "key": "image-flat", "cr": 11}, {"name": "Kiamba", "key": "kiamba", "cr": 17}, {"name": "Parklands", "key": "parklands", "cr": 25}, {"name": "Yandina", "key": "yandina", "cr": 16}], "polygon": [[152.952997528, -26.5757512748], [152.9460903183, -26.5747908577], [152.9446453005, -26.5821224526], [152.9365687892, -26.5808352306], [152.93571648, -26.5861523673], [152.9389046952, -26.5866230875], [152.9378217533, -26.5930365995], [152.9396769851, -26.5933179706], [152.9383219555, -26.6009274647], [152.9469254687, -26.6020596176], [152.9484125376, -26.5937130079], [152.9576935768, -26.5952004194], [152.9616692588, -26.6006634012], [152.9619771838, -26.5989099443], [152.963970378, -26.5991953537], [152.9632361829, -26.5971397534], [152.9611670151, -26.5955875069], [152.9612154141, -26.594231531], [152.9714627042, -26.595869109], [152.9681749493, -26.5873122886], [152.9636257291, -26.5809647217], [152.9630120248, -26.5774649307], [152.952997528, -26.5757512748]]}