{"name": "Kuluin", "key": "kuluin", "pops": 2363, "cr": 8, "bounds": [153.0464093834, -26.663123019, 153.0657443106, -26.6520728767], "crime": {"total": 86, "Assault": 15, "Other Property Damage": 6, "Traffic and Related Offences": 19, "Unlawful Entry": 5, "Other Theft (excl. Unlawful Entry)": 8, "Good Order Offences": 3, "Handling Stolen Goods": 1, "Other Offences Against the Person": 3, "Weapons Act Offences": 1, "Drug Offences": 17, "Unlawful Use of Motor Vehicle": 2, "Miscellaneous Offences": 1, "Trespassing and Vagrancy": 2, "Fraud": 3}, "borders": [{"name": "Buderim", "key": "buderim", "cr": 4}, {"name": "Diddillibah", "key": "diddillibah", "cr": 8}, {"name": "Kunda Park", "key": "kunda-park", "cr": 100}, {"name": "Maroochydore", "key": "maroochydore", "cr": 21}], "polygon": [[153.056764029, -26.6525620967], [153.0531957224, -26.6520728767], [153.0532147586, -26.6533846557], [153.0496557802, -26.6543377638], [153.047539413, -26.6529655233], [153.0464093834, -26.6583586261], [153.0485870242, -26.6584293023], [153.0478645414, -26.6620807797], [153.0590779185, -26.663123019], [153.0627639368, -26.662463285], [153.0656652451, -26.6609100401], [153.0657443106, -26.6544686407], [153.0620329976, -26.6527667046], [153.056764029, -26.6525620967]]}