{"name": "Kuranda", "key": "kuranda", "pops": 3008, "cr": 36, "bounds": [145.5404747203, -16.8896585926, 145.6693920195, -16.7730847597], "crime": {"total": 453, "Other Property Damage": 45, "Traffic and Related Offences": 81, "Drug Offences": 34, "Assault": 44, "Other Theft (excl. Unlawful Entry)": 58, "Fraud": 8, "Good Order Offences": 72, "Unlawful Entry": 71, "Unlawful Use of Motor Vehicle": 7, "Robbery": 1, "Other Offences Against the Person": 4, "Handling Stolen Goods": 4, "Trespassing and Vagrancy": 11, "Miscellaneous Offences": 3, "Liquor (excl. Drunkenness)": 5, "Weapons Act Offences": 2, "Arson": 3}, "borders": [{"name": "Koah", "key": "koah", "cr": 15}, {"name": "Mona Mona", "key": "mona-mona", "cr": 18}, {"name": "Speewah", "key": "speewah", "cr": 8}], "polygon": [[145.6472518891, -16.7776105925], [145.6434270591, -16.7747604176], [145.6384496093, -16.7733371183], [145.6347871646, -16.7757348195], [145.6257741377, -16.7854920551], [145.6222786978, -16.78430029], [145.6187395602, -16.784999758], [145.6146141142, -16.782086648], [145.6111612469, -16.7846463397], [145.6090284809, -16.7901920974], [145.6041183099, -16.7926686257], [145.5992685109, -16.7931420654], [145.5978545472, -16.7959732488], [145.5921279863, -16.7948081121], [145.5920919403, -16.7936882526], [145.5852291733, -16.7930217311], [145.5845905021, -16.7997040078], [145.5823590457, -16.7995302156], [145.578736715, -16.7959412262], [145.577030696, -16.796061404], [145.5777441263, -16.7884291261], [145.5797446221, -16.788617067], [145.58048141, -16.7812978253], [145.576036863, -16.7793048695], [145.5748155266, -16.7776759118], [145.5703461766, -16.7800094187], [145.5649645925, -16.7796975821], [145.5633728281, -16.7872129232], [145.5647020489, -16.7873383239], [145.5635019839, -16.7981870845], [145.5584022105, -16.7976331562], [145.5495493487, -16.7934318632], [145.5466037691, -16.797325924], [145.5463367179, -16.7995878831], [145.548065789, -16.800034903], [145.5449666604, -16.8042951077], [145.5482442975, -16.8069011793], [145.5456628352, -16.8078939021], [145.5426897109, -16.8117460459], [145.5404747203, -16.8118271902], [145.5426732823, -16.8254165947], [145.5453136936, -16.8262856007], [145.5495806262, -16.8242105469], [145.5519235656, -16.8247601017], [145.5532940552, -16.8270395547], [145.5558534116, -16.8272439316], [145.5555933118, -16.829358153], [145.554616414, -16.8293590322], [145.5505682528, -16.8634447828], [145.5516886562, -16.8648214564], [145.5514931083, -16.8665442243], [145.5585615337, -16.8704225346], [145.5682769567, -16.8732120395], [145.5712147728, -16.8720810413], [145.5823870748, -16.8717830256], [145.5828241184, -16.8680244759], [145.5857987478, -16.8679688945], [145.5857359543, -16.872016415], [145.5885036066, -16.8709018156], [145.5954463556, -16.8699691892], [145.5981722176, -16.8675972372], [145.6004692316, -16.8615969568], [145.6222043112, -16.8635913581], [145.6225539595, -16.8599243984], [145.6341083422, -16.8609884828], [145.631637536, -16.8859394267], [145.6692709923, -16.8896585926], [145.6657528207, -16.8842703402], [145.6640463024, -16.8842763305], [145.6633258611, -16.8810565993], [145.6595972776, -16.8812313303], [145.657954596, -16.8799129352], [145.656042695, -16.8795953766], [145.6516678557, -16.8807933629], [145.650944598, -16.8802954853], [145.6541285068, -16.8747763932], [145.6609207243, -16.8722664714], [145.6618850306, -16.869774051], [145.6642900929, -16.8698514849], [145.666100651, -16.8689002618], [145.6660489365, -16.8661904782], [145.6604924351, -16.8634223342], [145.6588018015, -16.8633793518], [145.6548743621, -16.8586053401], [145.6490938738, -16.8574624509], [145.6467871517, -16.8546490073], [145.6439240947, -16.8530318439], [145.6521740928, -16.8493116423], [145.6537781432, -16.8497105464], [145.6561839134, -16.8477165774], [145.6599094868, -16.8461723551], [145.6623383015, -16.8481244147], [145.6665849537, -16.8468773291], [145.6686459184, -16.8472314626], [145.6693920195, -16.8453461379], [145.6598691046, -16.8381677121], [145.6639805734, -16.8342255726], [145.6637927815, -16.8330437988], [145.6653864309, -16.8294653073], [145.6647829786, -16.8246447369], [145.6659443378, -16.8197884262], [145.6650690511, -16.818791084], [145.6603002474, -16.8171208203], [145.6597043276, -16.8123650849], [145.6549101472, -16.8064705431], [145.6539422274, -16.8032291979], [145.654133521, -16.7995181456], [145.6548751593, -16.7958106846], [145.6562066898, -16.7943079993], [145.6561665833, -16.7921864018], [145.6519886926, -16.783673808], [145.6522040889, -16.7770455107], [145.6472518891, -16.7776105925]]}