{"name": "Labrador", "key": "labrador", "pops": 18261, "cr": 17, "bounds": [153.3837369084, -27.9567377195, 153.415979296, -27.9344767556], "crime": {"total": 1493, "Miscellaneous Offences": 8, "Unlawful Entry": 136, "Drug Offences": 203, "Other Theft (excl. Unlawful Entry)": 409, "Good Order Offences": 62, "Traffic and Related Offences": 94, "Fraud": 90, "Other Property Damage": 154, "Unlawful Use of Motor Vehicle": 69, "Assault": 183, "Trespassing and Vagrancy": 13, "Weapons Act Offences": 19, "Other Offences Against the Person": 29, "Liquor (excl. Drunkenness)": 2, "Handling Stolen Goods": 11, "Robbery": 6, "Homicide (Murder)": 1, "Arson": 4}, "borders": [{"name": "Arundel", "key": "arundel", "cr": 12}, {"name": "Biggera Waters", "key": "biggera-waters", "cr": 17}, {"name": "Main Beach", "key": "main-beach", "cr": 24}, {"name": "Southport", "key": "southport", "cr": 30}], "polygon": [[153.3955339342, -27.9355813041], [153.3904367611, -27.9344767556], [153.389854081, -27.93647331], [153.3874574155, -27.9385565817], [153.3852205798, -27.9501118362], [153.3837369084, -27.9539087266], [153.4037022218, -27.9567377195], [153.4034246579, -27.9555580318], [153.4045654908, -27.9548495933], [153.4066167623, -27.9558329135], [153.4100090563, -27.9556097314], [153.4106944948, -27.9534438848], [153.415979296, -27.9512785748], [153.4154634103, -27.94498685], [153.4121359289, -27.9393379986], [153.4070815518, -27.9381577], [153.4027152583, -27.9359036535], [153.3955339342, -27.9355813041]]}