{"name": "Lamb Island", "key": "lamb-island", "pops": 432, "cr": 9, "bounds": [153.3693690002, -27.6345857531, 153.3929716945, -27.6130381376], "crime": {"total": 20, "Unlawful Entry": 2, "Traffic and Related Offences": 6, "Assault": 3, "Other Theft (excl. Unlawful Entry)": 2, "Drug Offences": 5, "Trespassing and Vagrancy": 1, "Miscellaneous Offences": 1}, "borders": [{"name": "Karragarra Island", "key": "karragarra-island", "cr": 9}, {"name": "Macleay Island", "key": "macleay-island", "cr": 15}], "polygon": [[153.3799170479, -27.6339562982], [153.3818479255, -27.6334951669], [153.3887290657, -27.6281372905], [153.3901153728, -27.6238508746], [153.3929716945, -27.620693326], [153.392793186, -27.6190038621], [153.3892709538, -27.6167476848], [153.3873617128, -27.6133346781], [153.3835016638, -27.6130381376], [153.3827103302, -27.6148647219], [153.3736250028, -27.6217549965], [153.3731532767, -27.6257027239], [153.3693690002, -27.6326653138], [153.3772811219, -27.6345857531], [153.3799170479, -27.6339562982]]}