{"name": "Little Mountain", "key": "little-mountain", "pops": 10212, "cr": 6, "bounds": [153.076256901, -26.8030752242, 153.109502621, -26.7684150413], "crime": {"total": 337, "Trespassing and Vagrancy": 9, "Traffic and Related Offences": 31, "Good Order Offences": 22, "Other Theft (excl. Unlawful Entry)": 98, "Unlawful Use of Motor Vehicle": 8, "Unlawful Entry": 15, "Assault": 43, "Other Offences Against the Person": 6, "Other Property Damage": 28, "Handling Stolen Goods": 6, "Drug Offences": 48, "Fraud": 7, "Weapons Act Offences": 6, "Arson": 3, "Miscellaneous Offences": 2, "Robbery": 4, "Liquor (excl. Drunkenness)": 1}, "borders": [{"name": "Aroona", "key": "aroona", "cr": 4}, {"name": "Caloundra West", "key": "caloundra-west", "cr": 7}, {"name": "Currimundi", "key": "currimundi", "cr": 9}, {"name": "Meridan Plains", "key": "meridan-plains", "cr": 11}], "polygon": [[153.0882819369, -26.7684150413], [153.0849423483, -26.7707139477], [153.0795330778, -26.7699200585], [153.077414684, -26.781139411], [153.0857537612, -26.7828507349], [153.0788677484, -26.7870850787], [153.076256901, -26.8025010377], [153.0803111792, -26.8030752242], [153.082883805, -26.8023093045], [153.0833002403, -26.7979697213], [153.0862470865, -26.7921941653], [153.0979222357, -26.7937575206], [153.0975739434, -26.7958622277], [153.1064041406, -26.7969041392], [153.109502621, -26.7748944238], [153.0934219062, -26.7728942633], [153.0935661048, -26.7719716728], [153.0878615677, -26.7711397335], [153.0882819369, -26.7684150413]]}