{"name": "Little Mulgrave", "key": "little-mulgrave", "pops": 249, "cr": 18, "bounds": [145.6803984717, -17.1548499092, 145.767836675, -17.1059076712], "crime": {"total": 14, "Traffic and Related Offences": 4, "Other Property Damage": 2, "Unlawful Use of Motor Vehicle": 1, "Unlawful Entry": 3, "Other Theft (excl. Unlawful Entry)": 2, "Weapons Act Offences": 1, "Assault": 1}, "borders": [{"name": "Goldsborough", "key": "goldsborough", "cr": 2}, {"name": "Gordonvale", "key": "gordonvale", "cr": 22}], "polygon": [[145.7096017152, -17.1069310158], [145.6987625286, -17.1059076712], [145.6980451792, -17.1129325405], [145.6861363798, -17.1118075624], [145.685770303, -17.1101166233], [145.6815154254, -17.1091245413], [145.6803984717, -17.120567292], [145.6859097406, -17.1210663319], [145.6846150905, -17.1342868507], [145.6927191839, -17.1350341588], [145.6921453029, -17.1408719495], [145.7048303634, -17.1420400962], [145.7046058178, -17.144236289], [145.7116362229, -17.144883886], [145.711220488, -17.1491998509], [145.7133764401, -17.1493892297], [145.7130509093, -17.1544808298], [145.7154057249, -17.1548499092], [145.7160481885, -17.1523487493], [145.717561692, -17.1506634429], [145.720325835, -17.1508765444], [145.7218852416, -17.1470964402], [145.7268204689, -17.1471838355], [145.7284392491, -17.146190837], [145.7320448309, -17.1411974952], [145.7369386852, -17.1396260187], [145.7394254878, -17.1411311403], [145.7417713702, -17.1447937638], [145.7448641211, -17.1455121934], [145.7526548877, -17.1413348019], [145.7540863305, -17.1424016431], [145.7600972205, -17.1411026791], [145.7612873837, -17.1401537284], [145.7601426542, -17.1383263692], [145.7613171786, -17.1365342736], [145.767836675, -17.1329704747], [145.7645519897, -17.1325235143], [145.764958404, -17.128827095], [145.7624506652, -17.1285764277], [145.7627036721, -17.1260279268], [145.7544638216, -17.1252224594], [145.7535973415, -17.1323848516], [145.7428455129, -17.1311585084], [145.741516687, -17.1417985186], [145.737708725, -17.1385118216], [145.7384300977, -17.1314103678], [145.7154624909, -17.1292153597], [145.716247119, -17.121490933], [145.7081934661, -17.1207455099], [145.7096017152, -17.1069310158]]}