{"name": "Lockhart River - Lockhart River", "key": "lockhart-river-lockhart-river", "pops": 724, "cr": 48, "bounds": [143.6109827459, -12.9856000468, 143.6134054139, -12.9842490256], "crime": {"total": 137, "Liquor (excl. Drunkenness)": 13, "Assault": 55, "Other Property Damage": 21, "Other Offences Against the Person": 4, "Other Theft (excl. Unlawful Entry)": 6, "Unlawful Entry": 5, "Good Order Offences": 15, "Unlawful Use of Motor Vehicle": 4, "Trespassing and Vagrancy": 2, "Weapons Act Offences": 1, "Drug Offences": 4, "Traffic and Related Offences": 6, "Miscellaneous Offences": 1}, "borders": [], "polygon": [[143.6128714308, -12.9855812788], [143.6132228673, -12.9842490256], [143.6109827459, -12.9853028581], [143.6112122461, -12.9855747521], [143.6128714308, -12.9855812788]]}