{"name": "Macleay Island", "key": "macleay-island", "pops": 2681, "cr": 15, "bounds": [153.3416881561, -27.6338087842, 153.3795263767, -27.5750946403], "crime": {"total": 211, "Drug Offences": 26, "Good Order Offences": 39, "Other Theft (excl. Unlawful Entry)": 34, "Arson": 1, "Other Property Damage": 19, "Trespassing and Vagrancy": 5, "Unlawful Use of Motor Vehicle": 3, "Assault": 20, "Robbery": 1, "Unlawful Entry": 20, "Other Offences Against the Person": 3, "Traffic and Related Offences": 24, "Weapons Act Offences": 4, "Fraud": 5, "Liquor (excl. Drunkenness)": 5, "Miscellaneous Offences": 2}, "borders": [{"name": "Karragarra Island", "key": "karragarra-island", "cr": 9}, {"name": "Lamb Island", "key": "lamb-island", "cr": 9}], "polygon": [[153.3647469431, -27.633791931], [153.3693690002, -27.6326653138], [153.3731532767, -27.6257027239], [153.3736250028, -27.6217549965], [153.3795263767, -27.616832301], [153.3786931857, -27.6127824858], [153.3761300668, -27.6071626097], [153.3691264912, -27.6015161574], [153.3686313033, -27.5952568799], [153.3741504848, -27.5892119706], [153.3698099777, -27.5867846459], [153.3697790951, -27.5807929784], [153.364837639, -27.5757361054], [153.3604390472, -27.5750946403], [153.3530222848, -27.5808557868], [153.3486568257, -27.5888835341], [153.3479815274, -27.5953101739], [153.3428302854, -27.6023901775], [153.3416881561, -27.609460175], [153.3450389728, -27.6158757135], [153.3445988074, -27.6233376488], [153.3492348939, -27.6268980429], [153.3544661999, -27.6277201623], [153.357999526, -27.6301788315], [153.3582822084, -27.6338087842], [153.3647469431, -27.633791931]]}