{"name": "Manly", "key": "manly", "pops": 4064, "cr": 11, "bounds": [153.1748328507, -27.4631559551, 153.1999295801, -27.4434996545], "crime": {"total": 240, "Other Theft (excl. Unlawful Entry)": 60, "Drug Offences": 26, "Good Order Offences": 34, "Weapons Act Offences": 4, "Other Property Damage": 35, "Unlawful Entry": 18, "Miscellaneous Offences": 1, "Traffic and Related Offences": 15, "Assault": 21, "Fraud": 10, "Unlawful Use of Motor Vehicle": 4, "Trespassing and Vagrancy": 4, "Liquor (excl. Drunkenness)": 2, "Other Offences Against the Person": 1, "Robbery": 1, "Arson": 1, "Other Homicide": 1, "Handling Stolen Goods": 2}, "borders": [{"name": "Lota", "key": "lota", "cr": 4}, {"name": "Manly West", "key": "manly-west", "cr": 6}, {"name": "Wynnum", "key": "wynnum", "cr": 10}], "polygon": [[153.18879278, -27.445100747], [153.183599554, -27.4434996545], [153.1820888221, -27.4458126575], [153.1838040426, -27.4467117861], [153.1795375124, -27.4532969296], [153.1778503209, -27.452845633], [153.1773334295, -27.454377383], [153.1748454496, -27.4562511444], [153.1767301634, -27.4583040327], [153.1767084152, -27.4594336003], [153.179973878, -27.4622599259], [153.1823461205, -27.4612090513], [153.1828539297, -27.4620630145], [153.1840282828, -27.4615724534], [153.1846761405, -27.4631559551], [153.1877514943, -27.4617875516], [153.1900853291, -27.4619521871], [153.194661878, -27.4589288086], [153.1987366751, -27.4604233876], [153.1975238994, -27.4586936235], [153.1993809938, -27.4586909786], [153.1999281421, -27.4569716752], [153.1967431903, -27.4547973648], [153.1962746382, -27.4523736984], [153.1951033697, -27.4512092099], [153.192404978, -27.4518866241], [153.1931875348, -27.4576968774], [153.1894552484, -27.4601387233], [153.1887836754, -27.4561751485], [153.1881588548, -27.4561735541], [153.1885294095, -27.4585940614], [153.1876570806, -27.4584569409], [153.1867457107, -27.456246376], [153.1871296018, -27.4537074193], [153.1886836737, -27.4541346356], [153.1893246025, -27.4524212182], [153.1919851005, -27.450661853], [153.1925376505, -27.4486778826], [153.1979590133, -27.4455843419], [153.197215192, -27.4436393008], [153.1940093413, -27.4447797835], [153.18879278, -27.445100747]]}