{"name": "Mapoon - Mapoon", "key": "mapoon-mapoon", "pops": 317, "cr": 15, "bounds": [142.0755110085, -12.3917412907, 142.2200385928, -12.278441444], "crime": {"total": 20, "Liquor (excl. Drunkenness)": 1, "Traffic and Related Offences": 2, "Assault": 6, "Other Theft (excl. Unlawful Entry)": 1, "Other Property Damage": 4, "Fraud": 1, "Good Order Offences": 2, "Drug Offences": 2, "Unlawful Entry": 1}, "borders": [{"name": "Mapoon - Cook", "key": "mapoon-cook", "cr": 8}, {"name": "Wenlock", "key": "wenlock", "cr": 95}], "polygon": [[142.2045179158, -12.2958825603], [142.2200385928, -12.278441444], [142.0755110085, -12.2791124955], [142.079567112, -12.2857979536], [142.0823509097, -12.2880449742], [142.0857754499, -12.2892224565], [142.0952483639, -12.2902929783], [142.1039715856, -12.2943602651], [142.107878916, -12.2952167988], [142.1098591089, -12.2970360294], [142.1115713641, -12.3002476767], [142.1134445742, -12.3117537498], [142.1122671366, -12.3143757135], [142.1070223823, -12.3193536028], [142.1067015529, -12.3205840588], [142.1080929413, -12.3226181939], [142.1122131497, -12.3255608901], [142.1136055663, -12.3286655545], [142.1134446561, -12.3314483762], [142.1119993106, -12.3355686888], [142.1101801395, -12.3381376117], [142.1038648859, -12.3411353528], [142.1039188132, -12.3455763906], [142.1067016646, -12.3492698371], [142.1128560081, -12.3521595746], [142.1131238863, -12.3563337922], [142.114836216, -12.3620063961], [142.1223289967, -12.3647362515], [142.1238803491, -12.367251128], [142.1230776981, -12.3701948971], [142.1194922403, -12.3708375767], [142.1225958839, -12.3779015914], [142.1228637844, -12.3803095445], [142.1208836883, -12.3841629326], [142.1203488931, -12.3873206452], [142.1237205192, -12.3905312568], [142.1261284128, -12.3902103603], [142.1293930486, -12.388284184], [142.1298748031, -12.3891397715], [142.128771387, -12.3917412907], [142.2045179158, -12.2958825603]]}