{"name": "Marcoola", "key": "marcoola", "pops": 3173, "cr": 12, "bounds": [153.0549323112, -26.6116042584, 153.0988540873, -26.5733602718], "crime": {"total": 188, "Other Theft (excl. Unlawful Entry)": 44, "Unlawful Use of Motor Vehicle": 14, "Traffic and Related Offences": 28, "Assault": 15, "Other Property Damage": 22, "Fraud": 16, "Unlawful Entry": 11, "Good Order Offences": 8, "Drug Offences": 27, "Weapons Act Offences": 2, "Robbery": 1}, "borders": [{"name": "Bli Bli", "key": "bli-bli", "cr": 6}, {"name": "Maroochy River", "key": "maroochy-river", "cr": 5}, {"name": "Mount Coolum", "key": "mount-coolum", "cr": 4}, {"name": "Pacific Paradise", "key": "pacific-paradise", "cr": 11}], "polygon": [[153.0958714932, -26.5746508986], [153.0930934995, -26.5734139234], [153.087024346, -26.5736716762], [153.0789535269, -26.5771632493], [153.0791898072, -26.5756281242], [153.0643384978, -26.5738413185], [153.0654289573, -26.5751679316], [153.0666896626, -26.5807062835], [153.065178737, -26.584147349], [153.0653832406, -26.5877612084], [153.0609268621, -26.5939256176], [153.0551121831, -26.599035345], [153.0549323112, -26.6010115519], [153.0570975468, -26.6058522165], [153.0833192095, -26.6094360426], [153.0840233564, -26.6113279909], [153.0863513276, -26.6107263416], [153.0911227018, -26.6116042584], [153.0969904661, -26.6066952422], [153.0988540873, -26.6061718687], [153.097574234, -26.5961623117], [153.0981101543, -26.574869521], [153.0958714932, -26.5746508986]]}