{"name": "Margate", "key": "margate", "pops": 7405, "cr": 16, "bounds": [153.0928881392, -27.2512408197, 153.1138231754, -27.2349565849], "crime": {"total": 599, "Other Property Damage": 65, "Unlawful Entry": 47, "Other Theft (excl. Unlawful Entry)": 173, "Drug Offences": 84, "Handling Stolen Goods": 6, "Unlawful Use of Motor Vehicle": 26, "Fraud": 26, "Robbery": 6, "Assault": 66, "Good Order Offences": 24, "Traffic and Related Offences": 38, "Weapons Act Offences": 17, "Other Offences Against the Person": 10, "Trespassing and Vagrancy": 3, "Miscellaneous Offences": 4, "Arson": 3, "Other Homicide": 1}, "borders": [{"name": "Clontarf - Moreton Bay", "key": "clontarf-moreton-bay", "cr": 13}, {"name": "Kippa Ring", "key": "kippa-ring", "cr": 18}, {"name": "Redcliffe", "key": "redcliffe", "cr": 19}, {"name": "Woody Point", "key": "woody-point", "cr": 11}], "polygon": [[153.0945795774, -27.2350908741], [153.0934718326, -27.2349566296], [153.0928881392, -27.2370310053], [153.0931432769, -27.2385527939], [153.0953870341, -27.2413983867], [153.094666943, -27.2412909195], [153.0946435928, -27.2437793911], [153.0953814387, -27.2490416393], [153.0964285508, -27.2486710846], [153.1098904312, -27.2512129322], [153.1137981787, -27.2389801443], [153.1133299246, -27.2382204607], [153.0945795774, -27.2350908741]]}