{"name": "Marsden", "key": "marsden", "pops": 14071, "cr": 16, "bounds": [153.0805865005, -27.688567251, 153.1169800684, -27.6601547524], "crime": {"total": 1166, "Unlawful Entry": 88, "Traffic and Related Offences": 70, "Other Theft (excl. Unlawful Entry)": 368, "Assault": 135, "Other Property Damage": 115, "Drug Offences": 138, "Fraud": 54, "Unlawful Use of Motor Vehicle": 62, "Good Order Offences": 48, "Other Offences Against the Person": 25, "Weapons Act Offences": 16, "Handling Stolen Goods": 15, "Robbery": 10, "Trespassing and Vagrancy": 15, "Arson": 4, "Miscellaneous Offences": 3}, "borders": [{"name": "Berrinba", "key": "berrinba", "cr": 39}, {"name": "Crestmead", "key": "crestmead", "cr": 18}, {"name": "Kingston", "key": "kingston", "cr": 27}, {"name": "Waterford West", "key": "waterford-west", "cr": 28}], "polygon": [[153.0987580717, -27.6644879878], [153.0958969444, -27.6619330943], [153.0912979022, -27.6601789445], [153.089645125, -27.6604265273], [153.0890158117, -27.6613810882], [153.0893662348, -27.6639914513], [153.0857033655, -27.6672215238], [153.0825569257, -27.6672772393], [153.0805865005, -27.6780073196], [153.0893353745, -27.6809677705], [153.0986857489, -27.6816614643], [153.0980092585, -27.6857497916], [153.1028191522, -27.6860717535], [153.1022603884, -27.6872919872], [153.10510768, -27.688567251], [153.1077388003, -27.68545793], [153.1169151589, -27.6796698868], [153.1169800684, -27.6784424931], [153.1144949347, -27.6773835421], [153.1149301827, -27.6771166325], [153.1129764169, -27.6741708592], [153.1134098768, -27.6723402143], [153.1106528118, -27.6690516174], [153.1089283228, -27.6690269709], [153.1086960286, -27.6680303663], [153.1036160812, -27.666315496], [153.1019680575, -27.6665590033], [153.1005940363, -27.6645793766], [153.0987580717, -27.6644879878]]}