{"name": "Masig Island", "key": "masig-island", "pops": 270, "cr": 16, "bounds": [143.3980781958, -9.75718502699999, 143.4232184514, -9.74831414220002], "crime": {"total": 11, "Assault": 5, "Unlawful Entry": 4, "Other Property Damage": 2}, "borders": [{"name": "Coral Sea - Torres", "key": "coral-sea-torres", "cr": 0}], "polygon": [[143.407388635, -9.74870200459999], [143.4019130915, -9.74912888559997], [143.3982797787, -9.75302122530003], [143.3988103047, -9.75634051110002], [143.4015901312, -9.75718502699999], [143.4061561376, -9.75639316439997], [143.4232184514, -9.74995742740002], [143.407388635, -9.74870200459999]]}