{"name": "Meikleville Hill", "key": "meikleville-hill", "pops": 464, "cr": 14, "bounds": [150.7416988313, -23.1183564663, 150.7497897223, -23.1114272401], "crime": {"total": 26, "Traffic and Related Offences": 6, "Weapons Act Offences": 1, "Trespassing and Vagrancy": 1, "Robbery": 1, "Unlawful Use of Motor Vehicle": 4, "Other Property Damage": 1, "Unlawful Entry": 2, "Other Theft (excl. Unlawful Entry)": 6, "Assault": 1, "Drug Offences": 2, "Fraud": 1}, "borders": [{"name": "Barlows Hill", "key": "barlows-hill", "cr": 1}, {"name": "Yeppoon", "key": "yeppoon", "cr": 28}], "polygon": [[150.748430118, -23.1122184247], [150.7421831787, -23.1114272401], [150.7421720475, -23.1174466237], [150.7490297705, -23.1183564663], [150.7497897223, -23.1132488698], [150.748430118, -23.1122184247]]}