{"name": "Mer Island", "key": "mer-island", "pops": 450, "cr": 4, "bounds": [144.0391698107, -9.92699071019997, 144.0640585572, -9.90691973269996], "crime": {"total": 7, "Assault": 3, "Other Property Damage": 3, "Drug Offences": 1}, "borders": [{"name": "Coral Sea - Torres", "key": "coral-sea-torres", "cr": 0}], "polygon": [[144.056921266, -9.90696074810001], [144.0509374291, -9.90800592299997], [144.0411016122, -9.9135404825], [144.0391698107, -9.91791421179998], [144.0422735661, -9.92622524500003], [144.0461566821, -9.92689765240001], [144.0524136946, -9.9248301163], [144.0592302382, -9.92163245379997], [144.061293833, -9.91914958509999], [144.0640396401, -9.91341356929997], [144.0637614205, -9.91182664040003], [144.0614023134, -9.9086725563], [144.056921266, -9.90696074810001]]}