{"name": "Mermaid Beach", "key": "mermaid-beach", "pops": 6533, "cr": 22, "bounds": [153.4312422797, -28.0608378723, 153.4425705671, -28.0356780589], "crime": {"total": 599, "Other Theft (excl. Unlawful Entry)": 158, "Unlawful Use of Motor Vehicle": 44, "Unlawful Entry": 88, "Assault": 51, "Trespassing and Vagrancy": 9, "Other Property Damage": 54, "Traffic and Related Offences": 47, "Drug Offences": 43, "Fraud": 54, "Arson": 2, "Handling Stolen Goods": 12, "Good Order Offences": 22, "Weapons Act Offences": 2, "Other Offences Against the Person": 6, "Liquor (excl. Drunkenness)": 3, "Miscellaneous Offences": 2, "Robbery": 2}, "borders": [{"name": "Broadbeach", "key": "broadbeach", "cr": 45}, {"name": "Mermaid Waters", "key": "mermaid-waters", "cr": 14}, {"name": "Miami", "key": "miami", "cr": 21}], "polygon": [[153.4357945547, -28.0358527377], [153.4313813597, -28.0362781063], [153.4324457124, -28.0418956578], [153.4316777885, -28.0432531908], [153.4322191328, -28.0459807664], [153.4360112324, -28.0546371713], [153.4372748211, -28.0597949922], [153.4425705671, -28.0608378723], [153.4371855557, -28.0378743187], [153.4357945547, -28.0358527377]]}