{"name": "Miami", "key": "miami", "pops": 6843, "cr": 21, "bounds": [153.4245350286, -28.0782275051, 153.4473719597, -28.0598990545], "crime": {"total": 684, "Other Theft (excl. Unlawful Entry)": 232, "Other Property Damage": 60, "Assault": 43, "Unlawful Use of Motor Vehicle": 56, "Unlawful Entry": 79, "Traffic and Related Offences": 39, "Drug Offences": 78, "Miscellaneous Offences": 4, "Handling Stolen Goods": 13, "Weapons Act Offences": 5, "Fraud": 21, "Trespassing and Vagrancy": 6, "Robbery": 5, "Good Order Offences": 28, "Other Offences Against the Person": 11, "Arson": 2, "Liquor (excl. Drunkenness)": 2}, "borders": [{"name": "Burleigh Heads", "key": "burleigh-heads", "cr": 20}, {"name": "Burleigh Waters", "key": "burleigh-waters", "cr": 10}, {"name": "Mermaid Beach", "key": "mermaid-beach", "cr": 22}, {"name": "Mermaid Waters", "key": "mermaid-waters", "cr": 14}], "polygon": [[153.4310650527, -28.0603536516], [153.4269621298, -28.0601224452], [153.4245350286, -28.0725866258], [153.4314414263, -28.0736175403], [153.4312038124, -28.0748713687], [153.434085913, -28.075300917], [153.4342722148, -28.0741311312], [153.4421957433, -28.0753238574], [153.4427017197, -28.0767545924], [153.4406253919, -28.0773417801], [153.4410560951, -28.0782275051], [153.4473719597, -28.0761342421], [153.4461306557, -28.0723759159], [153.4470467195, -28.0719448105], [153.445090495, -28.0701378658], [153.4425705671, -28.0608378723], [153.4376111329, -28.0600687712], [153.4371538311, -28.0612291992], [153.4310650527, -28.0603536516]]}