{"name": "Minyama", "key": "minyama", "pops": 2542, "cr": 9, "bounds": [153.1146808788, -26.7070838735, 153.1292594597, -26.6849522442], "crime": {"total": 106, "Other Theft (excl. Unlawful Entry)": 20, "Good Order Offences": 5, "Unlawful Entry": 13, "Unlawful Use of Motor Vehicle": 4, "Assault": 8, "Drug Offences": 18, "Miscellaneous Offences": 1, "Traffic and Related Offences": 17, "Trespassing and Vagrancy": 2, "Other Property Damage": 9, "Fraud": 4, "Other Offences Against the Person": 2, "Weapons Act Offences": 1, "Handling Stolen Goods": 2}, "borders": [{"name": "Buddina", "key": "buddina", "cr": 17}, {"name": "Mooloolaba", "key": "mooloolaba", "cr": 12}, {"name": "Mountain Creek", "key": "mountain-creek", "cr": 6}, {"name": "Parrearra", "key": "parrearra", "cr": 6}], "polygon": [[153.1292594597, -26.6956812963], [153.1274765506, -26.6910230517], [153.127596274, -26.6871865764], [153.1225712448, -26.6849522442], [153.1196923107, -26.6866210774], [153.1206042767, -26.6901150942], [153.1197647452, -26.6923439428], [153.1181466356, -26.6944112927], [153.1146808788, -26.6964296103], [153.1170821562, -26.6980311722], [153.1168903559, -26.6992945001], [153.1185820252, -26.7023738325], [153.1220645532, -26.7045439929], [153.1228136867, -26.7070838735], [153.1258558705, -26.7057260722], [153.1264858171, -26.7022481784], [153.1259027719, -26.7018592283], [153.1292594597, -26.6956812963]]}