{"name": "Miriam Vale", "key": "miriam-vale", "pops": 512, "cr": 47, "bounds": [151.5250328556, -24.3767615333, 151.5977790952, -24.2942324057], "crime": {"total": 152, "Unlawful Entry": 4, "Other Theft (excl. Unlawful Entry)": 20, "Traffic and Related Offences": 48, "Fraud": 4, "Drug Offences": 51, "Good Order Offences": 10, "Unlawful Use of Motor Vehicle": 1, "Weapons Act Offences": 5, "Assault": 3, "Other Property Damage": 2, "Liquor (excl. Drunkenness)": 1, "Other Offences Against the Person": 1, "Arson": 1, "Handling Stolen Goods": 1}, "borders": [{"name": "Bororen", "key": "bororen", "cr": 24}, {"name": "Colosseum", "key": "colosseum", "cr": 6}, {"name": "Mount Tom", "key": "mount-tom", "cr": 24}], "polygon": [[151.5624684468, -24.298134774], [151.5575959608, -24.2942324057], [151.5561227947, -24.2956092805], [151.5561930314, -24.2984381691], [151.5412249863, -24.3045917526], [151.5332280621, -24.3107573912], [151.5312769786, -24.3105037436], [151.5301366225, -24.3178500012], [151.5250328556, -24.3177979141], [151.5268644765, -24.328590855], [151.5344476476, -24.3295872435], [151.5341908783, -24.3371613622], [151.5327619463, -24.336956799], [151.5315715969, -24.34527345], [151.5383685604, -24.3485196903], [151.5374674127, -24.3545684591], [151.546160832, -24.3556589559], [151.5428891405, -24.3586108387], [151.5491478145, -24.3596734852], [151.5484666452, -24.3624447137], [151.5862063766, -24.3669117689], [151.5883744881, -24.3744559512], [151.5908596963, -24.3767615333], [151.5965332463, -24.3440149873], [151.5972789302, -24.3432470113], [151.5924372077, -24.3374421597], [151.5977790952, -24.3322825134], [151.5961513668, -24.3282788321], [151.5964953303, -24.3258170038], [151.5939131677, -24.3217792287], [151.594200775, -24.3206156939], [151.5975039825, -24.3188558444], [151.5961512178, -24.3160506636], [151.596635133, -24.3147247136], [151.5960166156, -24.3110596091], [151.5947876051, -24.3102762401], [151.5926565528, -24.3060925603], [151.5884866789, -24.3064033687], [151.5873141512, -24.3055417612], [151.587368533, -24.3046953157], [151.5813358873, -24.3039350659], [151.5793281719, -24.3044309393], [151.5798854157, -24.2979755923], [151.5779994205, -24.3000636399], [151.5745959952, -24.2997051626], [151.5728488788, -24.3008522689], [151.5672606453, -24.2964008301], [151.5669146404, -24.2969889641], [151.5637455508, -24.2970286757], [151.5624684468, -24.298134774]]}