{"name": "Mission River - Napranum", "key": "mission-river-napranum", "pops": 987, "cr": 36, "bounds": [141.8009592593, -12.9427816644, 141.8701202795, -12.8736215383], "crime": {"total": 137, "Weapons Act Offences": 2, "Traffic and Related Offences": 15, "Other Property Damage": 29, "Liquor (excl. Drunkenness)": 13, "Assault": 51, "Drug Offences": 3, "Good Order Offences": 9, "Other Theft (excl. Unlawful Entry)": 5, "Unlawful Entry": 5, "Trespassing and Vagrancy": 1, "Unlawful Use of Motor Vehicle": 1, "Miscellaneous Offences": 1, "Other Offences Against the Person": 2}, "borders": [{"name": "Aurukun - Aurukun", "key": "aurukun-aurukun", "cr": 100}], "polygon": [[141.8701202795, -12.8736215383], [141.8270890042, -12.8739336357], [141.8009592593, -12.9137406498], [141.846881628, -12.9427816644], [141.8701202795, -12.8736215383]]}