{"name": "Mission Beach", "key": "mission-beach", "pops": 815, "cr": 20, "bounds": [146.0849685594, -17.8852013648, 146.1276784092, -17.8413122892], "crime": {"total": 68, "Good Order Offences": 10, "Other Property Damage": 10, "Assault": 10, "Unlawful Entry": 4, "Traffic and Related Offences": 24, "Other Theft (excl. Unlawful Entry)": 2, "Trespassing and Vagrancy": 1, "Drug Offences": 4, "Unlawful Use of Motor Vehicle": 2, "Weapons Act Offences": 1}, "borders": [{"name": "Coral Sea - Cassowary Coast", "key": "coral-sea-cassowary-coast", "cr": 0}, {"name": "Wongaling Beach", "key": "wongaling-beach", "cr": 13}], "polygon": [[146.1153182238, -17.8413122892], [146.0989017859, -17.8416983932], [146.0985908881, -17.844582513], [146.0937504023, -17.8441693932], [146.093243517, -17.849524796], [146.0881559998, -17.8491074219], [146.0849685594, -17.8845591396], [146.0923262239, -17.8852013648], [146.0927257836, -17.8805593103], [146.107513383, -17.8815129623], [146.1103338078, -17.8731187582], [146.1167082489, -17.8620726764], [146.1276784092, -17.853848137], [146.1153182238, -17.8413122892]]}