{"name": "Moa Island", "key": "moa-island", "pops": 448, "cr": 15, "bounds": [142.1855753213, -10.2606955394, 142.3449343741, -10.1161642894], "crime": {"total": 23, "Assault": 12, "Other Property Damage": 6, "Unlawful Entry": 2, "Good Order Offences": 2, "Traffic and Related Offences": 1}, "borders": [], "polygon": [[142.2685789466, -10.1164833009], [142.2664088458, -10.1164710522], [142.2658230066, -10.1198742539], [142.2633899376, -10.121987097], [142.260768272, -10.1231493279], [142.2589180544, -10.1227205619], [142.2608391419, -10.1249746084], [142.2613478824, -10.1246631369], [142.2609928399, -10.1251571998], [142.2586127594, -10.1228922829], [142.2561238557, -10.1237798259], [142.2560593709, -10.1252266169], [142.2546662763, -10.1259722635], [142.2544281557, -10.1270280778], [142.257145308, -10.1274535581], [142.2575612068, -10.1278562397], [142.255944714, -10.1309832856], [142.2572368383, -10.1310749501], [142.2565965652, -10.1325144693], [142.2573075593, -10.1335865259], [142.2564142346, -10.1326335147], [142.2570190281, -10.1314718872], [142.2557373494, -10.1309333593], [142.2572242692, -10.1278482378], [142.252797924, -10.1271526366], [142.2540600896, -10.1289471835], [142.2538064271, -10.1295278072], [142.2531018704, -10.1301101521], [142.2537995875, -10.1309045181], [142.2532504499, -10.1307133958], [142.2530048937, -10.130243361], [142.2531251684, -10.1298323125], [142.2538895309, -10.1289599165], [142.2524940595, -10.1273590922], [142.2527727485, -10.1269474402], [142.2538929358, -10.1267016456], [142.254567951, -10.1247910336], [142.2534946203, -10.1234400123], [142.2516346127, -10.1229004934], [142.2455636635, -10.1219454333], [142.2438870966, -10.1238073111], [142.2444894016, -10.1219063476], [142.2354494035, -10.122277461], [142.2319080457, -10.1234089956], [142.2316908091, -10.1240690053], [142.2309395671, -10.1233066916], [142.2287839502, -10.1233853698], [142.2237186506, -10.126741387], [142.2230708748, -10.1282034218], [142.2216797844, -10.1278613433], [142.211900875, -10.1397558823], [142.2091700435, -10.1563726887], [142.2080431879, -10.1572602242], [142.2081661001, -10.1582127064], [142.2094428688, -10.157988891], [142.2093668878, -10.1573840231], [142.2097058222, -10.1579114124], [142.2083635926, -10.1584616899], [142.2058067322, -10.1627120078], [142.2061239481, -10.1649345905], [142.2088442445, -10.1668130457], [142.2113414109, -10.163921468], [142.2087726146, -10.1691058204], [142.2089423239, -10.1702257395], [142.2105016112, -10.1711765379], [142.2125589773, -10.1682020426], [142.2172153816, -10.1684825271], [142.2190437913, -10.169914268], [142.2169188187, -10.1686174423], [142.2125767246, -10.1684328169], [142.2120078504, -10.1712256297], [142.2095589861, -10.1713713408], [142.2078503072, -10.1703008264], [142.2085891813, -10.1682483256], [142.2079827413, -10.1671783552], [142.2057828829, -10.1666006297], [142.2020203918, -10.1729022935], [142.2022570819, -10.1739492714], [142.2011699677, -10.1739663631], [142.1996120736, -10.175421454], [142.1962310299, -10.1836996749], [142.1930580959, -10.1864907593], [142.1937198564, -10.1872356981], [142.1920249388, -10.1869316027], [142.1900775284, -10.1883012056], [142.1869514212, -10.1890566796], [142.1855753213, -10.1917591542], [142.1884857342, -10.1995204389], [142.1938260123, -10.2055997103], [142.1948066279, -10.2090976089], [142.1984015852, -10.2145216987], [142.2032510862, -10.217592597], [142.2059939876, -10.2215232849], [142.207109265, -10.2214792147], [142.2097211331, -10.223798871], [142.2096789181, -10.2253921255], [142.2138758898, -10.2274821326], [142.2143714279, -10.2310002223], [142.2154516056, -10.2326363102], [142.2147866711, -10.2359376252], [142.2157647163, -10.2357630283], [142.2159880996, -10.2379329875], [142.2192680538, -10.2392678782], [142.2214271948, -10.233744204], [142.224819839, -10.2310325131], [142.2272757068, -10.2301053926], [142.2314740196, -10.2331758738], [142.2452359796, -10.2357297614], [142.2451612875, -10.2344711721], [142.2459349409, -10.2360181585], [142.2517929003, -10.2387783006], [142.2550249994, -10.241577588], [142.2593482956, -10.2415508032], [142.2603832558, -10.2432100847], [142.2620995194, -10.2433601618], [142.2658004016, -10.2465009317], [142.2661373094, -10.2479199767], [142.273678802, -10.2581640631], [142.2775901556, -10.2606955394], [142.280220367, -10.2593980581], [142.2814028934, -10.2595941946], [142.2844532803, -10.2576977685], [142.2845796645, -10.2547470406], [142.2874149531, -10.2482980117], [142.2909810171, -10.2463556826], [142.2937687933, -10.2439738959], [142.2941247821, -10.2425816581], [142.2978620976, -10.2409272864], [142.3005140349, -10.2365588173], [142.3016189858, -10.2362593785], [142.3024281412, -10.2312407866], [142.3048163727, -10.2274380997], [142.3059367016, -10.2231031209], [142.3071181625, -10.2233196497], [142.3082506061, -10.2219558954], [142.3107615486, -10.2221776173], [142.3118623272, -10.2208772004], [142.3146931529, -10.2203057483], [142.3146702796, -10.2160599679], [142.3153781444, -10.2153745443], [142.3143561557, -10.2135491818], [142.3160934597, -10.2112257555], [142.3223956823, -10.2068995833], [142.3298322037, -10.1988162249], [142.3321044147, -10.1986349747], [142.3328347132, -10.1959749311], [142.3338456526, -10.1956975162], [142.3331340551, -10.1946811303], [142.3356129602, -10.1867427751], [142.3387060761, -10.1830271184], [142.3382876515, -10.1836870909], [142.3410141021, -10.1845633984], [142.3422593325, -10.1773503274], [142.3449343741, -10.1730430052], [142.3442203552, -10.1725169793], [142.3435568586, -10.16846551], [142.339094691, -10.1666770875], [142.3373755515, -10.1669309512], [142.3374466971, -10.1654965952], [142.3323342353, -10.1620346531], [142.3308777958, -10.159087874], [142.3320071027, -10.1584731936], [142.331112735, -10.1562229693], [142.3317468986, -10.153330192], [142.3296533525, -10.1484675929], [142.3314020485, -10.146788314], [142.3318902999, -10.144614622], [142.3305004016, -10.1442601979], [142.3290754631, -10.1418986619], [142.3283185363, -10.1419926956], [142.3265131786, -10.1373366565], [142.3245686069, -10.1350901425], [142.3174022734, -10.1371228993], [142.3156123683, -10.1399998218], [142.3136196882, -10.1396651044], [142.3064113632, -10.1340959519], [142.3019327596, -10.1287332401], [142.300090082, -10.1244989857], [142.296733357, -10.1289531589], [142.2927832156, -10.1291214973], [142.2866002992, -10.1275797188], [142.2863943204, -10.1290892735], [142.2861378863, -10.1276101768], [142.2846107334, -10.1264416203], [142.283392258, -10.126678504], [142.2805848494, -10.1254515648], [142.2721568346, -10.1178100035], [142.2685789466, -10.1164833009]]}