{"name": "Moffat Beach", "key": "moffat-beach", "pops": 2553, "cr": 12, "bounds": [153.1289483458, -26.7992108762, 153.1485389993, -26.7875259817], "crime": {"total": 152, "Good Order Offences": 5, "Drug Offences": 40, "Traffic and Related Offences": 23, "Other Theft (excl. Unlawful Entry)": 28, "Miscellaneous Offences": 1, "Unlawful Entry": 16, "Handling Stolen Goods": 2, "Other Property Damage": 7, "Unlawful Use of Motor Vehicle": 10, "Fraud": 4, "Assault": 9, "Other Offences Against the Person": 3, "Weapons Act Offences": 1, "Trespassing and Vagrancy": 2, "Liquor (excl. Drunkenness)": 1}, "borders": [{"name": "Caloundra", "key": "caloundra", "cr": 32}, {"name": "Dicky Beach", "key": "dicky-beach", "cr": 8}, {"name": "Kings Beach", "key": "kings-beach", "cr": 16}, {"name": "Shelly Beach - Sunshine Coast", "key": "shelly-beach-sunshine-coast", "cr": 8}], "polygon": [[153.1408614889, -26.7878094018], [153.1355236247, -26.7878148183], [153.1315734908, -26.7898682058], [153.131134741, -26.7886884511], [153.1298823357, -26.7888480499], [153.1289483458, -26.7938740402], [153.1325041279, -26.7945916355], [153.1358646676, -26.7976821139], [153.1406025365, -26.7983033508], [153.1419537142, -26.7992108762], [153.1430958062, -26.7924440205], [153.1475104094, -26.7930384427], [153.1485144421, -26.7913311198], [153.1433449164, -26.7899317145], [153.1408614889, -26.7878094018]]}