{"name": "Moodlu", "key": "moodlu", "pops": 318, "cr": 26, "bounds": [152.8995134309, -27.0718815029, 152.9228916392, -27.0416586921], "crime": {"total": 38, "Traffic and Related Offences": 11, "Other Theft (excl. Unlawful Entry)": 5, "Assault": 1, "Unlawful Use of Motor Vehicle": 3, "Other Property Damage": 2, "Arson": 3, "Drug Offences": 9, "Other Offences Against the Person": 1, "Good Order Offences": 3}, "borders": [{"name": "Bellmere", "key": "bellmere", "cr": 12}, {"name": "Caboolture", "key": "caboolture", "cr": 25}, {"name": "Wamuran", "key": "wamuran", "cr": 7}], "polygon": [[152.9110902771, -27.0428545922], [152.9019644856, -27.0416586921], [152.9013535231, -27.0455195308], [152.9034871012, -27.0458001196], [152.9027674049, -27.0502194241], [152.9006558508, -27.0499413237], [152.8995134309, -27.0572347939], [152.901692301, -27.0583610311], [152.9013480991, -27.0615200549], [152.9021652862, -27.0641082078], [152.9037596434, -27.0641248524], [152.9066344351, -27.0662344173], [152.9115064964, -27.0681863502], [152.9113151655, -27.0698904693], [152.9123030677, -27.0718815029], [152.9138672426, -27.0711701885], [152.9133483842, -27.0700963065], [152.9150809199, -27.0682935715], [152.9140413627, -27.0671782345], [152.9144117162, -27.0650522262], [152.9216406718, -27.0660431162], [152.9220026657, -27.063997902], [152.9166379869, -27.0631378219], [152.9179500639, -27.0559648126], [152.9218328372, -27.0565404594], [152.9228916392, -27.0506653339], [152.9160187542, -27.0496145561], [152.9173004329, -27.0422405601], [152.9139609933, -27.041747801], [152.9110902771, -27.0428545922]]}