{"name": "Mossman Gorge", "key": "mossman-gorge", "pops": 246, "cr": 49, "bounds": [145.3355498165, -16.4833770618, 145.371004343, -16.4488598555], "crime": {"total": 61, "Drug Offences": 4, "Other Property Damage": 15, "Good Order Offences": 18, "Liquor (excl. Drunkenness)": 1, "Other Theft (excl. Unlawful Entry)": 1, "Assault": 15, "Unlawful Entry": 3, "Traffic and Related Offences": 4}, "borders": [{"name": "Finlayvale", "key": "finlayvale", "cr": 9}, {"name": "Mossman", "key": "mossman", "cr": 51}, {"name": "Shannonvale", "key": "shannonvale", "cr": 9}], "polygon": [[145.3700913265, -16.4497958049], [145.3680157736, -16.4488598555], [145.36527244, -16.4498148412], [145.3617377281, -16.4496288672], [145.3597382531, -16.4523015097], [145.3565184399, -16.4542229921], [145.3566070348, -16.4558626935], [145.3580211774, -16.4575720578], [145.357739225, -16.4592483863], [145.3538685665, -16.4653841183], [145.3517649025, -16.4660730213], [145.3501892537, -16.4676664844], [145.3477256894, -16.4731932506], [145.3434168994, -16.4749679491], [145.3388512358, -16.4729903936], [145.337173596, -16.4731443003], [145.3359786123, -16.4743052721], [145.3355498165, -16.4781617969], [145.3407492712, -16.4786778316], [145.340453878, -16.4815371707], [145.3593703359, -16.4833770618], [145.3596549407, -16.4810462669], [145.3651363701, -16.481622234], [145.3671692386, -16.4796507582], [145.3686948195, -16.4799231291], [145.3662432209, -16.4770066515], [145.3665496409, -16.4750422761], [145.3677032441, -16.4744658992], [145.3680966794, -16.4701543599], [145.3659329712, -16.4685570747], [145.3654700145, -16.4671821669], [145.3672928363, -16.4683266208], [145.3678577617, -16.4628996849], [145.3652734905, -16.4626298845], [145.3654171601, -16.4612617418], [145.3680478558, -16.4610851929], [145.3690133691, -16.4519588724], [145.3704935759, -16.4520917088], [145.371004343, -16.4509417638], [145.3700913265, -16.4497958049]]}