{"name": "Mount Coolum", "key": "mount-coolum", "pops": 4265, "cr": 4, "bounds": [153.0634310693, -26.5771632493, 153.0990878269, -26.5498565882], "crime": {"total": 80, "Fraud": 3, "Unlawful Entry": 4, "Other Theft (excl. Unlawful Entry)": 17, "Drug Offences": 11, "Other Offences Against the Person": 3, "Traffic and Related Offences": 22, "Assault": 8, "Other Property Damage": 9, "Good Order Offences": 1, "Unlawful Use of Motor Vehicle": 1, "Miscellaneous Offences": 1}, "borders": [{"name": "Coolum Beach", "key": "coolum-beach", "cr": 12}, {"name": "Marcoola", "key": "marcoola", "cr": 12}, {"name": "Maroochy River", "key": "maroochy-river", "cr": 5}, {"name": "Yaroomba", "key": "yaroomba", "cr": 5}], "polygon": [[153.08842998, -26.5528404638], [153.0820179358, -26.5498565882], [153.0836773142, -26.5519359633], [153.0829310492, -26.5562830716], [153.0807933137, -26.5570579097], [153.0761595964, -26.5645712763], [153.0727918893, -26.5637419969], [153.0656143576, -26.569395408], [153.0644434467, -26.5692781731], [153.0634956136, -26.5720604509], [153.0638203844, -26.5732872859], [153.0791898072, -26.5756281242], [153.0789535269, -26.5771632493], [153.087024346, -26.5736716762], [153.0930934995, -26.5734139234], [153.0950551331, -26.574563615], [153.0981101543, -26.574869521], [153.099087663, -26.5664615035], [153.0967320725, -26.5658314675], [153.0937741846, -26.5617741346], [153.0911262259, -26.5616850331], [153.0898457244, -26.5590787232], [153.0907815695, -26.5528013036], [153.08842998, -26.5528404638]]}