{"name": "Mount Peter", "key": "mount-peter", "pops": 92, "cr": 59, "bounds": [145.7121556103, -17.0906822681, 145.7633151859, -17.0319751725], "crime": {"total": 21, "Other Theft (excl. Unlawful Entry)": 5, "Good Order Offences": 3, "Unlawful Entry": 2, "Traffic and Related Offences": 5, "Arson": 2, "Assault": 2, "Weapons Act Offences": 1, "Other Offences Against the Person": 1}, "borders": [{"name": "Edmonton", "key": "edmonton", "cr": 24}, {"name": "Gordonvale", "key": "gordonvale", "cr": 22}, {"name": "Wrights Creek", "key": "wrights-creek", "cr": 34}], "polygon": [[145.7525053844, -17.0335338712], [145.7508647591, -17.0319751725], [145.7496997342, -17.0321857482], [145.7475264817, -17.0341835991], [145.7461616769, -17.0344281867], [145.7450022623, -17.0375729948], [145.742999047, -17.0373733267], [145.7425746694, -17.0366592035], [145.7403826937, -17.038647145], [145.7371756211, -17.0384515822], [145.7375909388, -17.0409800336], [145.7352106795, -17.0414531976], [145.7336373925, -17.0405741334], [145.7327471748, -17.0412395969], [145.7316254452, -17.0407518968], [145.7282136232, -17.0434880927], [145.7281286046, -17.0442948714], [145.7262483612, -17.044111222], [145.7261255383, -17.0452870503], [145.7238692269, -17.0450666696], [145.7234049588, -17.0494661406], [145.7275391594, -17.0498699397], [145.7258045524, -17.0653295517], [145.714486897, -17.0642130896], [145.7121556103, -17.0860725865], [145.7333532721, -17.0881671831], [145.7331605256, -17.0899757594], [145.7403291613, -17.0906822681], [145.7405450493, -17.0886558816], [145.7422351465, -17.0888229162], [145.7424283251, -17.0870146677], [145.7413002774, -17.0869031698], [145.7414934933, -17.0850946009], [145.7408950329, -17.0854032487], [145.7410961986, -17.0834678411], [145.7444671094, -17.0838021562], [145.7465033084, -17.0645561069], [145.7485523522, -17.0648888946], [145.7489461601, -17.0638426021], [145.7509855106, -17.0635046139], [145.7499396354, -17.0631889775], [145.7522526309, -17.0621296763], [145.7519479617, -17.0600086153], [145.7537932843, -17.0588933602], [145.7565150559, -17.0609734803], [145.7596940398, -17.0594314039], [145.7605076581, -17.0579954162], [145.7633151859, -17.0584071204], [145.7616050541, -17.0572839603], [145.7630051896, -17.0560858473], [145.7532819808, -17.0551365986], [145.7547753006, -17.0409753472], [145.7567126304, -17.0411706194], [145.7569546178, -17.0388483629], [145.7589569688, -17.0388918594], [145.7525053844, -17.0335338712]]}