{"name": "Mount Warren Park", "key": "mount-warren-park", "pops": 5791, "cr": 14, "bounds": [153.1919826642, -27.7400212809, 153.2199179977, -27.7215469703], "crime": {"total": 415, "Assault": 36, "Handling Stolen Goods": 2, "Drug Offences": 41, "Other Property Damage": 37, "Unlawful Entry": 48, "Other Theft (excl. Unlawful Entry)": 168, "Unlawful Use of Motor Vehicle": 20, "Traffic and Related Offences": 12, "Fraud": 23, "Good Order Offences": 6, "Weapons Act Offences": 8, "Robbery": 1, "Trespassing and Vagrancy": 3, "Other Offences Against the Person": 10}, "borders": [{"name": "Bahrs Scrub", "key": "bahrs-scrub", "cr": 23}, {"name": "Beenleigh", "key": "beenleigh", "cr": 44}, {"name": "Windaroo", "key": "windaroo", "cr": 8}, {"name": "Yatala", "key": "yatala", "cr": 37}], "polygon": [[153.2095552087, -27.7242672965], [153.1951254681, -27.7215469703], [153.1920260414, -27.7293193564], [153.1936874539, -27.7353337631], [153.1932991296, -27.7376062647], [153.1946554855, -27.7378836274], [153.1963825524, -27.7367258444], [153.1984210908, -27.7370114103], [153.199180454, -27.7379803285], [153.1988858432, -27.7391520068], [153.2000625357, -27.7382622957], [153.2012440711, -27.7400212809], [153.2069521546, -27.738988407], [153.2100711092, -27.7396279052], [153.2185804397, -27.7367636487], [153.2198228762, -27.7347565517], [153.2162235901, -27.7273981348], [153.2199179977, -27.726917088], [153.2190439999, -27.7255859897], [153.2095552087, -27.7242672965]]}