{"name": "Mount Garnet", "key": "mount-garnet", "pops": 430, "cr": 41, "bounds": [144.8952368349, -17.7682933286, 145.2194004431, -17.514673382], "crime": {"total": 69, "Unlawful Use of Motor Vehicle": 4, "Other Property Damage": 5, "Unlawful Entry": 10, "Other Theft (excl. Unlawful Entry)": 8, "Miscellaneous Offences": 1, "Traffic and Related Offences": 17, "Good Order Offences": 9, "Assault": 9, "Fraud": 1, "Drug Offences": 3, "Weapons Act Offences": 1, "Other Offences Against the Person": 1}, "borders": [{"name": "Gunnawarra", "key": "gunnawarra", "cr": 0}, {"name": "Innot Hot Springs", "key": "innot-hot-springs", "cr": 31}, {"name": "Irvinebank", "key": "irvinebank", "cr": 11}, {"name": "Silver Valley", "key": "silver-valley", "cr": 12}], "polygon": [[145.2154481038, -17.5381109342], [145.2151961252, -17.5350834355], [145.2182226405, -17.532559827], [145.2194004431, -17.5289443582], [145.2185930386, -17.5270611942], [145.2160590217, -17.5256931037], [145.2105122507, -17.5247194543], [145.2048281804, -17.5211320668], [145.1952666417, -17.5188662857], [145.1885311306, -17.5150929093], [145.1840835288, -17.5147627294], [145.1814890951, -17.5193420798], [145.1783238351, -17.5226363912], [145.1752084419, -17.5250596777], [145.1633775532, -17.5310859382], [145.1579101831, -17.5364379287], [145.1540853903, -17.5387689695], [145.1514936611, -17.5381505266], [145.151019074, -17.5369753987], [145.1472101212, -17.5371177271], [145.1465600505, -17.5348967239], [145.1446944326, -17.5335216597], [145.1430624723, -17.5347949415], [145.1411925256, -17.5348422751], [145.1392448545, -17.5338228792], [145.1376649961, -17.5348490402], [145.1376727521, -17.5357536748], [145.1339379922, -17.5354201868], [145.1338139325, -17.536188893], [145.1327452138, -17.5354745984], [145.1316126734, -17.5358894989], [145.1292925254, -17.5339968055], [145.1279965192, -17.5343812555], [145.1273335069, -17.5364075601], [145.1259815693, -17.5371203348], [145.1241342053, -17.5365017578], [145.120282568, -17.5384266376], [145.1161658168, -17.5365268886], [145.1164740175, -17.5411221534], [145.1149211153, -17.5422507748], [145.1112980917, -17.5477143526], [145.1113888994, -17.5497857183], [145.1104041263, -17.5501917824], [145.1051421389, -17.5491570309], [145.1027672887, -17.551597774], [145.0882908925, -17.5576801077], [145.0738280416, -17.5624100193], [145.062003918, -17.5646243766], [145.0580759123, -17.5661723539], [145.0505812615, -17.578788504], [145.0495285094, -17.5853664503], [145.0497895554, -17.597790204], [145.0483464375, -17.6009870172], [145.0452287644, -17.6032246128], [145.0326286852, -17.6076812595], [145.0211673081, -17.615996033], [145.0147251859, -17.6121997833], [145.0049224794, -17.6108215526], [145.0018599555, -17.6096888855], [144.9996089563, -17.6055169776], [144.9984318092, -17.6047587469], [144.9943745434, -17.6064944938], [144.9913653284, -17.6164612547], [144.9927495271, -17.6171350181], [144.9936497211, -17.6194896996], [144.9920753315, -17.6211439818], [144.9908420891, -17.6287899017], [144.9894547835, -17.6302683651], [144.9869063869, -17.6295316145], [144.9856652692, -17.6311892271], [144.982518591, -17.6309438273], [144.9803039208, -17.6333053708], [144.9788736179, -17.636558257], [144.9799090028, -17.6396483406], [144.9758912176, -17.6431542486], [144.9740737826, -17.6433132738], [144.973434791, -17.6441240683], [144.9733125195, -17.645117864], [144.9763099402, -17.6504504755], [144.9752622694, -17.6546687186], [144.9758970216, -17.6575538069], [144.9730053544, -17.6609712318], [144.9720363021, -17.6641529799], [144.9689277485, -17.6637655646], [144.9682029113, -17.6689110398], [144.9689280614, -17.6703400314], [144.9705947414, -17.6704282984], [144.9711222798, -17.6729569137], [144.9727335274, -17.6751013398], [144.9717078879, -17.6773296446], [144.9727078229, -17.681604363], [144.8992095664, -17.6750370935], [144.8952368349, -17.7461954057], [145.0021907538, -17.7553467676], [145.1313703358, -17.7682933286], [145.1382294819, -17.7008807808], [145.1394907609, -17.6985499486], [145.1386171579, -17.6982488185], [145.1388107836, -17.6965653896], [145.1427081004, -17.6904768795], [145.1526856571, -17.6853825748], [145.1584846675, -17.6871150434], [145.1653932482, -17.6872555912], [145.1714809462, -17.6834317818], [145.1704311594, -17.6794088781], [145.1690512523, -17.6780062392], [145.1694364175, -17.6762627736], [145.1676192954, -17.6715922654], [145.1650233939, -17.6708197594], [145.1654004604, -17.6689131409], [145.1633473113, -17.6675195023], [145.1626451164, -17.6658727899], [145.1646554917, -17.6633341983], [145.1632123962, -17.6579417661], [145.1648745164, -17.6551948264], [145.1640778482, -17.6521586329], [145.1648181453, -17.6497062892], [145.1655742526, -17.6481587514], [145.1667681336, -17.6476901919], [145.1652657092, -17.6450555101], [145.1651434824, -17.6432079151], [145.1664881334, -17.6405599639], [145.1622530743, -17.6382439733], [145.160562031, -17.6327655837], [145.1594199762, -17.6320651025], [145.1591434926, -17.6306664795], [145.1556099951, -17.6299872994], [145.1546501815, -17.629048571], [145.1564567983, -17.6274516955], [145.1568097025, -17.6253861636], [145.1577722728, -17.6247548386], [145.1570835188, -17.6231685728], [145.1601517275, -17.6195835099], [145.1638928652, -17.6192236245], [145.1695469767, -17.615855813], [145.1712907553, -17.6166464239], [145.1727489382, -17.6160894334], [145.1722460762, -17.6124920174], [145.1732606962, -17.6111149341], [145.1769644171, -17.6090317369], [145.1799298897, -17.6107967198], [145.1828154624, -17.6088938713], [145.1855056807, -17.6110785827], [145.18814338, -17.6107038036], [145.1914986148, -17.6131999269], [145.1917744726, -17.6188009754], [145.1975638643, -17.619147934], [145.2023342922, -17.615835689], [145.2052817047, -17.615324907], [145.2053580657, -17.6129994243], [145.2080344036, -17.6100254282], [145.2085383162, -17.6082808077], [145.204719536, -17.604468368], [145.2073598355, -17.5984592289], [145.2075261399, -17.5958392695], [145.2096244618, -17.5941200331], [145.209546268, -17.5910032764], [145.2070110962, -17.5865692943], [145.1990959197, -17.583872579], [145.1970829517, -17.5810868666], [145.1988585815, -17.5799229369], [145.1989558488, -17.5790371001], [145.2003221512, -17.5791750103], [145.2005502656, -17.5770963207], [145.1980631948, -17.5763290524], [145.2041885704, -17.5769473538], [145.2058967873, -17.5622043908], [145.2073965371, -17.561394535], [145.2110908926, -17.5624513254], [145.2121469527, -17.5619246364], [145.21219787, -17.5591218621], [145.2152764872, -17.5582424775], [145.2123132125, -17.5510213748], [145.2142040059, -17.5430641398], [145.2156164497, -17.5406506956], [145.2154481038, -17.5381109342]]}