{"name": "Mulambin", "key": "mulambin", "pops": 921, "cr": 8, "bounds": [150.778039135, -23.1979578584, 150.8356093913, -23.1798204333], "crime": {"total": 32, "Unlawful Entry": 6, "Unlawful Use of Motor Vehicle": 3, "Good Order Offences": 1, "Other Theft (excl. Unlawful Entry)": 3, "Drug Offences": 12, "Fraud": 1, "Assault": 1, "Traffic and Related Offences": 4, "Other Property Damage": 1}, "borders": [{"name": "Causeway Lake", "key": "causeway-lake", "cr": 11}, {"name": "Rosslyn", "key": "rosslyn", "cr": 10}, {"name": "The Keppels", "key": "the-keppels", "cr": 30}], "polygon": [[150.7894203067, -23.1799046695], [150.7862232327, -23.1862816438], [150.778039135, -23.1873419583], [150.7832481712, -23.1925044581], [150.7832520232, -23.1918362677], [150.7841076553, -23.1917053983], [150.7859509885, -23.1958391741], [150.788618654, -23.1971137226], [150.7898221016, -23.1972456649], [150.7905674726, -23.1948900074], [150.7918765098, -23.1955586895], [150.8356093913, -23.1979578584], [150.8336766958, -23.1885567084], [150.7958870605, -23.18745251], [150.7943384498, -23.184464708], [150.7924248576, -23.1834617928], [150.7929902747, -23.1824302673], [150.7917295247, -23.1802580059], [150.7894203067, -23.1799046695]]}