{"name": "Mungindi - Balonne", "key": "mungindi-balonne", "pops": 146, "cr": 24, "bounds": [148.3416283578, -28.9991166964, 149.0586823002, -28.7307246178], "crime": {"total": 26, "Drug Offences": 8, "Good Order Offences": 6, "Trespassing and Vagrancy": 1, "Other Property Damage": 4, "Traffic and Related Offences": 3, "Other Offences Against the Person": 1, "Unlawful Entry": 1, "Other Theft (excl. Unlawful Entry)": 2}, "borders": [{"name": "Dirranbandi", "key": "dirranbandi", "cr": 20}, {"name": "Mungindi - Goondiwindi", "key": "mungindi-goondiwindi", "cr": 0}, {"name": "Thallon", "key": "thallon", "cr": 5}], "polygon": [[148.7312522307, -28.7307246178], [148.71157711, -28.8575285822], [148.7001851723, -28.8563983068], [148.6926388741, -28.9110309184], [148.5406262875, -28.8928425759], [148.5118482932, -28.9395927191], [148.4757139757, -28.9318604544], [148.4557753354, -28.9333773851], [148.4581343755, -28.8872483149], [148.4555277675, -28.8877682015], [148.3700915799, -28.8771288842], [148.3736823797, -28.8517597243], [148.353578873, -28.8484028354], [148.3496219367, -28.8582113385], [148.3455254212, -28.8753035367], [148.3416283578, -28.8991225362], [148.3420046791, -28.9028793275], [148.3524966463, -28.9040300027], [148.3501647487, -28.9204976782], [148.3733928129, -28.9229906648], [148.3610285446, -28.9991159067], [148.9580890015, -28.9990638047], [148.95890636, -28.9979431555], [148.9632206112, -28.9963093176], [148.9655764848, -28.9936424866], [148.9634102583, -28.9916857481], [148.9673645273, -28.9912135378], [148.9672360048, -28.9897234663], [148.9690262526, -28.988031283], [148.9659960866, -28.9858505949], [148.9690614492, -28.9862056971], [148.9711114094, -28.9853291735], [148.9713737816, -28.9834522232], [148.9705482572, -28.9823474288], [148.9717170894, -28.9782906026], [148.9744692594, -28.9786967039], [148.9757362977, -28.9765113965], [148.9779701903, -28.9754745215], [148.9811656177, -28.9753396809], [148.982778877, -28.9766823724], [148.9838650972, -28.976566948], [148.9863555804, -28.9741345122], [148.9890167341, -28.9758088663], [148.9907227308, -28.9759023264], [148.9911524281, -28.9752592146], [148.9900914207, -28.974278748], [148.9904048592, -28.9719777554], [148.9912255704, -28.9713834673], [148.9971250668, -28.9727518186], [148.999710083, -28.9708496928], [148.9997618943, -28.9695916697], [149.0022068471, -28.9689294249], [149.004035987, -28.9672850743], [149.0054314211, -28.9644504637], [149.0043551028, -28.9624352902], [149.0047065914, -28.9606073797], [149.0067271069, -28.9597596824], [149.0107779056, -28.9600016847], [149.0117739886, -28.958274737], [149.0087737218, -28.9585344046], [149.0080410913, -28.9577281773], [149.011619851, -28.9554788843], [149.0142844319, -28.9576675743], [149.0168526769, -28.9565124959], [149.0194404572, -28.9593595713], [149.0201866254, -28.9592286795], [149.0199406892, -28.9582106322], [149.0211033747, -28.9570380896], [149.027801469, -28.95448751], [149.0296716988, -28.9554206505], [149.0300417915, -28.9571756721], [149.0318783373, -28.9565985501], [149.0330509543, -28.9539702758], [149.0345349684, -28.9528165087], [149.0331754535, -28.951649867], [149.0361636952, -28.9486601576], [149.0343550369, -28.9475936294], [149.0346311629, -28.9455381483], [149.0361112654, -28.945054777], [149.0365869179, -28.9437609389], [149.0401237607, -28.9423676133], [149.0388684794, -28.9408818036], [149.0397900119, -28.9401802942], [149.0384688526, -28.9390800819], [149.043015942, -28.9394519851], [149.0435688123, -28.9381258562], [149.0424943268, -28.9372703135], [149.0437104255, -28.9360732064], [149.043458499, -28.934562467], [149.0456235036, -28.934579812], [149.045597598, -28.9314955547], [149.0423148125, -28.9313684627], [149.0433396474, -28.9299802408], [149.0426208079, -28.9268996567], [149.0466224104, -28.9254855961], [149.0472641289, -28.9245448187], [149.0474502519, -28.9221018255], [149.0449880287, -28.9205564559], [149.0475156531, -28.9198608994], [149.0475378484, -28.9178408086], [149.0485324189, -28.9161878973], [149.0507781208, -28.9177100062], [149.0549756885, -28.9119315296], [149.0580537245, -28.9113640785], [149.0586823002, -28.9078255147], [149.056881994, -28.9057238922], [149.0578242838, -28.9039874077], [149.0558179244, -28.90227063], [149.0560994521, -28.8995628953], [149.0541465506, -28.8934470937], [149.0481264219, -28.8863903135], [149.0435992926, -28.8914867193], [149.0438167155, -28.8926062211], [149.0163967907, -28.8616853282], [148.9587771297, -28.8922686502], [148.9450449869, -28.9017454386], [148.94133275, -28.9034408331], [148.8934245184, -28.9377289861], [148.8844841346, -28.9420688748], [148.8646157756, -28.9547813088], [148.863589488, -28.9547709674], [148.869154349, -28.9188593701], [148.7670158371, -28.9080249369], [148.7667838782, -28.9073807895], [148.7688576281, -28.9044389278], [148.7690961957, -28.8996826485], [148.7732493281, -28.8981609419], [148.7736707106, -28.8968337625], [148.7750565335, -28.8965474293], [148.7764608413, -28.8944914714], [148.7794608399, -28.8930791914], [148.7831302583, -28.8841453567], [148.7869751677, -28.882830821], [148.7880818993, -28.8799122795], [148.7911732495, -28.8791072965], [148.7923163921, -28.8775342107], [148.7950550467, -28.8774402738], [148.797105886, -28.8785904646], [148.8019215241, -28.8773835674], [148.8056309372, -28.8785990104], [148.8070257083, -28.8775509372], [148.8067568913, -28.8737831265], [148.8203399479, -28.8731848449], [148.8303420395, -28.8693674654], [148.8397002444, -28.8704881296], [148.8409612328, -28.8623331413], [148.8332201913, -28.855453372], [148.8305636048, -28.8551714867], [148.8303273842, -28.8528838232], [148.8271025792, -28.8535026461], [148.8271138147, -28.8510086387], [148.8287393376, -28.8499190882], [148.8278563619, -28.8484754488], [148.8280078471, -28.8463793024], [148.8265767097, -28.8453177363], [148.8273411766, -28.8440954313], [148.8249836043, -28.8437733054], [148.82613796, -28.8399442807], [148.8246790841, -28.835461393], [148.8257819936, -28.8324739188], [148.8298957646, -28.8307855129], [148.8278072923, -28.8256763816], [148.8261081055, -28.8257315233], [148.8260173723, -28.8243270516], [148.8246335313, -28.8228563964], [148.8250484765, -28.8221820369], [148.8262222931, -28.822631456], [148.8268993422, -28.8216864839], [148.8271434754, -28.8203383759], [148.8262609243, -28.8185900897], [148.8267813548, -28.8154285252], [148.8280558586, -28.8125844002], [148.8306468725, -28.8104288578], [148.8291875944, -28.8072767928], [148.8319902271, -28.803932853], [148.8345098272, -28.802681081], [148.8335369527, -28.7999887913], [148.8350273296, -28.7981432304], [148.8375713974, -28.79706119], [148.8382449001, -28.7933579758], [148.8357056901, -28.7929219306], [148.8357947692, -28.7912992686], [148.8348788098, -28.7907006815], [148.8311152607, -28.7902251109], [148.8296560273, -28.7889984697], [148.8268329054, -28.7889901996], [148.8262206763, -28.7882783264], [148.8266118914, -28.7870388404], [148.8250928745, -28.7862219289], [148.8207031935, -28.7865102291], [148.8199156746, -28.7832561135], [148.821272552, -28.781943053], [148.8214255646, -28.7805634737], [148.8195713609, -28.7798453048], [148.8191262335, -28.7784768045], [148.8168061152, -28.7769979984], [148.8173811287, -28.7761979476], [148.8200677782, -28.7758365273], [148.8216729015, -28.7767501473], [148.8226251751, -28.7757477462], [148.8245356604, -28.7764958665], [148.82653258, -28.7749046683], [148.8224612474, -28.7698034868], [148.8235019818, -28.7659623474], [148.8230370209, -28.7643559277], [148.8241616935, -28.762763463], [148.8258791342, -28.7623311207], [148.8274881914, -28.7587063015], [148.8304736242, -28.757897079], [148.8309369534, -28.7545323074], [148.828806296, -28.7529943883], [148.8296635374, -28.7518691793], [148.8325312436, -28.7516030446], [148.8336609602, -28.7499769628], [148.8356995136, -28.7505132556], [148.8355636969, -28.7478397191], [148.840859212, -28.7444241568], [148.8424309641, -28.744546935], 