{"name": "Murray", "key": "murray", "pops": 1491, "cr": 4, "bounds": [146.7674007416, -19.3534194082, 146.8145132735, -19.3176903054], "crime": {"total": 19, "Traffic and Related Offences": 7, "Assault": 1, "Weapons Act Offences": 1, "Handling Stolen Goods": 1, "Miscellaneous Offences": 1, "Arson": 1, "Drug Offences": 2, "Trespassing and Vagrancy": 1, "Other Property Damage": 2, "Other Offences Against the Person": 1, "Fraud": 1}, "borders": [{"name": "Annandale", "key": "annandale", "cr": 15}, {"name": "Douglas - Townsville", "key": "douglas-townsville", "cr": 26}, {"name": "Roseneath", "key": "roseneath", "cr": 33}, {"name": "Wulguru", "key": "wulguru", "cr": 21}], "polygon": [[146.7701931447, -19.3177175522], [146.7685091048, -19.3176903054], [146.7674007416, -19.3277903348], [146.7826512828, -19.3293079585], [146.781961374, -19.3399776518], [146.7835914493, -19.340138346], [146.7858260646, -19.3436586261], [146.7841980532, -19.3457306996], [146.7825141475, -19.3464464694], [146.7827091515, -19.3479714617], [146.7848731279, -19.3493284509], [146.7878100947, -19.3492544442], [146.7883880958, -19.3513334319], [146.7911610603, -19.3531024158], [146.7926530465, -19.3532714099], [146.7924420461, -19.3508244231], [146.794614017, -19.3497634158], [146.7958950028, -19.3511044085], [146.7973469868, -19.3507504016], [146.7983629778, -19.3525273949], [146.8006359488, -19.3509493917], [146.8026219234, -19.3524213731], [146.8038053587, -19.3517153114], [146.8056839108, -19.3481507897], [146.8081086054, -19.3471063077], [146.8102150187, -19.3447184563], [146.8099633306, -19.3416821808], [146.8133638352, -19.339311257], [146.8145132735, -19.3369683623], [146.8143003136, -19.3345332667], [146.8121582493, -19.3313070163], [146.8071027026, -19.3308102712], [146.8084347472, -19.3184724525], [146.7701931447, -19.3177175522]]}