{"name": "Mysterton", "key": "mysterton", "pops": 809, "cr": 18, "bounds": [146.7905118391, -19.2926977947, 146.7972359806, -19.2817428932], "crime": {"total": 64, "Assault": 6, "Traffic and Related Offences": 10, "Other Property Damage": 7, "Fraud": 1, "Good Order Offences": 3, "Drug Offences": 12, "Other Theft (excl. Unlawful Entry)": 10, "Weapons Act Offences": 2, "Unlawful Use of Motor Vehicle": 4, "Unlawful Entry": 7, "Miscellaneous Offences": 1, "Handling Stolen Goods": 1}, "borders": [{"name": "Hermit Park", "key": "hermit-park", "cr": 39}, {"name": "Hyde Park", "key": "hyde-park", "cr": 43}, {"name": "Mundingburra", "key": "mundingburra", "cr": 32}, {"name": "Pimlico", "key": "pimlico", "cr": 49}], "polygon": [[146.7965488359, -19.2850996554], [146.7961089835, -19.2837483957], [146.7945608944, -19.2831870466], [146.7940586209, -19.2820403203], [146.7914911732, -19.2817428932], [146.7906368375, -19.2906166986], [146.7941888869, -19.2926977947], [146.7965616509, -19.289359428], [146.7972359806, -19.2851665169], [146.7965488359, -19.2850996554]]}