{"name": "Nanum", "key": "nanum", "pops": 921, "cr": 10, "bounds": [141.8516268656, -12.6580039039, 141.868522495, -12.6292795762], "crime": {"total": 51, "Drug Offences": 1, "Good Order Offences": 11, "Other Theft (excl. Unlawful Entry)": 11, "Traffic and Related Offences": 8, "Assault": 10, "Other Property Damage": 4, "Other Offences Against the Person": 1, "Weapons Act Offences": 1, "Unlawful Entry": 1, "Unlawful Use of Motor Vehicle": 2, "Liquor (excl. Drunkenness)": 1}, "borders": [{"name": "Evans Landing", "key": "evans-landing", "cr": 21}, {"name": "Trunding", "key": "trunding", "cr": 16}], "polygon": [[141.8648935184, -12.6320476905], [141.8645841107, -12.6292795762], [141.8518943787, -12.6385228932], [141.8600928485, -12.6384916529], [141.852099508, -12.640467912], [141.8516268656, -12.6441186145], [141.8622193933, -12.6474571079], [141.8549642041, -12.6513663977], [141.8542865738, -12.6580039039], [141.8551898822, -12.6559216902], [141.8628996983, -12.6519659385], [141.8647091165, -12.6497855857], [141.8660192415, -12.6379501], [141.866420716, -12.6365542933], [141.8681764007, -12.6359848604], [141.868522495, -12.6351473257], [141.866311349, -12.6323412731], [141.8648935184, -12.6320476905]]}