{"name": "Nelly Bay", "key": "nelly-bay", "pops": 1196, "cr": 18, "bounds": [146.8337540701, -19.1740864068, 146.8587163091, -19.1383019537], "crime": {"total": 99, "Traffic and Related Offences": 27, "Assault": 11, "Other Theft (excl. Unlawful Entry)": 12, "Good Order Offences": 5, "Other Property Damage": 12, "Unlawful Use of Motor Vehicle": 3, "Trespassing and Vagrancy": 2, "Drug Offences": 14, "Liquor (excl. Drunkenness)": 3, "Other Offences Against the Person": 2, "Handling Stolen Goods": 1, "Fraud": 1, "Weapons Act Offences": 2, "Unlawful Entry": 4}, "borders": [{"name": "Arcadia", "key": "arcadia", "cr": 28}, {"name": "Coral Sea - Townsville", "key": "coral-sea-townsville", "cr": 19}, {"name": "Picnic Bay", "key": "picnic-bay", "cr": 24}, {"name": "West Point", "key": "west-point", "cr": 18}], "polygon": [[146.8460430279, -19.1485091448], [146.8443397731, -19.1469279677], [146.8442926779, -19.1445007324], [146.8482958004, -19.1444876119], [146.8482349515, -19.1395673528], [146.8427721187, -19.1383019537], [146.8392108381, -19.1430675313], [146.8387285173, -19.1455622613], [146.8370725662, -19.1475576684], [146.8380349874, -19.1504694223], [146.8372603059, -19.1543147117], [146.8404810578, -19.1568882018], [146.8386199921, -19.1619245484], [146.8337540701, -19.1673464626], [146.8430786505, -19.1740864068], [146.8450728282, -19.1736167818], [146.8456505463, -19.172120057], [146.8461083397, -19.1726412773], [146.8465537652, -19.1721377447], [146.8507405296, -19.1600677148], [146.85477902, -19.1626636907], [146.8558528051, -19.162425153], [146.8587163091, -19.1583499536], [146.8558018878, -19.1553931311], [146.8542467728, -19.155598782], [146.8529730663, -19.1513647065], [146.8502501845, -19.1520424262], [146.8460430279, -19.1485091448]]}