{"name": "New Mapoon - Northern Peninsula", "key": "new-mapoon-northern-peninsula", "pops": 383, "cr": 79, "bounds": [142.3735638484, -10.878236264, 142.517078124, -10.7272308171], "crime": {"total": 113, "Other Property Damage": 13, "Unlawful Entry": 21, "Assault": 29, "Trespassing and Vagrancy": 5, "Traffic and Related Offences": 8, "Other Theft (excl. Unlawful Entry)": 15, "Other Offences Against the Person": 2, "Arson": 1, "Drug Offences": 8, "Fraud": 2, "Good Order Offences": 6, "Weapons Act Offences": 1, "Unlawful Use of Motor Vehicle": 1, "Miscellaneous Offences": 1}, "borders": [{"name": "Bamaga", "key": "bamaga", "cr": 65}, {"name": "New Mapoon - Torres", "key": "new-mapoon-torres", "cr": 0}, {"name": "Punsand", "key": "punsand", "cr": 43}, {"name": "Umagico - Northern Peninsula", "key": "umagico-northern-peninsula", "cr": 42}], "polygon": [[142.4621237144, -10.7312098518], [142.454784967, -10.7312034443], [142.4236575589, -10.7276977748], [142.4260293618, -10.7327967137], [142.4262696207, -10.7399020195], [142.422816135, -10.7474027351], [142.4187830389, -10.7520012781], [142.416699864, -10.7557262033], [142.4138947576, -10.7626378387], [142.4114985317, -10.7722218707], [142.4124316052, -10.7736691087], [142.4120636284, -10.7785830125], [142.4186987951, -10.7862678543], [142.416908972, -10.7895131186], [142.4078741521, -10.7961270958], [142.4060228691, -10.7939827368], [142.401811868, -10.8016837835], [142.3982497454, -10.8025694117], [142.3955501169, -10.8159893006], [142.3903871477, -10.8280078545], [142.3868859783, -10.8314507455], [142.3843464479, -10.832444936], [142.3770544231, -10.8406592458], [142.3735638484, -10.8421663195], [142.3793987334, -10.8459826186], [142.3765826896, -10.850237146], [142.3752585724, -10.854600966], [142.3764170036, -10.856298402], [142.3778876886, -10.8650335148], [142.376343824, -10.8666402996], [142.3777900413, -10.8710765168], [142.3767720982, -10.878236264], [142.3901282698, -10.8780105487], [142.3907572627, -10.8768622205], [142.3902596235, -10.8750307113], [142.403339982, -10.873318404], [142.4057793096, -10.8707632571], [142.40953058, -10.8653035238], [142.4271016195, -10.831998311], [142.4342014417, -10.8293335587], [142.4308393076, -10.8252035901], [142.4286738932, -10.820347473], [142.4296413809, -10.8177114874], [142.4339251444, -10.8133740053], [142.4312311858, -10.8094389439], [142.431279704, -10.8054821044], [142.4329690114, -10.8036482036], [142.4502433985, -10.7920676693], [142.45917961, -10.7887154892], [142.4615004584, -10.7889873981], [142.46786917, -10.7810549438], [142.4701402858, -10.7794457227], [142.4738390371, -10.7784799635], [142.476454407, -10.77981022], [142.479123272, -10.7796936631], [142.4815833867, -10.7782995105], [142.4868812039, -10.7797158733], [142.489626959, -10.7789084166], [142.4970700145, -10.7714672908], [142.4981476814, -10.770831421], [142.5008532628, -10.7711109221], [142.5026673377, -10.7682558], [142.5070500523, -10.7668001652], [142.5095134676, -10.7635852024], [142.5089807361, -10.7602765188], [142.5097476691, -10.7569066212], [142.5137275383, -10.7543259934], [142.5153362602, -10.7514894977], [142.5151831359, -10.7464122623], [142.517078124, -10.7386310622], [142.5033665597, -10.7383391336], [142.5030763, -10.7290304452], [142.46807082, -10.7318909839], [142.4621237144, -10.7312098518]]}