{"name": "New Beith", "key": "new-beith", "pops": 4081, "cr": 3, "bounds": [152.9041564018, -27.7906158715, 152.9775092974, -27.7304620445], "crime": {"total": 54, "Traffic and Related Offences": 3, "Assault": 8, "Unlawful Use of Motor Vehicle": 2, "Other Theft (excl. Unlawful Entry)": 12, "Drug Offences": 5, "Weapons Act Offences": 1, "Other Offences Against the Person": 4, "Fraud": 3, "Unlawful Entry": 3, "Other Property Damage": 9, "Arson": 2, "Good Order Offences": 2}, "borders": [{"name": "Greenbank", "key": "greenbank", "cr": 14}, {"name": "Lyons", "key": "lyons", "cr": 37}, {"name": "North Maclean", "key": "north-maclean", "cr": 8}, {"name": "South Maclean", "key": "south-maclean", "cr": 9}], "polygon": [[152.9377640337, -27.7315290049], [152.9306798428, -27.7304620445], [152.9295155108, -27.7376029342], [152.9268583804, -27.7375576347], [152.9260052592, -27.7389087901], [152.9264142439, -27.7395953983], [152.9252877086, -27.7390558496], [152.9244170338, -27.7401379198], [152.9240967333, -27.7420325279], [152.9252196923, -27.7430034131], [152.9232613966, -27.7464389727], [152.9205773473, -27.746459201], [152.9195073843, -27.7473103181], [152.9162427783, -27.7455039769], [152.9109241441, -27.7736626416], [152.9060836509, -27.7729887068], [152.9041564465, -27.7838947698], [152.9049349874, -27.7833153456], [152.9070438221, -27.7836191803], [152.9086709544, -27.7823416889], [152.9125074148, -27.7826951891], [152.9162059724, -27.7802218571], [152.9168444946, -27.781293273], [152.9243600667, -27.7797649801], [152.9255269021, -27.7813317552], [152.9274055064, -27.7816007361], [152.9321436957, -27.7800950408], [152.9349840954, -27.7812466696], [152.9345961884, -27.7836534977], [152.9372863173, -27.7833464146], [152.9387787357, -27.7804261893], [152.9434437603, -27.7803933769], [152.9418803528, -27.7886398807], [152.9550840482, -27.7906158715], [152.9561527446, -27.7888082862], [152.9570783824, -27.7896863222], [152.9623882622, -27.7804753631], [152.9642488137, -27.7695558816], [152.9646414593, -27.7681902051], [152.9653581679, -27.7682975531], [152.9660618529, -27.7641697079], [152.9688928947, -27.7566701472], [152.9701059759, -27.7418420985], [152.9716106877, -27.7402367815], [152.9775092974, -27.7378168106], [152.9514160678, -27.7339326665], [152.948072426, -27.730905883], [152.9468795881, -27.7330424562], [152.943746686, -27.7314902097], [152.9377640337, -27.7315290049]]}