{"name": "Newport", "key": "newport", "pops": 2964, "cr": 15, "bounds": [153.0726327598, -27.2191934064, 153.1053702757, -27.1999331266], "crime": {"total": 179, "Assault": 20, "Other Theft (excl. Unlawful Entry)": 55, "Unlawful Entry": 35, "Fraud": 6, "Good Order Offences": 9, "Other Offences Against the Person": 6, "Unlawful Use of Motor Vehicle": 13, "Trespassing and Vagrancy": 4, "Other Property Damage": 15, "Miscellaneous Offences": 3, "Traffic and Related Offences": 11, "Drug Offences": 2}, "borders": [{"name": "Kippa Ring", "key": "kippa-ring", "cr": 18}, {"name": "Redcliffe", "key": "redcliffe", "cr": 19}, {"name": "Rothwell", "key": "rothwell", "cr": 16}, {"name": "Scarborough", "key": "scarborough", "cr": 8}], "polygon": [[153.1021041796, -27.202337198], [153.1033009961, -27.1999916434], [153.1002282053, -27.2008278444], [153.097078234, -27.2031574994], [153.0926622301, -27.2042674422], [153.08871416, -27.2028386667], [153.0893275142, -27.2062048092], [153.0851811096, -27.205349341], [153.0822168812, -27.2034674883], [153.0823494568, -27.2046006843], [153.0800509676, -27.2068730146], [153.0757493675, -27.2067572698], [153.0760089681, -27.2074769214], [153.0748377815, -27.2078158036], [153.0745012462, -27.2068756744], [153.07337448, -27.2070772275], [153.0726327598, -27.2112370133], [153.076791048, -27.2117967531], [153.0758659542, -27.2169768661], [153.0877666697, -27.219009541], [153.0885892436, -27.2158014476], [153.0993159562, -27.2174155265], [153.0989795178, -27.2191934064], [153.0994887874, -27.2190942243], [153.103227973, -27.2150974721], [153.104003951, -27.2092733607], [153.1049779877, -27.2084944695], [153.1053702757, -27.2064367607], [153.1005360037, -27.2058814615], [153.0998861045, -27.2043493986], [153.1021041796, -27.202337198]]}