{"name": "Northgate", "key": "northgate", "pops": 4568, "cr": 20, "bounds": [153.0595422536, -27.4009401947, 153.0875222906, -27.3803567737], "crime": {"total": 431, "Unlawful Entry": 50, "Fraud": 28, "Unlawful Use of Motor Vehicle": 28, "Drug Offences": 79, "Good Order Offences": 48, "Other Theft (excl. Unlawful Entry)": 68, "Assault": 32, "Other Property Damage": 33, "Weapons Act Offences": 17, "Other Offences Against the Person": 9, "Trespassing and Vagrancy": 5, "Handling Stolen Goods": 6, "Traffic and Related Offences": 22, "Robbery": 5, "Miscellaneous Offences": 1}, "borders": [{"name": "Banyo", "key": "banyo", "cr": 12}, {"name": "Nundah", "key": "nundah", "cr": 18}, {"name": "Virginia", "key": "virginia", "cr": 28}], "polygon": [[153.0764874965, -27.3849284723], [153.0758549273, -27.3843326867], [153.0775259212, -27.3832060695], [153.077410683, -27.3824060932], [153.0758019462, -27.3809584305], [153.0763212889, -27.3803784549], [153.0743885189, -27.3804758862], [153.0701834634, -27.3886412829], [153.0649647415, -27.3838695213], [153.0610095561, -27.3863902688], [153.0595422536, -27.3890828043], [153.0665228143, -27.3971018419], [153.0657642856, -27.3978958428], [153.0779214278, -27.3996411264], [153.0793796927, -27.4009401947], [153.0840107799, -27.3961330354], [153.0858761072, -27.3951722607], [153.0875222906, -27.3953831121], [153.0869627818, -27.3912947401], [153.0823412538, -27.3906919062], [153.0815304071, -27.3886950538], [153.0796223134, -27.3886167407], [153.0792671591, -27.3872313946], [153.0815843344, -27.3856719285], [153.0800495073, -27.3838693202], [153.0774352551, -27.38563779], [153.0764874965, -27.3849284723]]}