{"name": "North Ward", "key": "north-ward", "pops": 5065, "cr": 54, "bounds": [146.7983115017, -19.2590035796, 146.8217158392, -19.2379407808], "crime": {"total": 869, "Good Order Offences": 61, "Traffic and Related Offences": 48, "Unlawful Entry": 284, "Other Offences Against the Person": 14, "Robbery": 4, "Other Theft (excl. Unlawful Entry)": 120, "Unlawful Use of Motor Vehicle": 67, "Other Property Damage": 68, "Drug Offences": 79, "Assault": 70, "Liquor (excl. Drunkenness)": 5, "Arson": 2, "Handling Stolen Goods": 8, "Weapons Act Offences": 14, "Miscellaneous Offences": 1, "Trespassing and Vagrancy": 9, "Fraud": 14, "Prostitution Offences": 1}, "borders": [{"name": "Belgian Gardens", "key": "belgian-gardens", "cr": 49}, {"name": "Castle Hill", "key": "castle-hill", "cr": 30}, {"name": "Coral Sea - Townsville", "key": "coral-sea-townsville", "cr": 19}, {"name": "Townsville City", "key": "townsville-city", "cr": 100}], "polygon": [[146.8079521656, -19.2379407808], [146.8060353547, -19.2392660156], [146.8040456995, -19.2383404821], [146.8020014688, -19.239348352], [146.8003496379, -19.2392122447], [146.7983115017, -19.2417450547], [146.7996896952, -19.2452131435], [146.8012241274, -19.2449636981], [146.8037633002, -19.2462825105], [146.8023357913, -19.2466108054], [146.8015892729, -19.2478145212], [146.8023733944, -19.2483961061], [146.8024508059, -19.2500341982], [146.801192604, -19.2522025257], [146.8074189797, -19.2564979494], [146.8071249947, -19.2571335435], [146.8096098527, -19.2590035796], [146.8124490604, -19.2555044666], [146.8139035031, -19.2555950508], [146.8149316162, -19.2544351742], [146.8153540045, -19.2558079213], [146.8161536381, -19.2563990057], [146.8161043748, -19.2554655895], [146.8177291006, -19.2548449934], [146.8214985356, -19.2555846274], [146.8217158392, -19.2550762966], [146.8190604895, -19.2533740774], [146.820020102, -19.2532255426], [146.821522072, -19.2508619502], [146.8170095831, -19.2484060898], [146.8118197396, -19.2432488054], [146.8079521656, -19.2379407808]]}