{"name": "Nudgee Beach", "key": "nudgee-beach", "pops": 263, "cr": 37, "bounds": [153.0810793191, -27.3782490417, 153.1108481884, -27.3292785063], "crime": {"total": 56, "Good Order Offences": 5, "Other Theft (excl. Unlawful Entry)": 11, "Traffic and Related Offences": 9, "Unlawful Entry": 6, "Unlawful Use of Motor Vehicle": 2, "Other Offences Against the Person": 1, "Weapons Act Offences": 1, "Drug Offences": 18, "Other Property Damage": 2, "Arson": 1}, "borders": [{"name": "Boondall", "key": "boondall", "cr": 11}, {"name": "Nudgee", "key": "nudgee", "cr": 11}, {"name": "Shorncliffe", "key": "shorncliffe", "cr": 9}], "polygon": [[153.1073352173, -27.3422656059], [153.0892749503, -27.3302562237], [153.0891066119, -27.3292785063], [153.0878107175, -27.3304077163], [153.0840355158, -27.3312700093], [153.0817554742, -27.3346126974], [153.0848196894, -27.3383081257], [153.0844063014, -27.3421767205], [153.0850360245, -27.3438428119], [153.0878261179, -27.3454198539], [153.0896711349, -27.3439802527], [153.0911441594, -27.34403193], [153.0913232937, -27.3469367549], [153.0930267274, -27.349110052], [153.091817461, -27.3507780805], [153.0894024447, -27.3513087556], [153.0874959975, -27.3502195105], [153.0870429575, -27.3485533297], [153.0842599869, -27.3488203362], [153.0830059052, -27.3502733782], [153.082389161, -27.3529888839], [153.0811085403, -27.354141362], [153.0865198746, -27.3535093516], [153.0860183537, -27.3566375151], [153.0900208876, -27.3576651439], [153.0922141448, -27.3593932465], [153.0965781063, -27.3649299964], [153.0966647565, -27.3687657118], [153.0976058543, -27.3698841333], [153.0980280936, -27.3679414913], [153.0996912792, -27.3690470383], [153.1002724022, -27.3712361827], [153.0991930664, -27.3717705309], [153.1021173298, -27.3715804443], [153.1049541682, -27.3749527484], [153.1039748341, -27.3756089658], [153.1061942726, -27.3782490417], [153.1065306365, -27.3761946857], [153.10274712, -27.3615553826], [153.105554685, -27.351706475], [153.1108481884, -27.3446735144], [153.1073352173, -27.3422656059]]}