{"name": "Nudgee", "key": "nudgee", "pops": 3578, "cr": 11, "bounds": [153.0776945427, -27.3855454698, 153.1059782356, -27.3557549864], "crime": {"total": 163, "Traffic and Related Offences": 21, "Drug Offences": 22, "Unlawful Entry": 17, "Other Property Damage": 43, "Unlawful Use of Motor Vehicle": 6, "Other Theft (excl. Unlawful Entry)": 24, "Good Order Offences": 7, "Assault": 6, "Weapons Act Offences": 2, "Fraud": 8, "Handling Stolen Goods": 2, "Other Offences Against the Person": 1, "Trespassing and Vagrancy": 1, "Robbery": 1, "Miscellaneous Offences": 1, "Arson": 1}, "borders": [{"name": "Banyo", "key": "banyo", "cr": 12}, {"name": "Boondall", "key": "boondall", "cr": 11}, {"name": "Nudgee Beach", "key": "nudgee-beach", "cr": 37}], "polygon": [[153.0849808753, -27.3586229384], [153.0792106241, -27.3557549864], [153.0782732219, -27.3567201942], [153.0776945427, -27.3585521281], [153.0784945264, -27.3599190712], [153.0822650194, -27.3594805896], [153.0804804116, -27.3629572615], [153.0795162395, -27.3632330894], [153.0827927813, -27.3671336547], [153.0805231556, -27.3702524081], [153.084423095, -27.3748054877], [153.0845490173, -27.3761715144], [153.0852177516, -27.3757523522], [153.0848650187, -27.3765466586], [153.0859451666, -27.3766185418], [153.0906622261, -27.3734484911], [153.0930490941, -27.3770177439], [153.0952954441, -27.3761334047], [153.0957928449, -27.3764377162], [153.0950108618, -27.3765486032], [153.0938304588, -27.3788893744], [153.0956097245, -27.379502587], [153.0960661024, -27.3855454698], [153.1059782356, -27.3779920712], [153.1039748341, -27.3756089658], [153.1049541682, -27.3749527484], [153.1021173298, -27.3715804443], [153.1006351411, -27.371321857], [153.0994722992, -27.3721024171], [153.1002724022, -27.3712361827], [153.0996912792, -27.3690470383], [153.0980280936, -27.3679414913], [153.0976058543, -27.3698841333], [153.0966647565, -27.3687657118], [153.0965781063, -27.3649299964], [153.0915781111, -27.3587195054], [153.0860183537, -27.3566375151], [153.0862356275, -27.3583772257], [153.0849808753, -27.3586229384]]}