{"name": "Oak Valley", "key": "oak-valley", "pops": 487, "cr": 3, "bounds": [146.8036830947, -19.4389520586, 146.8361990675, -19.3780364618], "crime": {"total": 11, "Unlawful Use of Motor Vehicle": 1, "Traffic and Related Offences": 2, "Drug Offences": 3, "Assault": 1, "Good Order Offences": 2, "Other Theft (excl. Unlawful Entry)": 1, "Other Property Damage": 1}, "borders": [{"name": "Brookhill", "key": "brookhill", "cr": 19}, {"name": "Roseneath", "key": "roseneath", "cr": 33}], "polygon": [[146.8196439445, -19.3780364618], [146.8183761314, -19.3834309205], [146.807263568, -19.3822651654], [146.8036830947, -19.4139284864], [146.8156246543, -19.4151210561], [146.8152748719, -19.4195760787], [146.8118012026, -19.4193478897], [146.810047172, -19.4339531511], [146.8253202289, -19.4355150759], [146.8251973167, -19.4379237071], [146.8361990675, -19.4389520586], [146.8361871392, -19.4168406278], [146.8335698172, -19.4105458483], [146.832166627, -19.4018952474], [146.8320579752, -19.3939751387], [146.8306769729, -19.3904410675], [146.8311464041, -19.3871294037], [146.8326728195, -19.3837883696], [146.8322833404, -19.3816681206], [146.8330482394, -19.3793441057], [146.8196439445, -19.3780364618]]}