{"name": "One Mile", "key": "one-mile", "pops": 2077, "cr": 16, "bounds": [152.7282811403, -27.6450950429, 152.747796528, -27.6242996752], "crime": {"total": 158, "Assault": 24, "Other Property Damage": 19, "Other Offences Against the Person": 3, "Drug Offences": 24, "Good Order Offences": 11, "Weapons Act Offences": 3, "Unlawful Use of Motor Vehicle": 3, "Unlawful Entry": 9, "Traffic and Related Offences": 29, "Miscellaneous Offences": 1, "Fraud": 4, "Other Theft (excl. Unlawful Entry)": 26, "Trespassing and Vagrancy": 1, "Handling Stolen Goods": 1}, "borders": [{"name": "Amberley", "key": "amberley", "cr": 14}, {"name": "Churchill", "key": "churchill", "cr": 19}, {"name": "Leichhardt", "key": "leichhardt", "cr": 28}, {"name": "Yamanto", "key": "yamanto", "cr": 14}], "polygon": [[152.7461594045, -27.6342211366], [152.7458540574, -27.6292018741], [152.747796528, -27.6267117411], [152.7473820224, -27.6242996752], [152.7440717295, -27.6268952936], [152.7283671349, -27.6321967244], [152.7290007174, -27.6348543167], [152.7323158607, -27.6354440227], [152.733990714, -27.6342966557], [152.7365443334, -27.6352552325], [152.7387244403, -27.6387791783], [152.7382398248, -27.6425148696], [152.7414862588, -27.6450602412], [152.7458903939, -27.6416921169], [152.7461594045, -27.6342211366]]}