{"name": "Ormeau Hills", "key": "ormeau-hills", "pops": 3148, "cr": 6, "bounds": [153.2100533247, -27.8130914122, 153.2614892423, -27.788180545], "crime": {"total": 78, "Other Theft (excl. Unlawful Entry)": 23, "Drug Offences": 10, "Robbery": 1, "Other Property Damage": 7, "Unlawful Entry": 13, "Fraud": 2, "Unlawful Use of Motor Vehicle": 12, "Assault": 5, "Good Order Offences": 1, "Other Offences Against the Person": 1, "Traffic and Related Offences": 2, "Handling Stolen Goods": 1}, "borders": [{"name": "Kingsholme", "key": "kingsholme", "cr": 16}, {"name": "Luscombe", "key": "luscombe", "cr": 23}, {"name": "Ormeau", "key": "ormeau", "cr": 9}, {"name": "Pimpama", "key": "pimpama", "cr": 30}], "polygon": [[153.2170689404, -27.7888718694], [153.2138226852, -27.788180545], [153.2142828554, -27.7894073427], [153.2124852836, -27.791714184], [153.2121798396, -27.7961237803], [153.2104700804, -27.7982990071], [153.2100533247, -27.8007424399], [153.2123836204, -27.8025933951], [153.2157515809, -27.8037285432], [153.2203784734, -27.808565475], [153.2276775762, -27.8130914122], [153.2282922044, -27.8120150045], [153.2301445529, -27.8115586266], [153.2300449982, -27.8104384467], [153.2310547978, -27.8097848743], [153.2341375574, -27.8097263798], [153.2346225306, -27.808834359], [153.2368344441, -27.8085674569], [153.2370797247, -27.8070246205], [153.2361447364, -27.8066107929], [153.2373588979, -27.8047429025], [153.2431118339, -27.8054312393], [153.2454557568, -27.8046080917], [153.2471644804, -27.8052426055], [153.2493262663, -27.8084798753], [153.2508088946, -27.8091221452], [153.253703855, -27.8048253208], [153.2588256374, -27.8010377809], [153.257125631, -27.8003838658], [153.2576431632, -27.7985298559], [153.2595994398, -27.7980163619], [153.2614892423, -27.7987424061], [153.2599336058, -27.7932620496], [153.2313405499, -27.7886406109], [153.226601392, -27.7911314592], [153.2239709944, -27.7913606539], [153.221186623, -27.7894455045], [153.2170689404, -27.7888718694]]}