{"name": "Ormiston", "key": "ormiston", "pops": 5793, "cr": 5, "bounds": [153.2413803414, -27.5243545547, 153.2695850134, -27.4896262437], "crime": {"total": 149, "Unlawful Entry": 14, "Drug Offences": 34, "Other Theft (excl. Unlawful Entry)": 34, "Other Property Damage": 15, "Other Offences Against the Person": 4, "Assault": 17, "Fraud": 2, "Unlawful Use of Motor Vehicle": 6, "Traffic and Related Offences": 9, "Handling Stolen Goods": 2, "Good Order Offences": 8, "Miscellaneous Offences": 1, "Trespassing and Vagrancy": 2, "Liquor (excl. Drunkenness)": 1}, "borders": [{"name": "Alexandra Hills", "key": "alexandra-hills", "cr": 8}, {"name": "Cleveland", "key": "cleveland", "cr": 11}, {"name": "Wellington Point", "key": "wellington-point", "cr": 5}], "polygon": [[153.2632767856, -27.4920748249], [153.2587236315, -27.4896262437], [153.2545558214, -27.4930694029], [153.2525192574, -27.4929711074], [153.2514934167, -27.4908811003], [153.2502091303, -27.490415819], [153.2476474643, -27.4925614893], [153.2485889047, -27.4939625934], [153.2497202531, -27.4938990474], [153.2498285025, -27.4929513559], [153.2510774285, -27.4938591272], [153.2507047504, -27.4968632013], [153.2513505146, -27.4989151731], [153.2503805757, -27.5007563829], [153.2522156313, -27.5013789982], [153.2521370053, -27.5032194704], [153.2534888238, -27.5047714487], [153.2525801733, -27.5050571933], [153.2513893098, -27.5073527098], [153.2525022477, -27.5087330416], [153.2504647672, -27.5089825839], [153.2516260222, -27.5108587593], [153.2484748363, -27.5102752298], [153.2462527007, -27.5116700679], [153.2427488938, -27.5114788711], [153.2414382994, -27.5122536048], [153.2431141064, -27.5158392936], [153.2443380356, -27.5165751874], [153.2438907549, -27.5179808959], [153.2463276908, -27.5206695274], [153.2466414049, -27.5222670361], [153.2460004464, -27.5233604908], [153.2648142874, -27.5240710452], [153.2641625926, -27.5239184946], [153.2642737925, -27.5227242112], [153.2651295736, -27.5218446702], [153.2637031823, -27.5176380947], [153.2695850134, -27.5083824769], [153.2667356804, -27.5055718049], [153.2649189904, -27.4987038001], [153.264940083, -27.4943246096], [153.2632767856, -27.4920748249]]}