{"name": "Pacific Pines", "key": "pacific-pines", "pops": 16757, "cr": 7, "bounds": [153.2959012017, -27.956351541, 153.3371633217, -27.923956126], "crime": {"total": 665, "Assault": 67, "Other Offences Against the Person": 12, "Unlawful Entry": 59, "Other Theft (excl. Unlawful Entry)": 287, "Drug Offences": 50, "Other Property Damage": 49, "Robbery": 5, "Good Order Offences": 19, "Unlawful Use of Motor Vehicle": 43, "Fraud": 26, "Handling Stolen Goods": 6, "Trespassing and Vagrancy": 6, "Traffic and Related Offences": 26, "Miscellaneous Offences": 3, "Weapons Act Offences": 6, "Arson": 1}, "borders": [{"name": "Gaven", "key": "gaven", "cr": 15}, {"name": "Maudsland", "key": "maudsland", "cr": 7}, {"name": "Nerang", "key": "nerang", "cr": 16}, {"name": "Oxenford", "key": "oxenford", "cr": 12}], "polygon": [[153.3247957081, -27.9255688936], [153.3138636127, -27.923956126], [153.3118258342, -27.9255887568], [153.3060319722, -27.9243830815], [153.3038637564, -27.9263079539], [153.3013901412, -27.926761061], [153.3013360128, -27.9277257398], [153.3037947416, -27.9312920272], [153.3014283627, -27.931253545], [153.3017921373, -27.9342753738], [153.2959012017, -27.9434205517], [153.2970125452, -27.9436588436], [153.297467038, -27.9452146664], [153.299240306, -27.9454773962], [153.2985514998, -27.9461480826], [153.3006405979, -27.9474086687], [153.2982830927, -27.9491427317], [153.2990720198, -27.9504570514], [153.3002103865, -27.9507138133], [153.2992538363, -27.9535718337], [153.3180406988, -27.956351541], [153.3158639893, -27.9552880898], [153.3159728944, -27.9540582225], [153.3211612105, -27.9538382143], [153.3237298653, -27.9549119994], [153.3235600218, -27.9539309144], [153.3245807067, -27.9530630633], [153.3241580278, -27.9506562799], [153.3256236166, -27.9487277418], [153.3260879144, -27.9450496957], [153.3274919912, -27.9444146007], [153.3324300423, -27.944996722], [153.332694903, -27.9455803037], [153.335899666, -27.9435120448], [153.3371297494, -27.9435348213], [153.3371295929, -27.9418147802], [153.3358737379, -27.9409434572], [153.3348532766, -27.9381278604], [153.3330981731, -27.939867869], [153.3319808841, -27.9396614805], [153.3323572651, -27.9408772215], [153.3315296173, -27.9415748417], [153.3308782279, -27.9417072237], [153.3289605007, -27.9395452589], [153.3312975764, -27.9368436933], [153.3284156322, -27.9352830127], [153.3280477226, -27.9327587113], [153.3263823763, -27.9304705635], [153.3274541423, -27.9259410352], [153.3247957081, -27.9255688936]]}