{"name": "Pacific Haven", "key": "pacific-haven", "pops": 755, "cr": 9, "bounds": [152.5268037841, -25.3023541346, 152.5862973928, -25.2213942111], "crime": {"total": 27, "Good Order Offences": 3, "Fraud": 1, "Unlawful Entry": 2, "Drug Offences": 5, "Homicide (Murder)": 1, "Unlawful Use of Motor Vehicle": 2, "Traffic and Related Offences": 3, "Other Theft (excl. Unlawful Entry)": 3, "Assault": 3, "Other Offences Against the Person": 2, "Other Property Damage": 2}, "borders": [{"name": "Burrum River", "key": "burrum-river", "cr": 20}, {"name": "Cherwell", "key": "cherwell", "cr": 100}, {"name": "Howard", "key": "howard", "cr": 21}], "polygon": [[152.5485816076, -25.2310306802], [152.546855092, -25.2302413955], [152.5429693311, -25.2259574383], [152.5408946499, -25.2213942111], [152.5389725491, -25.2253373042], [152.5389650539, -25.2273248285], [152.5421061069, -25.2289423794], [152.5427478403, -25.2308549806], [152.5407584757, -25.2306909934], [152.5380377099, -25.2282954901], [152.534159787, -25.2299206853], [152.5350210816, -25.2309492156], [152.5378537178, -25.2311948389], [152.5381023809, -25.234078519], [152.5347155631, -25.2352452353], [152.5339446142, -25.2370648831], [152.531534113, -25.238245897], [152.5268037841, -25.2461596504], [152.5270660892, -25.2477704212], [152.5286827609, -25.249596253], [152.5274950936, -25.2522031292], [152.5277547687, -25.2536864951], [152.5304663405, -25.255666934], [152.5341092497, -25.2540585846], [152.5348555222, -25.2547001988], [152.5343502909, -25.2573347986], [152.532396026, -25.2572634444], [152.5301424265, -25.2582971007], [152.5299358666, -25.2603105828], [152.5271939263, -25.2612295523], [152.5379039794, -25.2832161784], [152.5422912613, -25.2838437185], [152.5425378755, -25.2824376598], [152.5523699746, -25.2841654718], [152.5497666001, -25.2996733189], [152.568992354, -25.3023541346], [152.5703365505, -25.2961929888], [152.5862973928, -25.2980566025], [152.5854647756, -25.2954165936], [152.5816728547, -25.2906764373], [152.5794429705, -25.2863468677], [152.5729090273, -25.2832695022], [152.5719576702, -25.2820668668], [152.5716658533, -25.2800093368], [152.5733128414, -25.2773040235], [152.570695661, -25.275770545], [152.5693074912, -25.2732406929], [152.5687829703, -25.270263426], [152.5701865181, -25.2686769068], [152.5695134997, -25.2665102333], [152.5668369085, -25.2656469569], [152.5659674555, -25.2642319873], [152.5666256994, -25.2605259493], [152.5680471733, -25.2578228042], [152.5624496564, -25.2533253059], [152.5598677844, -25.2528130114], [152.5584257394, -25.2512861416], [152.5581816509, -25.2494302168], [152.5593062937, -25.2474016845], [152.5596041977, -25.2442433983], [152.5619681776, -25.2419619784], [152.5626674443, -25.2400202528], [152.5596916154, -25.234218955], [152.5529042929, -25.2312368304], [152.5485816076, -25.2310306802]]}