{"name": "Pallarenda", "key": "pallarenda", "pops": 791, "cr": 15, "bounds": [146.7493941709, -19.2108139545, 146.7758899033, -19.1859601587], "crime": {"total": 38, "Weapons Act Offences": 1, "Drug Offences": 4, "Good Order Offences": 2, "Unlawful Entry": 11, "Unlawful Use of Motor Vehicle": 5, "Other Theft (excl. Unlawful Entry)": 6, "Fraud": 2, "Other Property Damage": 2, "Traffic and Related Offences": 2, "Assault": 2, "Handling Stolen Goods": 1}, "borders": [{"name": "Coral Sea - Townsville", "key": "coral-sea-townsville", "cr": 19}, {"name": "Town Common", "key": "town-common", "cr": 4}], "polygon": [[146.7665031776, -19.1865406707], [146.765516609, -19.186003603], [146.7598700374, -19.188251406], [146.7580050305, -19.1874754429], [146.7573188022, -19.1860420182], [146.7558259815, -19.1876278073], [146.7534471229, -19.1882323176], [146.7495532781, -19.1870448962], [146.7495981455, -19.191785045], [146.7515428066, -19.192098923], [146.7523008958, -19.1911816373], [146.7564777881, -19.19107081], [146.7570148483, -19.190141663], [146.7611515447, -19.1893090382], [146.7656024024, -19.1933908984], [146.7702586576, -19.1946041435], [146.7705547363, -19.1984227151], [146.7629218623, -19.1989261955], [146.7634523138, -19.2061775997], [146.7719219849, -19.2059836984], [146.7727514207, -19.2088416293], [146.7746963575, -19.2089387253], [146.7756405994, -19.2108139545], [146.7742064446, -19.1889993921], [146.7719260603, -19.1879955083], [146.7707742229, -19.1892594546], [146.7683607936, -19.1896906495], [146.7665031776, -19.1865406707]]}