{"name": "Palm Island - Palm Island", "key": "palm-island-palm-island", "pops": 2455, "cr": 100, "bounds": [146.5320747644, -18.8485815227, 146.5511463135, -18.832138285], "crime": {"total": 1122, "Other Property Damage": 153, "Traffic and Related Offences": 85, "Liquor (excl. Drunkenness)": 107, "Unlawful Entry": 84, "Miscellaneous Offences": 8, "Assault": 318, "Other Theft (excl. Unlawful Entry)": 48, "Drug Offences": 76, "Handling Stolen Goods": 8, "Unlawful Use of Motor Vehicle": 5, "Good Order Offences": 169, "Other Offences Against the Person": 30, "Trespassing and Vagrancy": 6, "Arson": 5, "Fraud": 9, "Weapons Act Offences": 8, "Homicide (Murder)": 1, "Robbery": 2}, "borders": [{"name": "Coral Sea - Hinchinbrook", "key": "coral-sea-hinchinbrook", "cr": 0}, {"name": "Palm Island - Hinchinbrook", "key": "palm-island-hinchinbrook", "cr": 4}], "polygon": [[146.5375790596, -18.8325212151], [146.5350621194, -18.8326058537], [146.5321924239, -18.8359193802], [146.5394930691, -18.8427424505], [146.5423230901, -18.8442099616], [146.5444205105, -18.8443676904], [146.5468732044, -18.8475263417], [146.549652122, -18.848544918], [146.5511463135, -18.8439135179], [146.5497259051, -18.8408963904], [146.5497181192, -18.8388109356], [146.5484312698, -18.8379322365], [146.5434316918, -18.8376821205], [146.5375790596, -18.8325212151]]}