{"name": "Palm Island - Hinchinbrook", "key": "palm-island-hinchinbrook", "pops": 2455, "cr": 4, "bounds": [146.4471062124, -18.8803660572, 146.7325212434, -18.5111095384], "crime": {"total": 39, "Assault": 6, "Other Offences Against the Person": 2, "Fraud": 1, "Liquor (excl. Drunkenness)": 18, "Good Order Offences": 5, "Other Property Damage": 1, "Trespassing and Vagrancy": 2, "Other Theft (excl. Unlawful Entry)": 3, "Drug Offences": 1}, "borders": [{"name": "Coral Sea - Hinchinbrook", "key": "coral-sea-hinchinbrook", "cr": 0}, {"name": "Palm Island - Palm Island", "key": "palm-island-palm-island", "cr": 100}], "polygon": [[146.5257367939, -18.5791507885], [146.5370279476, -18.5597056448], [146.5285141021, -18.5273684263], [146.5095827579, -18.5129503086], [146.4832742438, -18.5111095384], [146.4636268094, -18.5197055116], [146.4471062124, -18.5813013762], [146.4538872615, -18.6804016903], [146.4745259285, -18.6952293515], [146.494725585, -18.8439927325], [146.531343542, -18.8758870661], [146.5538464263, -18.8803660572], [146.5844303221, -18.8507743552], [146.5775004849, -18.8261345997], [146.5635950863, -18.8152317852], [146.6123722866, -18.7927486524], [146.6368809491, -18.806449309], [146.6721668467, -18.8087501824], [146.7325212434, -18.7767635509], [146.7277960628, -18.7437081784], [146.7106630281, -18.7174307704], [146.689485088, -18.7102991566], [146.6655993164, -18.7165682092], [146.6118717492, -18.6587974131], [146.5928072333, -18.6535969451], [146.5574550852, -18.6251841187], [146.5383286029, -18.6253507137], [146.5257367939, -18.5791507885]]}