{"name": "Palm Cove", "key": "palm-cove", "pops": 2059, "cr": 17, "bounds": [145.6528138667, -16.7612003013, 145.6825621873, -16.7300707474], "crime": {"total": 129, "Other Property Damage": 14, "Good Order Offences": 7, "Traffic and Related Offences": 9, "Unlawful Use of Motor Vehicle": 12, "Robbery": 1, "Trespassing and Vagrancy": 2, "Other Theft (excl. Unlawful Entry)": 23, "Unlawful Entry": 24, "Assault": 15, "Fraud": 8, "Drug Offences": 8, "Miscellaneous Offences": 1, "Other Offences Against the Person": 2, "Handling Stolen Goods": 1, "Weapons Act Offences": 2}, "borders": [{"name": "Clifton Beach", "key": "clifton-beach", "cr": 7}, {"name": "Coral Sea - Cairns", "key": "coral-sea-cairns", "cr": 0}, {"name": "Ellis Beach", "key": "ellis-beach", "cr": 100}], "polygon": [[145.6819417924, -16.7371874079], [145.675204277, -16.7300707474], [145.6622733027, -16.7356345728], [145.6616653353, -16.7359272689], [145.6636870354, -16.7381219491], [145.6632672399, -16.7403851151], [145.6528138667, -16.7487825975], [145.6539084688, -16.7500687018], [145.6532622874, -16.7501416728], [145.6540078372, -16.7501857355], [145.6604588404, -16.7583149001], [145.6626806781, -16.7566422448], [145.6652384475, -16.7612003013], [145.6679938287, -16.7601984292], [145.6710448265, -16.7577698529], [145.671368964, -16.7585475817], [145.6722378284, -16.7582568377], [145.6724648699, -16.7567418367], [145.6825621873, -16.7566210777], [145.6819417924, -16.7371874079]]}