{"name": "Park Ridge South", "key": "park-ridge-south", "pops": 1762, "cr": 10, "bounds": [153.0043207631, -27.7391198426, 153.0654072613, -27.7156788856], "crime": {"total": 68, "Drug Offences": 13, "Unlawful Use of Motor Vehicle": 9, "Other Theft (excl. Unlawful Entry)": 10, "Other Property Damage": 5, "Unlawful Entry": 9, "Traffic and Related Offences": 8, "Handling Stolen Goods": 1, "Assault": 7, "Good Order Offences": 2, "Trespassing and Vagrancy": 1, "Other Offences Against the Person": 1, "Weapons Act Offences": 1, "Fraud": 1}, "borders": [{"name": "Chambers Flat", "key": "chambers-flat", "cr": 8}, {"name": "Greenbank", "key": "greenbank", "cr": 14}, {"name": "Munruben", "key": "munruben", "cr": 7}, {"name": "Park Ridge", "key": "park-ridge", "cr": 53}], "polygon": [[153.0337287039, -27.7157092765], [153.030228503, -27.7253650576], [153.0188152716, -27.7233616635], [153.0125090182, -27.7242295668], [153.0060264692, -27.7232905403], [153.0043207631, -27.7323559225], [153.0108443722, -27.7333343178], [153.0112181604, -27.7324697971], [153.0280405581, -27.7348806858], [153.0291254893, -27.7303176075], [153.0312586948, -27.7306146249], [153.0314140469, -27.7297122851], [153.0376901403, -27.7327219024], [153.037197262, -27.735567607], [153.0611933917, -27.7391198426], [153.0623631179, -27.7323713526], [153.0633119717, -27.7325051278], [153.0645624846, -27.7254762575], [153.0654072613, -27.7254108638], [153.0638669804, -27.7251945138], [153.064696908, -27.7196984217], [153.0337287039, -27.7157092765]]}