{"name": "Parkwood", "key": "parkwood", "pops": 8702, "cr": 10, "bounds": [153.3461114317, -27.9646514654, 153.3830082342, -27.9449020997], "crime": {"total": 545, "Unlawful Use of Motor Vehicle": 24, "Unlawful Entry": 40, "Other Theft (excl. Unlawful Entry)": 296, "Drug Offences": 24, "Fraud": 16, "Other Property Damage": 47, "Other Offences Against the Person": 13, "Assault": 42, "Handling Stolen Goods": 4, "Traffic and Related Offences": 12, "Trespassing and Vagrancy": 5, "Robbery": 4, "Weapons Act Offences": 1, "Good Order Offences": 16, "Liquor (excl. Drunkenness)": 1}, "borders": [{"name": "Arundel", "key": "arundel", "cr": 12}, {"name": "Molendinar", "key": "molendinar", "cr": 19}, {"name": "Southport", "key": "southport", "cr": 30}], "polygon": [[153.3648011982, -27.9450608492], [153.3531523496, -27.9456695244], [153.3464143127, -27.9489651546], [153.3464935273, -27.951646626], [153.3515925482, -27.9599282742], [153.3532008231, -27.9612216428], [153.376451917, -27.9646514654], [153.3775864169, -27.9608502686], [153.3830082342, -27.9552271813], [153.381968759, -27.9529529884], [153.3783097714, -27.9492905512], [153.3648011982, -27.9450608492]]}