{"name": "Pelican Waters", "key": "pelican-waters", "pops": 6277, "cr": 7, "bounds": [153.0813758522, -26.8533422351, 153.118436195, -26.8116648793], "crime": {"total": 172, "Unlawful Entry": 50, "Assault": 10, "Other Property Damage": 12, "Other Theft (excl. Unlawful Entry)": 41, "Unlawful Use of Motor Vehicle": 10, "Good Order Offences": 8, "Fraud": 4, "Trespassing and Vagrancy": 3, "Liquor (excl. Drunkenness)": 1, "Drug Offences": 19, "Weapons Act Offences": 1, "Prostitution Offences": 1, "Traffic and Related Offences": 10, "Other Offences Against the Person": 1, "Robbery": 1}, "borders": [{"name": "Bells Creek", "key": "bells-creek", "cr": 9}, {"name": "Caloundra West", "key": "caloundra-west", "cr": 7}, {"name": "Coochin Creek", "key": "coochin-creek", "cr": 100}, {"name": "Golden Beach", "key": "golden-beach", "cr": 11}], "polygon": [[153.1163040102, -26.8176087216], [153.1166734174, -26.8155187815], [153.1140010357, -26.8151617199], [153.1140112057, -26.8126396015], [153.1068409309, -26.8116648793], [153.1037362367, -26.8144541159], [153.1013586968, -26.8186150789], [153.1009352133, -26.8212709203], [153.0998354405, -26.822441265], [153.0982828513, -26.8225352466], [153.0975625739, -26.8270560056], [153.0871058777, -26.8257338852], [153.0859967321, -26.8292036131], [153.0838904232, -26.8290857747], [153.0825022757, -26.8301608488], [153.0824757218, -26.8308034837], [153.083635971, -26.8306316808], [153.0830320939, -26.8319658563], [153.0842318013, -26.831971623], [153.0836584494, -26.8330098018], [153.0846648067, -26.8338760138], [153.082684882, -26.8352387473], [153.0832569152, -26.8368601426], [153.081700325, -26.8369093835], [153.0814694241, -26.8382601365], [153.0851011723, -26.8393070027], [153.0891146064, -26.8392697424], [153.0862293616, -26.8422440737], [153.0862129703, -26.8440211639], [153.0870241374, -26.8457033709], [153.0884006843, -26.846510157], [153.0918147489, -26.8466379419], [153.0931810439, -26.8474911079], [153.0929394364, -26.8531217724], [153.094851315, -26.8526996002], [153.0983254313, -26.84774106], [153.1001258865, -26.8463865817], [153.1069302633, -26.8460706994], [153.1095984578, -26.8437358364], [153.1093598306, -26.8414464444], [153.110574238, -26.8408347741], [153.1107043996, -26.8385734558], [153.1092623919, -26.8384073973], [153.1094851866, -26.8368502334], [153.1134439111, -26.8373885006], [153.1129443198, -26.8355685174], [153.1137541607, -26.8333809301], [153.1181385964, -26.8326175511], [153.118436195, -26.8309830576], [153.1149126962, -26.8308876976], [153.1137080565, -26.8294146135], [153.1143768057, -26.8276710063], [153.1167939305, -26.8277113959], [153.1166993603, -26.8254512921], [153.1148236766, -26.825086534], [153.1126436591, -26.8267282769], [153.1124094874, -26.8251540363], [153.113633275, -26.8245486841], [153.113046445, -26.8233061358], [153.1106659696, -26.823851414], [153.110494636, -26.8228644133], [153.1152498797, -26.8210741654], [153.1163040102, -26.8176087216]]}