{"name": "Picnic Bay", "key": "picnic-bay", "pops": 291, "cr": 24, "bounds": [146.8099902347, -19.1817751825, 146.848399654, -19.1524534747], "crime": {"total": 29, "Good Order Offences": 3, "Unlawful Entry": 4, "Trespassing and Vagrancy": 1, "Other Theft (excl. Unlawful Entry)": 4, "Traffic and Related Offences": 9, "Other Property Damage": 3, "Other Offences Against the Person": 2, "Drug Offences": 3}, "borders": [{"name": "Coral Sea - Townsville", "key": "coral-sea-townsville", "cr": 19}, {"name": "Nelly Bay", "key": "nelly-bay", "cr": 18}, {"name": "West Point", "key": "west-point", "cr": 18}], "polygon": [[146.8170256987, -19.1524534747], [146.8128713518, -19.1527556628], [146.8130717352, -19.1563844457], [146.8100267649, -19.1571771801], [146.8102285936, -19.1592123285], [146.8129555359, -19.1615108326], [146.8125663921, -19.1623977497], [146.8152237311, -19.1623342335], [146.8148666695, -19.1634099782], [146.8174554184, -19.1650896519], [146.8175618798, -19.1658716425], [146.8192707822, -19.1655777767], [146.8198250756, -19.1667158529], [146.8216542825, -19.166745089], [146.822964482, -19.1680462137], [146.8256226033, -19.1688698605], [146.8275233954, -19.1708595827], [146.8278973475, -19.1739632487], [146.8312359378, -19.1762763783], [146.8315375969, -19.1783082783], [146.8351108879, -19.1801760495], [146.836117357, -19.1815507263], [146.8419801146, -19.1781977713], [146.8457985371, -19.1817712411], [146.8480760008, -19.1804881543], [146.8482737094, -19.179679133], [146.8452107832, -19.1765602529], [146.8451034427, -19.1746472493], [146.8461083397, -19.1726412773], [146.8456505463, -19.172120057], [146.8450728282, -19.1736167818], [146.8430786505, -19.1740864068], [146.8379360139, -19.1698602214], [146.8372534513, -19.1702097729], [146.8170256987, -19.1524534747]]}