{"name": "Pinkenba", "key": "pinkenba", "pops": 368, "cr": 41, "bounds": [153.0952399373, -27.4416967556, 153.1661916897, -27.3516636193], "crime": {"total": 87, "Drug Offences": 19, "Other Theft (excl. Unlawful Entry)": 22, "Unlawful Use of Motor Vehicle": 4, "Unlawful Entry": 6, "Assault": 9, "Handling Stolen Goods": 2, "Traffic and Related Offences": 5, "Good Order Offences": 6, "Other Property Damage": 8, "Trespassing and Vagrancy": 3, "Fraud": 1, "Other Offences Against the Person": 2}, "borders": [{"name": "Hemmant", "key": "hemmant", "cr": 17}, {"name": "Lytton", "key": "lytton", "cr": 100}, {"name": "Murarrie", "key": "murarrie", "cr": 15}], "polygon": [[153.1469914094, -27.4118110314], [153.152776964, -27.39696832], [153.1532283425, -27.3885820508], [153.1541455537, -27.3866587803], [153.1624251232, -27.3783058152], [153.1661916897, -27.3653487563], [153.1549895182, -27.3630956858], [153.1540444717, -27.3602786958], [153.1511633545, -27.356477201], [153.1443839446, -27.3516636193], [153.1396443322, -27.3615732491], [153.1417737231, -27.3624749556], [153.1431457251, -27.3662400171], [153.1371596307, -27.3766909465], [153.141168654, -27.379144147], [153.1388897896, -27.3825937957], [153.1405679062, -27.3836206198], [153.1341039985, -27.3920377493], [153.1311541647, -27.4022801593], [153.1323413998, -27.4025492445], [153.1299890354, -27.4125370011], [153.124884665, -27.412740007], [153.1227666363, -27.4164775014], [153.1241557151, -27.416681923], [153.1240400672, -27.4173072353], [153.1217070445, -27.417506434], [153.1162921712, -27.4204082936], [153.1176380217, -27.4247762337], [153.115811877, -27.4266173467], [153.1092830449, -27.4261058271], [153.1073013395, -27.4255644083], [153.105884403, -27.424187243], [153.1041200683, -27.4248277545], [153.1046091169, -27.4218510091], [153.1042980552, -27.4224923104], [153.1036601365, -27.4217231721], [153.0966826528, -27.4208077639], [153.0952399373, -27.4283486232], [153.1018819511, -27.4286583513], [153.1017396227, -27.4298716858], [153.1005655602, -27.4300414249], [153.1003307998, -27.4308519587], [153.1014009491, -27.4310702309], [153.1007030755, -27.4340639859], [153.1014887244, -27.4352957457], [153.1002531052, -27.435697712], [153.1005774885, -27.4365928844], [153.102082938, -27.4364406765], [153.1015763655, -27.4366182238], [153.1024885848, -27.4384250119], [153.1013613045, -27.4388202801], [153.1019027084, -27.439936012], [153.106876716, -27.4380994812], [153.1073604524, -27.4391625747], [153.1068045944, -27.4394590259], [153.1085178554, -27.4416967556], [153.110784851, -27.4407755807], [153.1195277944, -27.431407772], [153.1396629289, -27.420926109], [153.1469914094, -27.4118110314]]}