{"name": "Piturie", "key": "piturie", "pops": 59, "cr": 67, "bounds": [137.9970681369, -21.9988865331, 138.7626121417, -20.9981014058], "crime": {"total": 19, "Good Order Offences": 5, "Other Property Damage": 3, "Arson": 1, "Other Theft (excl. Unlawful Entry)": 2, "Assault": 5, "Miscellaneous Offences": 1, "Unlawful Entry": 1, "Traffic and Related Offences": 1}, "borders": [{"name": "Barkly", "key": "barkly", "cr": 10}, {"name": "Waverley", "key": "waverley", "cr": 7}], "polygon": [[138.3642142341, -21.1767176539], [138.4196039736, -21.1293057948], [138.3155745119, -21.0210811794], [138.3423835337, -20.9983780831], [138.177374579, -20.9981014058], [138.1600933298, -21.2039715201], [137.9970681369, -21.1943862885], [137.997384578, -21.6824629456], [138.178761445, -21.6939087287], [138.1722517908, -21.7808009982], [138.2391701862, -21.7661861554], [138.3078358471, -21.7408310398], [138.3608800769, -21.7360466793], [138.3639274463, -21.7259177417], [138.4083187431, -21.7751305848], [138.4078039601, -21.7766255289], [138.4093035609, -21.7847022787], [138.4131313488, -21.7940396518], [138.4185774922, -21.7998661622], [138.4213714078, -21.8091572076], [138.4235631377, -21.8122585192], [138.4228755981, -21.8123954162], [138.4227974564, -21.813528493], [138.4184747934, -21.812776573], [138.4188546762, -21.8146486059], [138.4201478958, -21.8160110936], [138.4201193303, -21.8176038712], [138.4169994071, -21.8212625682], [138.4177778065, -21.8223586828], [138.4192113951, -21.8216623738], [138.4196631163, -21.8227703124], [138.4221539572, -21.822637789], [138.4223381355, -21.8246449232], [138.4209456444, -21.8251154646], [138.4218590558, -21.825923942], [138.4250652269, -21.8262848929], [138.4272678643, -21.8338872343], [138.4290451705, -21.8373493925], [138.4305993244, -21.8380649015], [138.430605486, -21.8443372175], [138.4321660697, -21.8487411067], [138.4315017462, -21.8494815826], [138.4299032539, -21.8489203602], [138.4287794679, -21.8496536538], [138.4277611747, -21.8535139561], [138.4283743799, -21.8590984493], [138.4354735836, -21.8669945151], [138.4340372831, -21.8678704575], [138.4348229542, -21.8700643182], [138.4375016168, -21.8714748845], [138.4408134222, -21.8759324178], [138.4411129951, -21.8771261871], [138.4394159243, -21.8793556169], [138.4393227249, -21.8807076588], [138.4441019669, -21.8895796314], [138.4460458308, -21.9006311074], [138.4486709759, -21.906408079], [138.447744213, -21.9119043425], [138.4496363997, -21.9161875322], [138.4521229714, -21.9278274626], [138.4508428276, -21.9357029721], [138.4572357461, -21.9433107227], [138.4581591412, -21.9457741976], [138.4624994025, -21.9503529742], [138.4651789963, -21.9570329562], [138.4657217786, -21.9614885449], [138.4686580524, -21.9654009938], [138.4751812741, -21.9716244861], [138.476731576, -21.9777391031], [138.4794069156, -21.9808095172], [138.4864297658, -21.9842366129], [138.495832935, -21.9988865331], [138.5835463181, -21.9319663942], [138.5442144796, -21.8875183761], [138.5411402509, -21.8829065338], [138.4660959244, -21.8050669059], [138.6334762946, -21.765376389], [138.7156096026, -21.7549640611], [138.721515052, -21.7504061013], [138.7626121417, -21.698683545], [138.7136338651, -21.6460435465], [138.6202691421, -21.6092571318], [138.7040249184, -21.5433711037], [138.7386767492, -21.5352535844], [138.7284521312, -21.5241614804], [138.6890386194, -21.3363810778], [138.587446779, -21.3548468649], [138.5865026638, -21.386245288], [138.4340844378, -21.3824150786], [138.4401012883, -21.3106589839], [138.490148358, -21.3130689263], [138.3642142341, -21.1767176539]]}