{"name": "Point Vernon", "key": "point-vernon", "pops": 5699, "cr": 9, "bounds": [152.7965945601, -25.2699606493, 152.830499202, -25.2433595136], "crime": {"total": 237, "Unlawful Entry": 20, "Other Property Damage": 25, "Traffic and Related Offences": 30, "Drug Offences": 38, "Good Order Offences": 22, "Weapons Act Offences": 5, "Fraud": 12, "Miscellaneous Offences": 2, "Assault": 41, "Other Theft (excl. Unlawful Entry)": 31, "Unlawful Use of Motor Vehicle": 4, "Handling Stolen Goods": 2, "Trespassing and Vagrancy": 3, "Other Offences Against the Person": 2}, "borders": [{"name": "Eli Waters", "key": "eli-waters", "cr": 17}, {"name": "Pialba", "key": "pialba", "cr": 60}], "polygon": [[152.8135779276, -25.243360877], [152.8123204261, -25.2441371977], [152.8122489378, -25.2458693609], [152.8051906973, -25.2471061125], [152.8046348616, -25.2477186546], [152.8051827475, -25.2490170971], [152.8036402538, -25.2484445423], [152.801073797, -25.25117971], [152.7965945601, -25.2535036579], [152.8070706874, -25.2628133968], [152.8090680614, -25.2625834569], [152.8097366393, -25.2646774501], [152.8081257194, -25.2653354555], [152.8107224405, -25.2673505396], [152.8304682747, -25.2699606493], [152.8264246732, -25.2618040517], [152.825579308, -25.2566728294], [152.8256985918, -25.2518688887], [152.8284417614, -25.2484552339], [152.8281243443, -25.2476196215], [152.8226598501, -25.2470084354], [152.8135779276, -25.243360877]]}