{"name": "Point Lookout", "key": "point-lookout", "pops": 713, "cr": 25, "bounds": [153.5117041171, -27.4417306781, 153.5465126708, -27.4207179621], "crime": {"total": 100, "Other Theft (excl. Unlawful Entry)": 15, "Good Order Offences": 19, "Traffic and Related Offences": 22, "Unlawful Use of Motor Vehicle": 3, "Liquor (excl. Drunkenness)": 7, "Assault": 7, "Drug Offences": 10, "Fraud": 6, "Other Property Damage": 3, "Trespassing and Vagrancy": 3, "Handling Stolen Goods": 1, "Other Offences Against the Person": 1, "Unlawful Entry": 1, "Weapons Act Offences": 1, "Arson": 1}, "borders": [{"name": "North Stradbroke Island", "key": "north-stradbroke-island", "cr": 30}], "polygon": [[153.5153875053, -27.4216938019], [153.5143017322, -27.4207194969], [153.5127763078, -27.4218175039], [153.5117041171, -27.4315268397], [153.5389761776, -27.4417306781], [153.5418663323, -27.4367211238], [153.5437856019, -27.4371604696], [153.5425682068, -27.4359317198], [153.5454469919, -27.4368842244], [153.5463285148, -27.4363690242], [153.5458451509, -27.4350928068], [153.5444638878, -27.4346154034], [153.5463627502, -27.4349106625], [153.5463493839, -27.4340451583], [153.5427049026, -27.4305041581], [153.5429896787, -27.4269685], [153.5440663323, -27.4255739152], [153.5428921506, -27.4243335575], [153.5391371548, -27.4249966592], [153.5350519568, -27.4234713092], [153.5340242982, -27.4254709408], [153.5287146717, -27.4258832783], [153.527702637, -27.4268365204], [153.5220995098, -27.4253195599], [153.5153875053, -27.4216938019]]}