{"name": "Point Arkwright", "key": "point-arkwright", "pops": 273, "cr": 7, "bounds": [153.0933234468, -26.5495035127, 153.1026271284, -26.543801181], "crime": {"total": 10, "Unlawful Use of Motor Vehicle": 1, "Good Order Offences": 3, "Traffic and Related Offences": 1, "Weapons Act Offences": 1, "Trespassing and Vagrancy": 1, "Assault": 1, "Other Property Damage": 2}, "borders": [{"name": "Coolum Beach", "key": "coolum-beach", "cr": 12}, {"name": "Yaroomba", "key": "yaroomba", "cr": 5}], "polygon": [[153.0987345949, -26.5443934798], [153.0942406803, -26.543801181], [153.0933234468, -26.5479386449], [153.0970158949, -26.5474880934], [153.0982238054, -26.5490902066], [153.1015734226, -26.5495035127], [153.1026209071, -26.5466806665], [153.1007611006, -26.5445652083], [153.0987345949, -26.5443934798]]}