{"name": "Poona", "key": "poona", "pops": 481, "cr": 2, "bounds": [152.8880208507, -25.727655068, 152.9227747619, -25.7044425756], "crime": {"total": 4, "Assault": 1, "Traffic and Related Offences": 1, "Other Property Damage": 1, "Trespassing and Vagrancy": 1}, "borders": [{"name": "Great Sandy Strait", "key": "great-sandy-strait", "cr": 100}], "polygon": [[152.9134488702, -25.7062861994], [152.9114721566, -25.7057085335], [152.910400413, -25.7044425756], [152.9080870971, -25.7054762691], [152.908569172, -25.7062995508], [152.9046888351, -25.7057829648], [152.9024396315, -25.7197034806], [152.8983885124, -25.7179870978], [152.895442605, -25.718283765], [152.8916686103, -25.7208564803], [152.8898709714, -25.7242653295], [152.8880208507, -25.7259222493], [152.8903504536, -25.7274145335], [152.8913281858, -25.7262720093], [152.891400516, -25.7234166265], [152.8942766637, -25.7202348039], [152.8987129927, -25.719163999], [152.9044748396, -25.7245488316], [152.9046736732, -25.7272773311], [152.9120848775, -25.7275279015], [152.9123714939, -25.7233990431], [152.9170777649, -25.7197903171], [152.9227747619, -25.7109547555], [152.9210029468, -25.7096567228], [152.9203803092, -25.7061460391], [152.9134488702, -25.7062861994]]}