{"name": "Pormpuraaw", "key": "pormpuraaw", "pops": 749, "cr": 74, "bounds": [141.5260672495, -15.1462681964, 142.1414747834, -14.1708091795], "crime": {"total": 252, "Assault": 82, "Other Property Damage": 29, "Good Order Offences": 55, "Traffic and Related Offences": 21, "Weapons Act Offences": 3, "Liquor (excl. Drunkenness)": 31, "Other Theft (excl. Unlawful Entry)": 6, "Trespassing and Vagrancy": 5, "Drug Offences": 7, "Unlawful Entry": 6, "Other Offences Against the Person": 4, "Robbery": 1, "Unlawful Use of Motor Vehicle": 2}, "borders": [{"name": "Aurukun - Cook", "key": "aurukun-cook", "cr": 0}], "polygon": [[141.608119145, -14.1841617599], [141.6057332307, -14.1833321154], [141.6037095487, -14.1811144128], [141.6020068526, -14.1721075252], [141.5988425612, -14.1709164008], [141.5952835679, -14.1740312204], [141.5942551121, -14.1768942773], [141.5965143815, -14.1878646612], [141.5992701575, -14.1958277822], [141.6024831757, -14.2335072085], [141.5978361815, -14.2611572295], [141.5886063352, -14.2881506234], [141.5831255019, -14.3013282344], [141.5699328035, -14.3270292506], [141.5680648014, -14.3331351429], [141.5631102175, -14.3441057876], [141.5505106747, -14.3797392771], [141.5315724909, -14.449267298], [141.5267649889, -14.4771235287], [141.5260672495, -14.4886326417], [141.5355177, -14.5179693922], [141.5382020175, -14.5299175158], [141.538400881, -14.5281862319], [141.5451776609, -14.5590781346], [141.5490155146, -14.5711849034], [141.5532243177, -14.5893238261], [141.5555082038, -14.6115563586], [141.5547297299, -14.6479844153], [141.5635889769, -14.6886247471], [141.5664245561, -14.7125488296], [141.5672344118, -14.731236279], [141.5677289516, -14.7331410721], [141.5706130415, -14.7334516421], [141.5676831827, -14.7364766821], [141.5670894235, -14.7382782549], [141.5694471896, -14.7524213791], [141.5730112866, -14.7663747072], [141.5739243701, -14.7653162032], [141.5753493011, -14.7654116824], [141.5753847733, -14.7660057247], [141.5737229288, -14.766108878], [141.5751720741, -14.7754133567], [141.5847311988, -14.810806118], [141.5894782618, -14.8473659009], [141.5900932774, -14.8489156589], [141.5919726342, -14.8491406366], [141.5907453671, -14.8516205698], [141.5905495659, -14.8544926718], [141.5946367979, -14.8662051782], [141.6076386422, -14.8964646086], [141.6161691695, -14.9139030129], [141.6174879149, -14.9159009308], [141.6215721816, -14.9173689932], [141.6211150438, -14.9201166481], [141.6226906702, -14.9278727919], [141.6328333244, -14.9520598128], [141.6339719072, -14.9516737089], [141.6288386956, -14.9418816641], [141.6292371824, -14.9410820752], [141.629902862, -14.9414846227], [141.6331354678, -14.9453007355], [141.6338268667, -14.9446170926], [141.630297929, -14.9401822239], [141.6305201203, -14.9390501156], [141.6313904151, -14.9388739541], [141.6409219503, -14.9548359141], [141.6401419342, -14.9548495114], [141.635133855, -14.9476576224], [141.6342047751, -14.9474475384], [141.6339774877, -14.9483449683], [141.6406428218, -14.9586878717], [141.6535308883, -14.9729564339], [141.6590899527, -14.9806365296], [141.6621187776, -14.9868074581], [141.6664492413, -15.002251111], [141.6678186506, -15.0111436471], [141.6668076441, -15.0309538543], [141.6682192758, -15.0330855995], [141.6671112478, -15.0353149027], [141.6652965918, -15.0356874242], [141.6640308574, -15.0372788087], [141.6581152231, -15.0615963936], [141.6534879208, -15.0622713044], [141.6510524973, -15.0673500597], [141.6505121216, -15.0785159767], [141.6513151526, -15.0815219954], [141.6706617624, -15.1035726294], [141.6738976538, -15.1099703684], [141.6858770475, -15.1092440113], [141.6869282797, -15.1080170721], [141.6866675317, -15.1038829237], [141.6873676553, -15.102430746], [141.6902722716, -15.0999918655], [141.694835633, -15.0986466259], [141.6980329379, -15.0991185755], [141.7016229779, -15.1017305106], [141.7024957314, -15.1045486182], [141.7023049593, -15.1083817184], [141.7046703324, -15.1059635952], [141.7060794458, -15.1056879386], [141.7091553807, -15.1070753038], [141.709184818, -15.1101550311], [141.7136932239, -15.107264474], [141.7166938633, -15.1069972962], [141.7184832692, -15.1077240184], [141.7211899757, -15.1113638058], [141.7204343081, -15.1149739251], [141.718496196, -15.1157124788], [141.7148120776, -15.1142608449], [141.7124524191, -15.1143781692], [141.7106822282, -15.115902774], [141.7101255059, -15.118188791], [141.7114015967, -15.1200921386], [141.7132269368, -15.1209886745], [141.7148489431, -15.120846495], [141.7173319757, -15.1180289909], [141.7197024524, -15.1167194247], [141.7230470628, -15.1166436672], [141.724473007, -15.1177306175], [141.7251373529, -15.1215256006], [141.7217398882, -15.1269356757], [141.7230549976, -15.1361990198], [141.7242319733, -15.1391143873], [141.7295186296, -15.1391012445], [141.7326576337, -15.1416917816], [141.7351757884, -15.140515171], [141.7388110906, -15.1407294571], [141.741805099, -15.1387848184], [141.7442220747, -15.1404019296], [141.7466729283, -15.1387408972], [141.7477817833, -15.1388628408], [141.7497811541, -15.1400584951], [141.7498649061, -15.1428575814], [141.7510180324, -15.1440699473], [141.7542728484, -15.1407792717], [141.7538046688, -15.1371380761], [141.7560968474, -15.1359574273], [141.7593192831, -15.1376514435], [141.7639609948, -15.1370663643], [141.7656626254, -15.1407107264], [141.7680378854, -15.1414424255], [141.7710314617, -15.1395718306], [141.7747512907, -15.141058892], [141.7770798206, -15.1395792887], [141.781701684, -15.1396845356], [141.7853432223, -15.1416596323], [141.786290139, -15.1446230486], [141.7879218906, -15.1462681964], [141.7896791324, -15.1461578682], [141.7911013737, -15.1435804516], [141.7945015654, -15.143914029], [141.8016836271, -15.1409710199], [141.8043131083, -15.1413071752], [141.804861486, -15.1399999633], [141.803927511, -15.1386212707], [141.8042578027, -15.1371228918], [141.8150001466, -15.1337863877], [141.8165212944, -15.1319304481], [141.8186887354, -15.1318454146], [141.8232546374, -15.1355724111], [141.8311610222, -15.1326593086], [141.8323362619, -15.1308924407], [141.8391189948, -15.1289445832], [141.8427762315, -15.1266981512], [141.8438217416, -15.1248762459], [141.8449232876, -15.1259952039], [141.8464693353, -15.1256996915], [141.8469950259, -15.1266393587], [141.8485433832, -15.1269232854], [141.8524720073, -15.1257495582], [141.8551215604, -15.1263733432], [141.8581579924, -15.1258548051], [141.8603287563, -15.1271234304], [141.8622190654, -15.1251874492], [141.8662708923, -15.1243193373], [141.8712815791, -15.1255545616], [141.8740525618, -15.1220336258], [141.8770354167, -15.1212420315], [141.8793869093, -15.1194777787], [141.8838838339, -15.1207522079], [141.8858821467, -15.1185504943], [141.887951985, -15.1183376685], [141.8917713538, -15.115767248], [141.8966641426, -15.1141472682], [141.8979228735, -15.1144652069], [141.8985783383, -15.1156700999], [141.9015358835, -15.1144087166], [141.9038115516, -15.1159581393], [141.9082748368, -15.1153224707], [141.9098750725, -15.1143753231], [141.9119167998, -15.1152797341], [141.9125556424, -15.1125813648], [141.9142825529, -15.1108473986], [141.9192070067, -15.1099428907], [141.9255638346, -15.1109505743], [141.9295887202, -15.1142308861], [141.9338641465, -15.1136338338], [141.936978668, -15.1109635159], [141.9396531284, -15.1064567715], [141.9423384145, -15.1044275537], [141.9466722086, -15.0983332545], [141.949816674, -15.0966043696], [141.9510156438, -15.0972081348], [141.9523401484, -15.0961510018], [141.9528822526, -15.0942300782], [141.9554682672, -15.0950309113], [141.9581717476, -15.0923813581], [141.9600692093, -15.0920781419], [141.9628844112, -15.0931731015], [141.9662836567, -15.0910868123], [141.9688434973, -15.0916110501], [141.9741716161, -15.0882410854], [141.9808392301, -15.0893551037], [141.9837153181, -15.0889420062], [141.989514932, -15.0852775648], [141.9928120375, -15.0843229219], [141.9962694347, -15.0872389972], [142.0036153868, -15.0878425911],