{"name": "Port Douglas", "key": "port-douglas", "pops": 3504, "cr": 18, "bounds": [145.4427676499, -16.5300448313, 145.4828358218, -16.4678003639], "crime": {"total": 287, "Traffic and Related Offences": 60, "Good Order Offences": 23, "Unlawful Use of Motor Vehicle": 9, "Unlawful Entry": 19, "Other Offences Against the Person": 1, "Other Property Damage": 26, "Other Theft (excl. Unlawful Entry)": 51, "Assault": 34, "Fraud": 45, "Drug Offences": 17, "Miscellaneous Offences": 1, "Trespassing and Vagrancy": 1}, "borders": [{"name": "Bonnie Doon", "key": "bonnie-doon", "cr": 8}, {"name": "Coral Sea - Douglas", "key": "coral-sea-douglas", "cr": 0}, {"name": "Craiglie", "key": "craiglie", "cr": 16}, {"name": "Killaloe", "key": "killaloe", "cr": 8}], "polygon": [[145.4804883897, -16.4790477306], [145.4692035317, -16.4684491232], [145.457841225, -16.4678003639], [145.4569371864, -16.4832651839], [145.4550982416, -16.483398363], [145.4557478949, -16.485939905], [145.4538170695, -16.487460345], [145.455331549, -16.4884066135], [145.4541796297, -16.4891266823], [145.4542202279, -16.4909973294], [145.4521066397, -16.4954895899], [145.4525781199, -16.4974996746], [145.4517194107, -16.5015129447], [145.4545407817, -16.5018832088], [145.4556731731, -16.5049199611], [145.4549803287, -16.505978018], [145.452869162, -16.5056788325], [145.4521307424, -16.5063476637], [145.4525640011, -16.5077195689], [145.4518470019, -16.5085479692], [145.4499468654, -16.5077422336], [145.4493786022, -16.5061671212], [145.4473263472, -16.5058641061], [145.4465437979, -16.5083703548], [145.4453196079, -16.5083452463], [145.4427676499, -16.5102879927], [145.4507711083, -16.5208008289], [145.4575078338, -16.5238834023], [145.4631144926, -16.5300448313], [145.468431145, -16.5265122652], [145.4694800004, -16.5274291411], [145.4712687507, -16.524699606], [145.4727144018, -16.5261378363], [145.4747098908, -16.5243099481], [145.4757464528, -16.5249570087], [145.4828358218, -16.5169667378], [145.4801463485, -16.5024549961], [145.4804883897, -16.4790477306]]}