{"name": "Poruma Island", "key": "poruma-island", "pops": 167, "cr": 8, "bounds": [143.0608622804, -10.0515638515, 143.0780679807, -10.0488869324], "crime": {"total": 7, "Good Order Offences": 3, "Other Offences Against the Person": 1, "Assault": 2, "Other Property Damage": 1}, "borders": [{"name": "Coral Sea - Torres", "key": "coral-sea-torres", "cr": 0}], "polygon": [[143.0705443174, -10.0488949493], [143.0619460419, -10.0495893732], [143.0608622804, -10.0501078963], [143.0656906217, -10.0515527949], [143.0759938583, -10.0513447076], [143.0780679807, -10.0506782904], [143.075664714, -10.0495323911], [143.0705443174, -10.0488949493]]}