{"name": "Rainbow Beach", "key": "rainbow-beach", "pops": 1249, "cr": 19, "bounds": [153.0522060543, -25.9308206737, 153.0985320136, -25.8803550974], "crime": {"total": 133, "Other Theft (excl. Unlawful Entry)": 33, "Other Property Damage": 15, "Drug Offences": 7, "Good Order Offences": 20, "Assault": 14, "Traffic and Related Offences": 30, "Liquor (excl. Drunkenness)": 2, "Unlawful Entry": 4, "Unlawful Use of Motor Vehicle": 2, "Other Offences Against the Person": 1, "Robbery": 1, "Trespassing and Vagrancy": 2, "Fraud": 1, "Weapons Act Offences": 1}, "borders": [{"name": "Cooloola", "key": "cooloola", "cr": 100}, {"name": "Inskip", "key": "inskip", "cr": 7}], "polygon": [[153.0928285047, -25.9012404084], [153.0890697986, -25.8967207298], [153.082700111, -25.8803550974], [153.0789710283, -25.8833016902], [153.0589144975, -25.8836145848], [153.056631133, -25.8848531023], [153.0550797135, -25.8889030665], [153.0555263832, -25.8940487504], [153.0549148545, -25.8984149173], [153.0556518361, -25.9003455788], [153.0534660071, -25.902366288], [153.0522060543, -25.9078545794], [153.0564558804, -25.9122089148], [153.058412537, -25.9124369994], [153.0607359037, -25.9147103876], [153.0641715899, -25.9156125188], [153.0651022047, -25.9176180214], [153.0835213661, -25.9202123657], [153.0806278214, -25.9308206737], [153.0854205042, -25.9293585718], [153.0899188817, -25.9170930907], [153.0902962834, -25.9141552597], [153.0985320136, -25.90916159], [153.0928285047, -25.9012404084]]}