{"name": "Rasmussen", "key": "rasmussen", "pops": 4456, "cr": 44, "bounds": [146.7104466707, -19.3654998541, 146.7340124846, -19.3390218541], "crime": {"total": 781, "Good Order Offences": 54, "Other Theft (excl. Unlawful Entry)": 145, "Unlawful Entry": 145, "Other Property Damage": 107, "Traffic and Related Offences": 36, "Weapons Act Offences": 11, "Drug Offences": 89, "Handling Stolen Goods": 7, "Unlawful Use of Motor Vehicle": 40, "Trespassing and Vagrancy": 15, "Miscellaneous Offences": 2, "Assault": 110, "Fraud": 7, "Arson": 5, "Other Offences Against the Person": 6, "Robbery": 2}, "borders": [{"name": "Condon", "key": "condon", "cr": 29}, {"name": "Gumlow", "key": "gumlow", "cr": 7}, {"name": "Kelso", "key": "kelso", "cr": 22}], "polygon": [[146.7329108864, -19.3649413064], [146.7339662686, -19.3580358252], [146.7336659059, -19.3541205972], [146.7294152752, -19.3408299983], [146.7104777321, -19.3390218541], [146.7112191394, -19.3405961469], [146.7107686847, -19.3412690386], [146.7128034681, -19.3432616144], [146.7119597793, -19.3443380445], [146.7118246555, -19.3465494886], [146.7127939314, -19.3493891209], [146.7127609625, -19.354712747], [146.7144095451, -19.3551936001], [146.7149858177, -19.3562991917], [146.71395237, -19.3637515083], [146.7316479534, -19.3654998541], [146.7329767123, -19.365491271], [146.7329108864, -19.3649413064]]}