{"name": "Redcliffe", "key": "redcliffe", "pops": 10373, "cr": 19, "bounds": [153.0962535217, -27.2388474271, 153.1178001761, -27.2141561881], "crime": {"total": 1230, "Other Theft (excl. Unlawful Entry)": 403, "Fraud": 37, "Unlawful Entry": 74, "Unlawful Use of Motor Vehicle": 35, "Assault": 127, "Drug Offences": 119, "Traffic and Related Offences": 61, "Other Property Damage": 109, "Good Order Offences": 172, "Miscellaneous Offences": 3, "Trespassing and Vagrancy": 15, "Other Offences Against the Person": 24, "Robbery": 15, "Handling Stolen Goods": 8, "Arson": 1, "Weapons Act Offences": 25, "Liquor (excl. Drunkenness)": 2}, "borders": [{"name": "Kippa Ring", "key": "kippa-ring", "cr": 18}, {"name": "Margate", "key": "margate", "cr": 16}, {"name": "Newport", "key": "newport", "cr": 15}, {"name": "Scarborough", "key": "scarborough", "cr": 8}], "polygon": [[153.103954114, -27.2142800912], [153.1008573174, -27.2182296589], [153.0989795178, -27.2191934064], [153.0976954326, -27.2219935954], [153.0983527824, -27.222501941], [153.096579276, -27.2296874896], [153.0975466296, -27.2300833315], [153.0962535217, -27.235500738], [153.1060961336, -27.2371785939], [153.1073158607, -27.2367161363], [153.1082914621, -27.2374480665], [153.1117980555, -27.2376390025], [153.1138231754, -27.2388474271], [153.1154946238, -27.2343879491], [153.1178001761, -27.2333166003], [153.1172412708, -27.230276905], [153.1151097193, -27.2265563682], [153.1158911288, -27.2209726498], [153.1169983745, -27.2201806605], [153.1162737608, -27.2182054594], [153.1165682375, -27.2160670683], [153.1117364839, -27.2153294832], [153.1101553589, -27.2169316188], [153.1079137251, -27.2165962085], [153.1081956774, -27.2148831338], [153.103954114, -27.2142800912]]}