{"name": "Redlynch", "key": "redlynch", "pops": 9728, "cr": 9, "bounds": [145.6762837991, -16.9656693116, 145.7152371556, -16.8796255738], "crime": {"total": 338, "Other Theft (excl. Unlawful Entry)": 80, "Unlawful Entry": 70, "Drug Offences": 27, "Other Property Damage": 41, "Traffic and Related Offences": 29, "Unlawful Use of Motor Vehicle": 15, "Fraud": 18, "Good Order Offences": 8, "Assault": 35, "Other Offences Against the Person": 8, "Miscellaneous Offences": 1, "Handling Stolen Goods": 3, "Weapons Act Offences": 2, "Trespassing and Vagrancy": 1}, "borders": [{"name": "Brinsmead", "key": "brinsmead", "cr": 12}, {"name": "Freshwater", "key": "freshwater", "cr": 13}, {"name": "Kanimbla", "key": "kanimbla", "cr": 14}, {"name": "Kamerunga", "key": "kamerunga", "cr": 6}], "polygon": [[145.6929730698, -16.8830980062], [145.6930829957, -16.8824192807], [145.6892222241, -16.8796255738], [145.6887682229, -16.8834075332], [145.6867137775, -16.8831825927], [145.6846784204, -16.9002653286], [145.6828425452, -16.9000650123], [145.6809249148, -16.9183608219], [145.6826362908, -16.9185416996], [145.6807321385, -16.9328519031], [145.6781262532, -16.9325464293], [145.6762837991, -16.9471050799], [145.6852331087, -16.9480938911], [145.6841641665, -16.9562884197], [145.6832026318, -16.9583784863], [145.6772511452, -16.9632839039], [145.6805248633, -16.9656693116], [145.6806362718, -16.9640832469], [145.6829767525, -16.9620015919], [145.7052093446, -16.9649466649], [145.7074989006, -16.9464677125], [145.7096406668, -16.946715273], [145.7114305422, -16.9323477373], [145.7126923576, -16.9325043187], [145.7152371556, -16.9124859795], [145.705503583, -16.9115808755], [145.705593951, -16.9080355987], [145.7034982517, -16.9068875536], [145.7035180777, -16.9046834633], [145.7045315355, -16.9029875323], [145.7058363706, -16.9045522362], [145.706847243, -16.9032486081], [145.7082338408, -16.9035767391], [145.7080975175, -16.9016057327], [145.7091144174, -16.8999544904], [145.7081573531, -16.8999310881], [145.7079837173, -16.8985581547], [145.709133625, -16.8973978087], [145.7084450573, -16.8955067322], [145.7059826925, -16.8940256983], [145.7066403851, -16.8930374086], [145.705345504, -16.8918516859], [145.7057522014, -16.891186133], [145.7076599076, -16.8918985948], [145.7077712938, -16.8913951144], [145.7050373554, -16.8890008554], [145.7046310976, -16.8854594678], [145.696538426, -16.8851088583], [145.6944576874, -16.8836051896], [145.6942024902, -16.8848799616], [145.6929730698, -16.8830980062]]}