{"name": "Ripley", "key": "ripley", "pops": 1405, "cr": 40, "bounds": [152.7578014433, -27.6906972229, 152.8075728267, -27.653404817], "crime": {"total": 231, "Other Theft (excl. Unlawful Entry)": 50, "Fraud": 16, "Traffic and Related Offences": 36, "Unlawful Entry": 31, "Good Order Offences": 14, "Assault": 15, "Other Property Damage": 32, "Unlawful Use of Motor Vehicle": 7, "Drug Offences": 17, "Other Offences Against the Person": 7, "Liquor (excl. Drunkenness)": 1, "Weapons Act Offences": 2, "Handling Stolen Goods": 1, "Robbery": 1, "Arson": 1}, "borders": [{"name": "Deebing Heights", "key": "deebing-heights", "cr": 9}, {"name": "Flinders View", "key": "flinders-view", "cr": 5}, {"name": "South Ripley", "key": "south-ripley", "cr": 42}, {"name": "Yamanto", "key": "yamanto", "cr": 14}], "polygon": [[152.7982303724, -27.6714998856], [152.7975617275, -27.6682338268], [152.8003768697, -27.6661637276], [152.799133338, -27.6627496034], [152.79966373, -27.6609033048], [152.7991403788, -27.6591347232], [152.8012269139, -27.6563475877], [152.7796682715, -27.653404817], [152.7679371014, -27.6601019129], [152.7594371289, -27.6628203169], [152.7602304071, -27.666377537], [152.75802847, -27.6687227711], [152.7578014433, -27.6707165092], [152.7579585165, -27.6720764488], [152.7599440068, -27.6716916338], [152.7617569566, -27.6738173217], [152.7617254034, -27.675836049], [152.7662782371, -27.6764141768], [152.7669269815, -27.6785267964], [152.7658036202, -27.6801165268], [152.772828795, -27.6811871901], [152.7864937931, -27.688016668], [152.806052573, -27.6906972229], [152.8072865084, -27.6889148578], [152.807459794, -27.6862278953], [152.8056286648, -27.6843718439], [152.8058810383, -27.6823644489], [152.8040012121, -27.6825565323], [152.8031589314, -27.6809443906], [152.8045937493, -27.678393878], [152.8072469756, -27.6767537072], [152.8073408529, -27.6759165227], [152.8051060066, -27.6763441339], [152.8020056114, -27.675034605], [152.7982303724, -27.6714998856]]}