{"name": "Robertson", "key": "robertson", "pops": 4973, "cr": 13, "bounds": [153.0491431952, -27.571211271, 153.0655705333, -27.5589179471], "crime": {"total": 195, "Other Theft (excl. Unlawful Entry)": 45, "Other Property Damage": 15, "Unlawful Entry": 71, "Traffic and Related Offences": 18, "Drug Offences": 11, "Unlawful Use of Motor Vehicle": 19, "Handling Stolen Goods": 4, "Fraud": 4, "Assault": 4, "Good Order Offences": 2, "Trespassing and Vagrancy": 1, "Robbery": 1}, "borders": [{"name": "Coopers Plains", "key": "coopers-plains", "cr": 21}, {"name": "Macgregor", "key": "macgregor", "cr": 14}, {"name": "Nathan", "key": "nathan", "cr": 6}, {"name": "Sunnybank", "key": "sunnybank", "cr": 26}], "polygon": [[153.0585348085, -27.5598371997], [153.0521728843, -27.5589179471], [153.0519808456, -27.5599768311], [153.0506885126, -27.5595450029], [153.0491869375, -27.5697024986], [153.052467674, -27.5701243803], [153.0525500178, -27.5695485175], [153.0535681248, -27.5697117448], [153.0534623191, -27.5702971965], [153.0602600202, -27.571211271], [153.0609542504, -27.56887272], [153.0644096136, -27.569171086], [153.0654084086, -27.5607608929], [153.0585348085, -27.5598371997]]}