{"name": "Rocky Point - Weipa Town", "key": "rocky-point-weipa-town", "pops": 1957, "cr": 13, "bounds": [141.8736656159, -12.6368517578, 141.8976130113, -12.6006985903], "crime": {"total": 120, "Good Order Offences": 18, "Traffic and Related Offences": 13, "Other Property Damage": 16, "Assault": 14, "Fraud": 2, "Unlawful Entry": 14, "Other Theft (excl. Unlawful Entry)": 21, "Other Offences Against the Person": 1, "Drug Offences": 13, "Trespassing and Vagrancy": 2, "Weapons Act Offences": 2, "Unlawful Use of Motor Vehicle": 4}, "borders": [{"name": "Trunding", "key": "trunding", "cr": 16}], "polygon": [[141.8944620565, -12.6018786281], [141.8944130167, -12.600698702], [141.8943159878, -12.6022572368], [141.8922441155, -12.6020614877], [141.8919001743, -12.6046941802], [141.8774228096, -12.6196141392], [141.8736656159, -12.622497797], [141.8741084859, -12.6287374124], [141.8761124238, -12.6287874877], [141.8757589385, -12.629538089], [141.8789283931, -12.6293315664], [141.876904428, -12.6358170807], [141.8777557984, -12.6358272582], [141.8778965995, -12.635090135], [141.8785934821, -12.6358176619], [141.8794526607, -12.6352657154], [141.8803901076, -12.6368517578], [141.8831427246, -12.6358301863], [141.8903722167, -12.6355254203], [141.8919777274, -12.6152676865], [141.8976130113, -12.6032986715], [141.8944620565, -12.6018786281]]}