{"name": "Rollingstone", "key": "rollingstone", "pops": 125, "cr": 100, "bounds": [146.3457940891, -19.0908166543, 146.4171457887, -18.9966375306], "crime": {"total": 153, "Traffic and Related Offences": 67, "Other Property Damage": 7, "Drug Offences": 62, "Other Theft (excl. Unlawful Entry)": 6, "Miscellaneous Offences": 1, "Fraud": 1, "Unlawful Entry": 3, "Assault": 2, "Arson": 1, "Unlawful Use of Motor Vehicle": 1, "Weapons Act Offences": 1, "Good Order Offences": 1}, "borders": [{"name": "Balgal Beach", "key": "balgal-beach", "cr": 9}, {"name": "Coral Sea - Townsville", "key": "coral-sea-townsville", "cr": 19}, {"name": "Crystal Creek", "key": "crystal-creek", "cr": 100}, {"name": "Mutarnee", "key": "mutarnee", "cr": 27}], "polygon": [[146.3573399335, -18.9966375306], [146.3566694707, -19.0024641007], [146.3623541594, -19.0083198845], [146.3654668406, -19.0138442889], [146.3610851765, -19.0165701658], [146.3571336791, -19.0165909678], [146.350975655, -19.019584313], [146.3461534902, -19.0230706111], [146.3457940891, -19.0263787583], [146.3482730687, -19.0271329284], [146.3539578766, -19.0259246603], [146.3532438502, -19.0323950425], [146.3675299659, -19.0339236706], [146.3755703345, -19.0417833477], [146.3739307746, -19.0466538891], [146.3760060966, -19.0495603755], [146.3745331243, -19.0485574529], [146.3735490963, -19.0492508411], [146.3687579408, -19.0488272682], [146.3684046417, -19.0500116497], [146.3713383675, -19.055308193], [146.3688904345, -19.0594824404], [146.3647498265, -19.0598903298], [146.3627848327, -19.0572891086], [146.360514842, -19.0588589236], [146.3593802825, -19.0637566671], [146.3565240875, -19.0634726509], [146.3563980758, -19.0745455027], [146.3550059721, -19.0757606328], [146.3548262343, -19.0775868744], [146.3554215804, -19.079844974], [146.3532139584, -19.0807370096], [146.3617688194, -19.0815867111], [146.3700800687, -19.0788588226], [146.3796845973, -19.0821023658], [146.3830786347, -19.0908166543], [146.3849015087, -19.0900442451], [146.3870412111, -19.0902887583], [146.3866744116, -19.0892934576], [146.388529487, -19.0885073617], [146.3885987997, -19.0778160766], [146.3896982297, -19.0747357905], [146.3958647624, -19.0730130374], [146.4032251164, -19.0790443048], [146.4171457887, -19.064273119], [146.4147778973, -19.0628336444], [146.4156232253, -19.054768689], [146.3989309445, -19.0531886891], [146.3955297321, -19.0501921251], [146.3962871656, -19.0491479635], [146.3959645033, -19.0471328348], [146.3926795051, -19.0410179645], [146.3929235563, -19.0364473909], [146.3953672722, -19.0347412601], [146.3959080875, -19.031686984], [146.3987711668, -19.0259576961], [146.3985558972, -19.0194363743], [146.3992960677, -19.0184086785], [146.4015485123, -19.0184983909], [146.4045498893, -19.0150881186], [146.4042986259, -19.0090076476], [146.4034548402, -19.0077170953], [146.4017956331, -19.0070643649], [146.3973304257, -18.9997468814], [146.3931990564, -18.9978727922], [146.3832700998, -18.9991391674], [146.3800324425, -18.9978979006], [146.3793273792, -18.9985929206], [146.3573399335, -18.9966375306]]}