{"name": "Runaway Bay", "key": "runaway-bay", "pops": 9068, "cr": 12, "bounds": [153.3847788423, -27.9273758307, 153.4150350094, -27.8979465514], "crime": {"total": 628, "Assault": 37, "Miscellaneous Offences": 2, "Unlawful Entry": 64, "Other Property Damage": 50, "Traffic and Related Offences": 32, "Other Theft (excl. Unlawful Entry)": 293, "Fraud": 38, "Unlawful Use of Motor Vehicle": 23, "Good Order Offences": 27, "Drug Offences": 36, "Arson": 1, "Other Offences Against the Person": 5, "Liquor (excl. Drunkenness)": 1, "Weapons Act Offences": 6, "Trespassing and Vagrancy": 8, "Robbery": 3, "Handling Stolen Goods": 2}, "borders": [{"name": "Biggera Waters", "key": "biggera-waters", "cr": 17}, {"name": "Coombabah", "key": "coombabah", "cr": 6}, {"name": "Hollywell", "key": "hollywell", "cr": 6}, {"name": "South Stradbroke", "key": "south-stradbroke", "cr": 100}], "polygon": [[153.4147743657, -27.9025157616], [153.4105652496, -27.8979465514], [153.4085578918, -27.8984040171], [153.4037399814, -27.9029724151], [153.388432838, -27.9006293193], [153.3879508302, -27.9133565351], [153.3848709315, -27.9218141437], [153.3859387785, -27.9229227528], [153.3898202851, -27.9233314618], [153.3906478807, -27.9263800904], [153.3918862343, -27.9260213897], [153.3981467783, -27.9272827432], [153.3983037919, -27.9266595691], [153.4027399346, -27.9266963378], [153.4060994461, -27.9252763093], [153.4132800102, -27.9273758307], [153.4147743657, -27.9025157616]]}