{"name": "Russell Island", "key": "russell-island", "pops": 2836, "cr": 25, "bounds": [153.3588384688, -27.7125546634, 153.4184908792, -27.6340680346], "crime": {"total": 334, "Miscellaneous Offences": 1, "Drug Offences": 66, "Other Theft (excl. Unlawful Entry)": 47, "Weapons Act Offences": 12, "Unlawful Entry": 14, "Other Offences Against the Person": 13, "Other Property Damage": 28, "Good Order Offences": 20, "Traffic and Related Offences": 71, "Assault": 27, "Handling Stolen Goods": 8, "Unlawful Use of Motor Vehicle": 5, "Fraud": 13, "Trespassing and Vagrancy": 4, "Robbery": 1, "Liquor (excl. Drunkenness)": 1, "Arson": 3}, "borders": [{"name": "Karragarra Island", "key": "karragarra-island", "cr": 9}, {"name": "North Stradbroke Island", "key": "north-stradbroke-island", "cr": 30}], "polygon": [[153.4174532145, -27.6393671706], [153.4114362523, -27.6375278607], [153.4051860273, -27.6340680346], [153.4003206715, -27.6359732375], [153.4000461325, -27.6392606199], [153.395474501, -27.6407151371], [153.3922200799, -27.6371614188], [153.3875118122, -27.6380188838], [153.3849908933, -27.6436146945], [153.3783103675, -27.6444519833], [153.3706199676, -27.6410282925], [153.3611984178, -27.6414415017], [153.3601292297, -27.6507476866], [153.3617180362, -27.6725921407], [153.3665157855, -27.6817056015], [153.366240643, -27.6866450459], [153.3588384688, -27.6908492446], [153.3601637483, -27.6926999539], [153.3619098067, -27.6999491975], [153.3619636521, -27.7083996683], [153.3664193451, -27.7123094723], [153.3686214089, -27.7122406512], [153.3704290986, -27.7089403197], [153.3723176196, -27.7081965581], [153.3765742704, -27.7089303881], [153.3805335909, -27.7111647278], [153.3831196651, -27.7110915631], [153.3876408935, -27.7074483037], [153.3915004432, -27.7055598423], [153.397384882, -27.6954106838], [153.3956857771, -27.6822214648], [153.3984041139, -27.6763127297], [153.4002993777, -27.6691766977], [153.3983707055, -27.6655183285], [153.3976979926, -27.6621482298], [153.4101715162, -27.6548185125], [153.4151221514, -27.6496568397], [153.4181227982, -27.6459332407], [153.4184908792, -27.643011108], [153.4174532145, -27.6393671706]]}