{"name": "Samford Village", "key": "samford-village", "pops": 796, "cr": 12, "bounds": [152.8782385737, -27.380415298, 152.8932542726, -27.366601631], "crime": {"total": 44, "Unlawful Use of Motor Vehicle": 4, "Other Property Damage": 8, "Drug Offences": 4, "Assault": 5, "Weapons Act Offences": 2, "Good Order Offences": 4, "Other Theft (excl. Unlawful Entry)": 10, "Traffic and Related Offences": 3, "Robbery": 1, "Unlawful Entry": 2, "Fraud": 1}, "borders": [{"name": "Camp Mountain", "key": "camp-mountain", "cr": 3}, {"name": "Samford Valley", "key": "samford-valley", "cr": 2}], "polygon": [[152.8893914893, -27.3727832809], [152.8893478885, -27.3704536334], [152.887431331, -27.3689468503], [152.8882716671, -27.367397204], [152.8823142126, -27.366601631], [152.8795574307, -27.3691455722], [152.8791546822, -27.3735930994], [152.8782385737, -27.3750840724], [152.8796699122, -27.3796848953], [152.8803473115, -27.380415298], [152.8809842095, -27.3781950325], [152.8840128332, -27.3775357828], [152.8873239085, -27.3779555932], [152.8877570629, -27.378919512], [152.889213711, -27.378578946], [152.889289394, -27.3792990148], [152.89100115, -27.3789191693], [152.8915041685, -27.3765569702], [152.8930951804, -27.3771747649], [152.892994009, -27.374576807], [152.8893914893, -27.3727832809]]}