{"name": "Scarborough", "key": "scarborough", "pops": 8705, "cr": 8, "bounds": [153.0998861045, -27.2169316188, 153.1194658652, -27.1905046329], "crime": {"total": 318, "Assault": 36, "Other Theft (excl. Unlawful Entry)": 98, "Other Property Damage": 43, "Traffic and Related Offences": 15, "Trespassing and Vagrancy": 5, "Drug Offences": 26, "Good Order Offences": 16, "Unlawful Entry": 46, "Fraud": 7, "Other Offences Against the Person": 7, "Unlawful Use of Motor Vehicle": 17, "Handling Stolen Goods": 1, "Robbery": 1}, "borders": [{"name": "Newport", "key": "newport", "cr": 15}, {"name": "Redcliffe", "key": "redcliffe", "cr": 19}], "polygon": [[153.1130761057, -27.1906787083], [153.1111056283, -27.1920600608], [153.1066603065, -27.1910184622], [153.1046751514, -27.1917146221], [153.1038902551, -27.1932537332], [153.1076866761, -27.1919462457], [153.1101480052, -27.1925825626], [153.1085974574, -27.1946103275], [153.1065801233, -27.1955523342], [153.1048165262, -27.1936029047], [153.1035955548, -27.1940474883], [153.1042957976, -27.1967185065], [153.105231598, -27.1974416077], [153.103740707, -27.1987210289], [153.1025167331, -27.2019946873], [153.0998861045, -27.2043493986], [153.1005360037, -27.2058814615], [153.1053702757, -27.2064367607], [153.1049779877, -27.2084944695], [153.104003951, -27.2092733607], [153.1031337306, -27.2150599435], [153.1039682627, -27.2141561881], [153.1078121662, -27.2147371769], [153.1079137251, -27.2165962085], [153.1101553589, -27.2169316188], [153.1117364839, -27.2153294832], [153.1165682375, -27.2160670683], [153.1175209433, -27.2140693292], [153.1194653958, -27.2124500275], [153.117731154, -27.2114854306], [153.1163554043, -27.2092449889], [153.1170934364, -27.2042962685], [153.1155147031, -27.2014814764], [153.1166776121, -27.1982535198], [153.1149570048, -27.1943141595], [153.1148869693, -27.1917136535], [153.1130761057, -27.1906787083]]}