{"name": "Scarness", "key": "scarness", "pops": 3519, "cr": 29, "bounds": [152.8461921886, -25.2960725427, 152.8618518487, -25.2775458619], "crime": {"total": 687, "Traffic and Related Offences": 56, "Good Order Offences": 230, "Drug Offences": 112, "Unlawful Entry": 38, "Unlawful Use of Motor Vehicle": 10, "Miscellaneous Offences": 4, "Other Theft (excl. Unlawful Entry)": 79, "Weapons Act Offences": 21, "Handling Stolen Goods": 16, "Other Property Damage": 41, "Assault": 47, "Liquor (excl. Drunkenness)": 6, "Fraud": 15, "Other Homicide": 1, "Other Offences Against the Person": 6, "Trespassing and Vagrancy": 5}, "borders": [{"name": "Kawungan", "key": "kawungan", "cr": 12}, {"name": "Pialba", "key": "pialba", "cr": 60}, {"name": "Torquay", "key": "torquay", "cr": 31}], "polygon": [[152.8583433554, -25.2816576213], [152.8555646539, -25.2811532021], [152.8488917947, -25.2775458619], [152.8477347568, -25.2847756669], [152.8483404666, -25.2854002267], [152.8476337045, -25.2854006439], [152.8461921886, -25.2942468077], [152.8595129251, -25.2960725427], [152.8618518487, -25.2816272974], [152.8583433554, -25.2816576213]]}