{"name": "Scottville", "key": "scottville", "pops": 259, "cr": 11, "bounds": [147.7924958616, -20.6078938544, 147.8460333645, -20.5627634749], "crime": {"total": 9, "Fraud": 1, "Other Property Damage": 1, "Good Order Offences": 2, "Traffic and Related Offences": 1, "Assault": 1, "Unlawful Entry": 3}, "borders": [{"name": "Collinsville", "key": "collinsville", "cr": 21}, {"name": "Springlands", "key": "springlands", "cr": 30}], "polygon": [[147.8231590018, -20.562837854], [147.8153831214, -20.5675566122], [147.8098388687, -20.5656606108], [147.8058864623, -20.565730311], [147.7942394391, -20.5714273378], [147.8073274866, -20.5934615508], [147.7978443652, -20.6003167555], [147.7963044867, -20.5983527899], [147.7937515154, -20.6001034081], [147.7930538729, -20.5991617665], [147.7924958616, -20.6052351892], [147.8021920919, -20.6077025682], [147.8060946986, -20.607612364], [147.818217501, -20.5997268707], [147.8230505809, -20.5946514383], [147.8251963854, -20.5933801755], [147.8303186372, -20.5927259251], [147.83810734, -20.5941811576], [147.8460333645, -20.5904582962], [147.8436027244, -20.5806500018], [147.8386137709, -20.5754226893], [147.838678129, -20.5714330822], [147.8344330713, -20.5705100894], [147.8286285549, -20.5656762272], [147.8231590018, -20.562837854]]}