{"name": "Seisia - Northern Peninsula", "key": "seisia-northern-peninsula", "pops": 260, "cr": 48, "bounds": [142.3484018296, -10.8442855999, 142.3497711793, -10.8431773186], "crime": {"total": 46, "Unlawful Entry": 12, "Miscellaneous Offences": 1, "Other Theft (excl. Unlawful Entry)": 13, "Unlawful Use of Motor Vehicle": 3, "Weapons Act Offences": 2, "Liquor (excl. Drunkenness)": 4, "Other Property Damage": 2, "Traffic and Related Offences": 3, "Good Order Offences": 2, "Drug Offences": 1, "Assault": 3}, "borders": [{"name": "Seisia - Torres", "key": "seisia-torres", "cr": 0}], "polygon": [[142.3495865166, -10.8441484571], [142.3494227454, -10.8432661593], [142.3484631777, -10.8434960023], [142.3487178981, -10.8442421928], [142.3495865166, -10.8441484571]]}