{"name": "Seventeen Seventy", "key": "seventeen-seventy", "pops": 69, "cr": 68, "bounds": [151.8649626598, -24.1975178421, 151.9194525108, -24.1304693446], "crime": {"total": 20, "Other Theft (excl. Unlawful Entry)": 3, "Traffic and Related Offences": 5, "Drug Offences": 3, "Other Property Damage": 2, "Assault": 2, "Robbery": 1, "Other Offences Against the Person": 1, "Unlawful Use of Motor Vehicle": 1, "Unlawful Entry": 1, "Good Order Offences": 1}, "borders": [{"name": "Agnes Water", "key": "agnes-water", "cr": 13}, {"name": "Coral Sea - Gladstone", "key": "coral-sea-gladstone", "cr": 3}, {"name": "Eurimbula", "key": "eurimbula", "cr": 0}], "polygon": [[151.8973293751, -24.136024937], [151.8868155032, -24.1307702065], [151.8799278066, -24.1304693446], [151.8726789579, -24.1353282481], [151.8706695512, -24.1403238699], [151.8662654981, -24.1441299841], [151.8655966297, -24.1457594931], [151.8665666282, -24.1489683613], [151.8666237295, -24.153321065], [151.8770337105, -24.1701355726], [151.8649626598, -24.1943349987], [151.8765623793, -24.1941683069], [151.878175348, -24.1888768375], [151.8820522651, -24.1891243085], [151.8887887076, -24.1975178421], [151.8891635686, -24.1950297281], [151.8998513371, -24.1963845864], [151.9194525108, -24.1920745], [151.9151448011, -24.1824953035], [151.9128009975, -24.1684881523], [151.9099992588, -24.1578853652], [151.9070493653, -24.1533038691], [151.906679742, -24.1473490894], [151.905582495, -24.1439853162], [151.9016244784, -24.138786152], [151.8975194097, -24.1388941184], [151.8973293751, -24.136024937]]}