{"name": "Seventeen Mile Rocks", "key": "seventeen-mile-rocks", "pops": 2720, "cr": 7, "bounds": [152.9462723583, -27.5583217591, 152.9654003978, -27.5371346399], "crime": {"total": 103, "Unlawful Entry": 11, "Assault": 6, "Drug Offences": 20, "Good Order Offences": 5, "Other Theft (excl. Unlawful Entry)": 32, "Other Property Damage": 9, "Arson": 1, "Unlawful Use of Motor Vehicle": 4, "Fraud": 7, "Trespassing and Vagrancy": 1, "Traffic and Related Offences": 3, "Handling Stolen Goods": 1, "Other Offences Against the Person": 2, "Miscellaneous Offences": 1}, "borders": [{"name": "Darra", "key": "darra", "cr": 19}, {"name": "Fig Tree Pocket", "key": "fig-tree-pocket", "cr": 8}, {"name": "Oxley", "key": "oxley", "cr": 11}, {"name": "Sinnamon Park", "key": "sinnamon-park", "cr": 5}], "polygon": [[152.9611917138, -27.5371346399], [152.9597564414, -27.5379126444], [152.9576249197, -27.5377953202], [152.9545840994, -27.5406156629], [152.9519550204, -27.5453053638], [152.9532522261, -27.5461329818], [152.9515871108, -27.5472368598], [152.9532260224, -27.5473630354], [152.9527834132, -27.5499425381], [152.9539177865, -27.5523143709], [152.9528495744, -27.5539048538], [152.9516550377, -27.5535321534], [152.9462723583, -27.5549956858], [152.9481367022, -27.5581259653], [152.9526319653, -27.5583217591], [152.9544741213, -27.5568500012], [152.9584433734, -27.5562609956], [152.9591152072, -27.5528471023], [152.9611693099, -27.5528294668], [152.9618942887, -27.5538459495], [152.9623641595, -27.5502875969], [152.9644201547, -27.548323296], [152.9654003978, -27.5438455641], [152.9632710665, -27.5417593792], [152.9611917138, -27.5371346399]]}