{"name": "Shelly Beach - Sunshine Coast", "key": "shelly-beach-sunshine-coast", "pops": 854, "cr": 8, "bounds": [153.1419537142, -26.8001271859, 153.1500148624, -26.7924440205], "crime": {"total": 25, "Drug Offences": 2, "Assault": 1, "Other Theft (excl. Unlawful Entry)": 5, "Other Property Damage": 6, "Unlawful Entry": 5, "Unlawful Use of Motor Vehicle": 2, "Trespassing and Vagrancy": 2, "Good Order Offences": 1, "Traffic and Related Offences": 1}, "borders": [{"name": "Kings Beach", "key": "kings-beach", "cr": 16}, {"name": "Moffat Beach", "key": "moffat-beach", "cr": 12}], "polygon": [[153.1473257914, -26.7930202633], [153.1430958062, -26.7924440205], [153.1419537142, -26.7992108762], [153.1500148624, -26.8000545949], [153.1484566629, -26.7971541509], [153.1483653858, -26.7926360443], [153.1473257914, -26.7930202633]]}