{"name": "Shoal Point", "key": "shoal-point", "pops": 977, "cr": 10, "bounds": [149.1254825667, -21.028675355, 149.1580651328, -20.9984181449], "crime": {"total": 46, "Drug Offences": 6, "Handling Stolen Goods": 1, "Good Order Offences": 2, "Other Theft (excl. Unlawful Entry)": 15, "Unlawful Entry": 6, "Traffic and Related Offences": 5, "Other Property Damage": 3, "Trespassing and Vagrancy": 2, "Unlawful Use of Motor Vehicle": 4, "Arson": 1, "Assault": 1}, "borders": [{"name": "Bucasia", "key": "bucasia", "cr": 11}, {"name": "Coral Sea - Mackay", "key": "coral-sea-mackay", "cr": 20}, {"name": "Habana", "key": "habana", "cr": 4}], "polygon": [[149.1364833489, -20.998897709], [149.1317763329, -20.9984181449], [149.1290813237, -20.9999929518], [149.1254825667, -21.000518769], [149.1293430626, -21.0076687112], [149.131468147, -21.0171665475], [149.1312439963, -21.0200791433], [149.1329899803, -21.0206378028], [149.1344373375, -21.0199792534], [149.1340379342, -21.0189754963], [149.1351978183, -21.0186176524], [149.1353723332, -21.0199944004], [149.1380726695, -21.0194600895], [149.1381649002, -21.0220209807], [149.137369737, -21.0225750059], [149.1405104846, -21.0255754068], [149.1417710781, -21.0286633894], [149.1432124302, -21.028675355], [149.1421777159, -21.0232543424], [149.1430115998, -21.0165878609], [149.153757751, -21.0177500248], [149.1545586511, -21.0211075842], [149.1580035537, -21.0216414481], [149.1562186927, -21.0113555267], [149.1579812989, -21.0006803274], [149.1554391161, -21.0009106621], [149.1525907591, -21.003021419], [149.1486805975, -21.0032021329], [149.1364833489, -20.998897709]]}