{"name": "Shorncliffe", "key": "shorncliffe", "pops": 1870, "cr": 9, "bounds": [153.0735737085, -27.3352260739, 153.08966925, -27.318714425], "crime": {"total": 80, "Good Order Offences": 10, "Assault": 3, "Unlawful Entry": 11, "Other Property Damage": 11, "Other Theft (excl. Unlawful Entry)": 16, "Trespassing and Vagrancy": 1, "Drug Offences": 10, "Traffic and Related Offences": 5, "Handling Stolen Goods": 1, "Miscellaneous Offences": 1, "Unlawful Use of Motor Vehicle": 10, "Fraud": 1}, "borders": [{"name": "Boondall", "key": "boondall", "cr": 11}, {"name": "Nudgee Beach", "key": "nudgee-beach", "cr": 37}, {"name": "Sandgate", "key": "sandgate", "cr": 9}], "polygon": [[153.0878637657, -27.3251287341], [153.0844736844, -27.3216846064], [153.078499645, -27.318714425], [153.0772599578, -27.3262273669], [153.0760415718, -27.3255188167], [153.0764886215, -27.3270412683], [153.0741882026, -27.327841036], [153.0735737085, -27.3297492713], [153.0780381933, -27.3327609301], [153.0788763538, -27.334915407], [153.0808254406, -27.3350403756], [153.0840355158, -27.3312700093], [153.0878107175, -27.3304077163], [153.0896053612, -27.3288958892], [153.0878637657, -27.3251287341]]}