{"name": "Shute Harbour", "key": "shute-harbour", "pops": 122, "cr": 17, "bounds": [148.774336949, -20.2939055413, 148.7942077294, -20.2847691104], "crime": {"total": 16, "Other Theft (excl. Unlawful Entry)": 5, "Drug Offences": 3, "Other Property Damage": 1, "Good Order Offences": 1, "Trespassing and Vagrancy": 1, "Traffic and Related Offences": 5}, "borders": [{"name": "Whitsundays", "key": "whitsundays", "cr": 3}], "polygon": [[148.7909506112, -20.2855821252], [148.7907981351, -20.2847691104], [148.7875941843, -20.2859380096], [148.786456123, -20.2902404964], [148.7849384099, -20.2905647904], [148.7851454318, -20.289543286], [148.7825705186, -20.2902249321], [148.7791916206, -20.288181521], [148.7765956372, -20.2891851813], [148.7745652199, -20.2880571261], [148.7751617283, -20.2903315872], [148.7764116228, -20.2906314507], [148.7751916349, -20.2936139926], [148.7860579565, -20.2939055413], [148.7924076244, -20.2907112464], [148.7939362228, -20.2911987379], [148.7941399068, -20.2891036272], [148.7909506112, -20.2855821252]]}