{"name": "Slade Point", "key": "slade-point", "pops": 3349, "cr": 20, "bounds": [149.1929337531, -21.0961623862, 149.2294876501, -21.0636541918], "crime": {"total": 281, "Unlawful Use of Motor Vehicle": 8, "Other Theft (excl. Unlawful Entry)": 51, "Assault": 41, "Drug Offences": 35, "Weapons Act Offences": 3, "Trespassing and Vagrancy": 6, "Other Property Damage": 49, "Good Order Offences": 16, "Other Offences Against the Person": 4, "Traffic and Related Offences": 12, "Unlawful Entry": 43, "Miscellaneous Offences": 3, "Fraud": 6, "Liquor (excl. Drunkenness)": 3, "Handling Stolen Goods": 1}, "borders": [{"name": "Andergrove", "key": "andergrove", "cr": 18}, {"name": "Blacks Beach", "key": "blacks-beach", "cr": 13}, {"name": "Coral Sea - Mackay", "key": "coral-sea-mackay", "cr": 20}, {"name": "Mackay Harbour", "key": "mackay-harbour", "cr": 42}], "polygon": [[149.2255224138, -21.0649412349], [149.2250645906, -21.0636981502], [149.2240405977, -21.0641099662], [149.2180239707, -21.0717502907], [149.2139723152, -21.0734379813], [149.2113650888, -21.0766256601], [149.2049048841, -21.076159507], [149.1986832544, -21.0702172518], [149.1942899078, -21.069401823], [149.1944355965, -21.0726298019], [149.1929337531, -21.074274376], [149.195588313, -21.0720014945], [149.1982280836, -21.072576046], [149.1942241564, -21.0961623862], [149.2117533311, -21.0925438106], [149.2132460847, -21.0931873247], [149.2210347652, -21.0846741498], [149.2271637097, -21.0854467824], [149.2287218496, -21.079653509], [149.2283719927, -21.0754174963], [149.2294876501, -21.0709778741], [149.226113975, -21.0683080629], [149.2263882831, -21.0666102916], [149.2255224138, -21.0649412349]]}