{"name": "South Maclean", "key": "south-maclean", "pops": 1362, "cr": 9, "bounds": [152.9564411789, -27.8166674972, 153.0280317962, -27.7781426758], "crime": {"total": 51, "Traffic and Related Offences": 12, "Unlawful Entry": 5, "Other Theft (excl. Unlawful Entry)": 9, "Fraud": 3, "Other Offences Against the Person": 1, "Assault": 7, "Other Property Damage": 7, "Trespassing and Vagrancy": 1, "Good Order Offences": 3, "Arson": 1, "Weapons Act Offences": 1, "Drug Offences": 1}, "borders": [{"name": "Jimboomba", "key": "jimboomba", "cr": 5}, {"name": "New Beith", "key": "new-beith", "cr": 3}, {"name": "North Maclean", "key": "north-maclean", "cr": 8}, {"name": "Stockleigh", "key": "stockleigh", "cr": 10}], "polygon": [[153.0026185438, -27.7797947899], [153.0004341751, -27.7781555504], [152.9994335026, -27.7785869688], [152.9991293997, -27.7809348032], [152.9809665829, -27.7782419249], [152.9804761708, -27.7815681398], [152.9626416415, -27.7789319903], [152.9619796872, -27.7815505117], [152.9564411789, -27.7907537147], [152.9621166065, -27.791665785], [152.9612726197, -27.7962576821], [152.9734029174, -27.7979894206], [152.9739390537, -27.7950682119], [152.9751761854, -27.7956635505], [152.9758780971, -27.7988521531], [152.9775752798, -27.7999300212], [152.9773893505, -27.8009001166], [152.9721275568, -27.8005042151], [152.9633514434, -27.8111625537], [152.9718174934, -27.8166674972], [152.9805210009, -27.8092015237], [152.9928040802, -27.811036855], [152.9935793206, -27.8071957082], [153.0099400431, -27.8093314841], [153.0212578624, -27.8119624108], [153.0227362737, -27.8116783649], [153.0252703503, -27.8088621572], [153.0280008465, -27.8092500716], [153.0247716829, -27.8033865094], [153.0280317962, -27.7860548124], [153.0234754086, -27.7853885293], [153.022130765, -27.7888535112], [153.0188105553, -27.7887040898], [153.0165340304, -27.7855387479], [153.0159790739, -27.7826851532], [153.0146048293, -27.7827479616], [153.0123073757, -27.7849852368], [153.0108176395, -27.7852344662], [153.0046443418, -27.7825236395], [153.0026185438, -27.7797947899]]}