{"name": "South Townsville", "key": "south-townsville", "pops": 2353, "cr": 56, "bounds": [146.8181194291, -19.2773278579, 146.846776329, -19.2429188043], "crime": {"total": 654, "Drug Offences": 123, "Assault": 104, "Good Order Offences": 116, "Other Property Damage": 51, "Unlawful Entry": 76, "Other Theft (excl. Unlawful Entry)": 66, "Liquor (excl. Drunkenness)": 9, "Weapons Act Offences": 13, "Handling Stolen Goods": 7, "Traffic and Related Offences": 30, "Trespassing and Vagrancy": 15, "Fraud": 8, "Unlawful Use of Motor Vehicle": 21, "Other Offences Against the Person": 9, "Robbery": 3, "Miscellaneous Offences": 3}, "borders": [{"name": "Coral Sea - Townsville", "key": "coral-sea-townsville", "cr": 19}, {"name": "Railway Estate", "key": "railway-estate", "cr": 31}, {"name": "Stuart", "key": "stuart", "cr": 34}, {"name": "Townsville City", "key": "townsville-city", "cr": 100}], "polygon": [[146.8362395018, -19.2444940582], [146.8355002925, -19.2433641031], [146.832842119, -19.2429188043], [146.8297167644, -19.2501093745], [146.8250060156, -19.2581743672], [146.820497565, -19.2580979168], [146.8181723654, -19.2604743987], [146.8181895912, -19.2645800784], [146.8232825771, -19.2673327401], [146.8220865503, -19.269898802], [146.8251383156, -19.2692998126], [146.8277899846, -19.2722033337], [146.8283060044, -19.2752835825], [146.8307022899, -19.2773278579], [146.8342225403, -19.2702860534], [146.846776329, -19.2554942742], [146.8397739977, -19.2468150184], [146.8388018832, -19.2429620996], [146.83820308, -19.2432611883], [146.838148281, -19.2456632406], [146.8362395018, -19.2444940582]]}