{"name": "Speewah", "key": "speewah", "pops": 855, "cr": 8, "bounds": [145.581899941, -16.9182767421, 145.6736301482, -16.8599243984], "crime": {"total": 26, "Other Theft (excl. Unlawful Entry)": 2, "Traffic and Related Offences": 5, "Handling Stolen Goods": 1, "Fraud": 3, "Unlawful Entry": 3, "Drug Offences": 5, "Other Property Damage": 2, "Assault": 3, "Unlawful Use of Motor Vehicle": 1, "Other Offences Against the Person": 1}, "borders": [{"name": "Koah", "key": "koah", "cr": 15}, {"name": "Kuranda", "key": "kuranda", "cr": 36}], "polygon": [[145.6341083422, -16.8609884828], [145.6225539595, -16.8599243984], [145.6222043112, -16.8635913581], [145.6004692316, -16.8615969568], [145.5984043255, -16.8671963066], [145.5966800824, -16.8692605942], [145.5944258049, -16.8703033105], [145.587524347, -16.871178031], [145.5837423354, -16.8731381744], [145.581899941, -16.8901617453], [145.6013637483, -16.8921654224], [145.6000250429, -16.9040228426], [145.6057099923, -16.9041806683], [145.6061822996, -16.906024985], [145.6072801128, -16.9050259367], [145.6109034196, -16.9068265334], [145.6116097793, -16.9105934724], [145.6143890843, -16.9141354114], [145.6156776324, -16.913742356], [145.6160734072, -16.9157321826], [145.6185681596, -16.9155876935], [145.6214395091, -16.9182767421], [145.6231403053, -16.9166456684], [145.6240845472, -16.9172239676], [145.6248142645, -16.9156943634], [145.6241092905, -16.9148335233], [145.6247696877, -16.9144369885], [145.6266662702, -16.9141661301], [145.6270150766, -16.9152127355], [145.6279054508, -16.9142017737], [145.6308854073, -16.9138622284], [145.6612310708, -16.9163837954], [145.663903378, -16.9125498533], [145.6680456996, -16.909622252], [145.6713745818, -16.9013853967], [145.6715016663, -16.8984690681], [145.6736301482, -16.894065991], [145.6732891276, -16.8919889107], [145.6692709923, -16.8896585926], [145.631637536, -16.8859394267], [145.6341083422, -16.8609884828]]}