{"name": "Springfield Lakes", "key": "springfield-lakes", "pops": 15318, "cr": 7, "bounds": [152.8943551704, -27.7081947923, 152.9313928485, -27.657819286], "crime": {"total": 443, "Other Theft (excl. Unlawful Entry)": 141, "Traffic and Related Offences": 27, "Unlawful Use of Motor Vehicle": 38, "Unlawful Entry": 82, "Fraud": 25, "Assault": 31, "Other Property Damage": 46, "Trespassing and Vagrancy": 4, "Miscellaneous Offences": 6, "Good Order Offences": 12, "Other Offences Against the Person": 14, "Drug Offences": 14, "Weapons Act Offences": 1, "Robbery": 1, "Handling Stolen Goods": 1}, "borders": [{"name": "Greenbank", "key": "greenbank", "cr": 14}, {"name": "Springfield - Ipswich", "key": "springfield-ipswich", "cr": 9}, {"name": "Springfield Central", "key": "springfield-central", "cr": 100}], "polygon": [[152.9276147783, -27.6854981109], [152.9313928485, -27.666385673], [152.9275027066, -27.6628894284], [152.9245545641, -27.657819286], [152.9120398164, -27.6713600531], [152.9051643088, -27.674588792], [152.9143339917, -27.6852339581], [152.9134269729, -27.6884778738], [152.9102487415, -27.690158926], [152.910921745, -27.6938958243], [152.9084297642, -27.6977981776], [152.9104300663, -27.7018203884], [152.910007976, -27.703102842], [152.9116746411, -27.7031920254], [152.9097982496, -27.7051125988], [152.8983901665, -27.6984237507], [152.8958411962, -27.6952234209], [152.8943551704, -27.7041107938], [152.9233609289, -27.7081947923], [152.9276147783, -27.6854981109]]}