{"name": "Springfield Central", "key": "springfield-central", "pops": 114, "cr": 100, "bounds": [152.8921442479, -27.6976378486, 152.9143339917, -27.6611648872], "crime": {"total": 573, "Unlawful Entry": 21, "Other Theft (excl. Unlawful Entry)": 317, "Good Order Offences": 44, "Miscellaneous Offences": 1, "Robbery": 11, "Drug Offences": 17, "Fraud": 25, "Other Property Damage": 58, "Weapons Act Offences": 3, "Traffic and Related Offences": 25, "Liquor (excl. Drunkenness)": 2, "Handling Stolen Goods": 5, "Assault": 32, "Other Offences Against the Person": 3, "Unlawful Use of Motor Vehicle": 8, "Arson": 1}, "borders": [{"name": "Augustine Heights", "key": "augustine-heights", "cr": 6}, {"name": "Brookwater", "key": "brookwater", "cr": 1}, {"name": "Springfield - Ipswich", "key": "springfield-ipswich", "cr": 9}, {"name": "Springfield Lakes", "key": "springfield-lakes", "cr": 7}], "polygon": [[152.9060721546, -27.6612344235], [152.9045587927, -27.6613810956], [152.903863892, -27.6667257324], [152.9018637016, -27.6671981812], [152.899001196, -27.6701036543], [152.8965905085, -27.6709079295], [152.8986637369, -27.6740187109], [152.8970000893, -27.673763223], [152.8960145041, -27.6750085577], [152.8924717754, -27.6741509438], [152.8921442479, -27.6780522913], [152.896584399, -27.6801801622], [152.8962577432, -27.68195346], [152.8977621496, -27.6816617772], [152.8979867846, -27.6819580942], [152.8949833885, -27.6820126623], [152.8948276192, -27.6855226979], [152.8941666186, -27.686157681], [152.898528479, -27.6881980374], [152.8990203589, -27.6898057833], [152.9025073424, -27.6924838498], [152.9037246257, -27.6918220967], [152.9056726247, -27.6931811571], [152.9060411677, -27.6969159171], [152.9082015827, -27.6976374984], [152.910921745, -27.6938958243], [152.9102487415, -27.690158926], [152.9134269729, -27.6884778738], [152.9143339917, -27.6852339581], [152.9052195922, -27.6748239771], [152.9069959447, -27.6688102186], [152.9087671265, -27.6668373719], [152.9075703248, -27.662180528], [152.9060721546, -27.6612344235]]}