{"name": "St Helens Beach", "key": "st-helens-beach", "pops": 197, "cr": 2, "bounds": [148.8420425504, -20.8480691835, 148.849857077, -20.8436286077], "crime": {"total": 2, "Unlawful Use of Motor Vehicle": 1, "Drug Offences": 1}, "borders": [{"name": "Coral Sea - Mackay", "key": "coral-sea-mackay", "cr": 20}], "polygon": [[148.8472830579, -20.8445064202], [148.8457280323, -20.8436712176], [148.8420425504, -20.8455291539], [148.8433266729, -20.8462723568], [148.8448778838, -20.8455697745], [148.8456454873, -20.8464181423], [148.8448641449, -20.8460223749], [148.8447174951, -20.8466272205], [148.8489730135, -20.8479541391], [148.849857077, -20.8469764441], [148.8492227718, -20.8456375748], [148.8472830579, -20.8445064202]]}