{"name": "Steiglitz", "key": "steiglitz", "pops": 705, "cr": 10, "bounds": [153.3246770203, -27.7641409487, 153.3617850244, -27.7192261294], "crime": {"total": 40, "Miscellaneous Offences": 1, "Other Property Damage": 5, "Other Theft (excl. Unlawful Entry)": 14, "Unlawful Entry": 3, "Good Order Offences": 2, "Traffic and Related Offences": 2, "Drug Offences": 6, "Assault": 2, "Unlawful Use of Motor Vehicle": 3, "Other Offences Against the Person": 1, "Fraud": 1}, "borders": [{"name": "Jacobs Well", "key": "jacobs-well", "cr": 13}, {"name": "Norwell", "key": "norwell", "cr": 31}, {"name": "Woongoolba", "key": "woongoolba", "cr": 36}], "polygon": [[153.3431000561, -27.7207198516], [153.3391102627, -27.7192261294], [153.3385437578, -27.7223981395], [153.3371448815, -27.7222091034], [153.334765099, -27.7243765891], [153.3263432384, -27.7232289538], [153.3283786029, -27.730417721], [153.3270314932, -27.7328362018], [153.3246770203, -27.7460474595], [153.3357061446, -27.7476859763], [153.3358659297, -27.7505863011], [153.3397804722, -27.7543302923], [153.3446773738, -27.760798119], [153.3475592807, -27.7592054158], [153.3503244892, -27.7606220245], [153.353683576, -27.7640613019], [153.3617850244, -27.7635435387], [153.3543282375, -27.7547415942], [153.3532284871, -27.750782907], [153.3535814285, -27.7478799745], [153.3598940596, -27.7394570112], [153.3612239882, -27.7347089425], [153.3570174351, -27.722259514], [153.3488303199, -27.7210641727], [153.344494544, -27.7214597389], [153.3431000561, -27.7207198516]]}