{"name": "Sunrise Beach", "key": "sunrise-beach", "pops": 3415, "cr": 8, "bounds": [153.0940801799, -26.4259249121, 153.1114372313, -26.4063544944], "crime": {"total": 100, "Other Theft (excl. Unlawful Entry)": 12, "Traffic and Related Offences": 8, "Unlawful Entry": 13, "Other Property Damage": 17, "Fraud": 2, "Unlawful Use of Motor Vehicle": 9, "Drug Offences": 8, "Good Order Offences": 10, "Assault": 11, "Liquor (excl. Drunkenness)": 1, "Other Offences Against the Person": 6, "Handling Stolen Goods": 1, "Trespassing and Vagrancy": 2}, "borders": [{"name": "Castaways Beach", "key": "castaways-beach", "cr": 3}, {"name": "Noosa Heads", "key": "noosa-heads", "cr": 28}, {"name": "Sunshine Beach", "key": "sunshine-beach", "cr": 14}], "polygon": [[153.107926257, -26.4104353338], [153.1020772085, -26.4063819796], [153.1010016352, -26.4106120169], [153.0972043648, -26.4106025323], [153.0965040922, -26.4069973379], [153.0949298665, -26.4076408744], [153.0962354168, -26.4118327349], [153.0940801799, -26.417063348], [153.0953496695, -26.4213495702], [153.0987218618, -26.4236194715], [153.0992170498, -26.4208397642], [153.1007877663, -26.424080804], [153.1018402278, -26.4248763248], [153.1028476059, -26.4242825508], [153.1024851799, -26.4255273342], [153.1083877012, -26.4255947173], [153.1114372313, -26.4126488045], [153.1095062792, -26.412309967], [153.107926257, -26.4104353338]]}