{"name": "Sunshine Beach", "key": "sunshine-beach", "pops": 2460, "cr": 14, "bounds": [153.0943799689, -26.4126488045, 153.1153039783, -26.3949524835], "crime": {"total": 136, "Other Offences Against the Person": 6, "Fraud": 3, "Handling Stolen Goods": 2, "Robbery": 1, "Unlawful Entry": 16, "Unlawful Use of Motor Vehicle": 10, "Traffic and Related Offences": 23, "Other Theft (excl. Unlawful Entry)": 24, "Good Order Offences": 11, "Drug Offences": 15, "Assault": 12, "Other Property Damage": 11, "Weapons Act Offences": 2}, "borders": [{"name": "Noosa Heads", "key": "noosa-heads", "cr": 28}, {"name": "Sunrise Beach", "key": "sunrise-beach", "cr": 8}], "polygon": [[153.1138340831, -26.4008467942], [153.1153039783, -26.3958944976], [153.109931916, -26.3949524835], [153.1096974611, -26.4008545429], [153.1029760242, -26.3999218866], [153.1026832461, -26.4015799686], [153.1001755297, -26.4001647681], [153.097582221, -26.4031278566], [153.0970553011, -26.4060638696], [153.0943799689, -26.4072526917], [153.0965040922, -26.4069973379], [153.0972043648, -26.4106025323], [153.1010016352, -26.4106120169], [153.1020772085, -26.4063819796], [153.1069762111, -26.4094989896], [153.1095062792, -26.412309967], [153.1114372313, -26.4126488045], [153.1138340831, -26.4008467942]]}