{"name": "Svensson Heights", "key": "svensson-heights", "pops": 3203, "cr": 12, "bounds": [152.3225484788, -24.9039840028, 152.3446931466, -24.8772725463], "crime": {"total": 192, "Traffic and Related Offences": 26, "Unlawful Entry": 9, "Other Property Damage": 34, "Weapons Act Offences": 5, "Good Order Offences": 20, "Unlawful Use of Motor Vehicle": 4, "Assault": 22, "Drug Offences": 32, "Other Theft (excl. Unlawful Entry)": 26, "Trespassing and Vagrancy": 2, "Fraud": 3, "Other Offences Against the Person": 4, "Handling Stolen Goods": 4, "Arson": 1}, "borders": [{"name": "Bundaberg West", "key": "bundaberg-west", "cr": 38}, {"name": "Kensington", "key": "kensington", "cr": 29}, {"name": "Millbank", "key": "millbank", "cr": 10}, {"name": "Norville", "key": "norville", "cr": 16}], "polygon": [[152.3432503641, -24.8807265162], [152.3425737843, -24.8806336671], [152.3428361565, -24.879010044], [152.3301088586, -24.8772725463], [152.3225484788, -24.8859510496], [152.3325626627, -24.900423117], [152.3342783824, -24.9039840028], [152.3371903151, -24.9001807496], [152.3354321942, -24.8967108354], [152.3340288848, -24.8961582035], [152.3342655972, -24.8941612393], [152.3354393467, -24.8931681961], [152.3355746791, -24.8908483237], [152.3332154229, -24.8895777166], [152.3338043541, -24.8892007694], [152.3331258297, -24.8886587992], [152.33521761, -24.888947688], [152.3356482983, -24.8862970918], [152.339771539, -24.8868566602], [152.3431467935, -24.8863865808], [152.3446931466, -24.8818351403], [152.3432503641, -24.8807265162]]}