{"name": "Taigum", "key": "taigum", "pops": 6495, "cr": 10, "bounds": [153.0343928114, -27.3521791697, 153.0554709658, -27.331063807], "crime": {"total": 418, "Other Theft (excl. Unlawful Entry)": 193, "Unlawful Entry": 22, "Drug Offences": 43, "Weapons Act Offences": 5, "Good Order Offences": 16, "Traffic and Related Offences": 30, "Assault": 36, "Fraud": 24, "Other Offences Against the Person": 5, "Handling Stolen Goods": 4, "Unlawful Use of Motor Vehicle": 14, "Other Property Damage": 22, "Liquor (excl. Drunkenness)": 1, "Other Homicide": 1, "Robbery": 1, "Trespassing and Vagrancy": 1}, "borders": [{"name": "Boondall", "key": "boondall", "cr": 11}, {"name": "Deagon", "key": "deagon", "cr": 10}, {"name": "Fitzgibbon", "key": "fitzgibbon", "cr": 9}, {"name": "Zillmere", "key": "zillmere", "cr": 21}], "polygon": [[153.0480317771, -27.3313628063], [153.0459909141, -27.33130797], [153.0423309058, -27.3357260227], [153.0405611247, -27.3366080523], [153.0411710292, -27.3381408527], [153.0400940627, -27.3383685201], [153.0397440493, -27.3395259827], [153.0402601734, -27.3431916013], [153.0379512161, -27.3434920907], [153.038975738, -27.344756186], [153.0352842435, -27.3466363028], [153.0355005935, -27.3480607197], [153.0343928114, -27.3487283066], [153.0350964516, -27.3495416492], [153.0526336804, -27.3521791697], [153.0554709658, -27.3362800255], [153.0543633848, -27.3350349814], [153.0522372648, -27.3345909119], [153.0493726507, -27.33130005], [153.0480317771, -27.3313628063]]}