{"name": "Tallai", "key": "tallai", "pops": 4150, "cr": 5, "bounds": [153.2955916598, -28.0839283317, 153.3548065126, -28.0410523713], "crime": {"total": 98, "Other Theft (excl. Unlawful Entry)": 22, "Unlawful Entry": 9, "Unlawful Use of Motor Vehicle": 14, "Drug Offences": 16, "Fraud": 2, "Traffic and Related Offences": 5, "Other Property Damage": 11, "Assault": 14, "Other Offences Against the Person": 2, "Weapons Act Offences": 1, "Good Order Offences": 2}, "borders": [{"name": "Advancetown", "key": "advancetown", "cr": 12}, {"name": "Gilston", "key": "gilston", "cr": 6}, {"name": "Mudgeeraba", "key": "mudgeeraba", "cr": 8}, {"name": "Worongary", "key": "worongary", "cr": 9}], "polygon": [[153.3064936548, -28.0425241366], [153.2967480347, -28.0410523713], [153.2955916598, -28.0469790101], [153.2978274673, -28.047317341], [153.2972730771, -28.0501463711], [153.2996292412, -28.0504988059], [153.2987086996, -28.0553276092], [153.3018878028, -28.0558045357], [153.3013060987, -28.0588348135], [153.3032989129, -28.0586976781], [153.3066924363, -28.0569798201], [153.3094805703, -28.0587666482], [153.3136979938, -28.0657821819], [153.313557148, -28.0670654029], [153.3161534593, -28.0712299794], [153.3184752017, -28.0776971057], [153.3223567903, -28.0791558996], [153.3219328299, -28.0814125612], [153.3388824016, -28.0839283317], [153.344212316, -28.0808998495], [153.3506211042, -28.0801376253], [153.3529972211, -28.070872806], [153.3541020527, -28.0702259839], [153.3545664698, -28.0623048097], [153.3496351391, -28.0604726747], [153.3431105763, -28.0632740781], [153.3384191841, -28.0597949177], [153.3316199332, -28.0591837093], [153.3292512447, -28.0578099266], [153.3278096244, -28.0547181517], [153.3254973814, -28.05258587], [153.3183126524, -28.0480713397], [153.3122494444, -28.0454201326], [153.310729295, -28.0431737155], [153.30813241, -28.0427720621], [153.3076330498, -28.0412403345], [153.3064936548, -28.0425241366]]}