{"name": "Taranganba", "key": "taranganba", "pops": 2276, "cr": 13, "bounds": [150.7455124632, -23.1594740078, 150.7632999122, -23.1386781931], "crime": {"total": 99, "Traffic and Related Offences": 14, "Other Theft (excl. Unlawful Entry)": 15, "Assault": 10, "Unlawful Use of Motor Vehicle": 6, "Drug Offences": 11, "Unlawful Entry": 25, "Other Property Damage": 7, "Weapons Act Offences": 2, "Fraud": 4, "Good Order Offences": 3, "Other Offences Against the Person": 2}, "borders": [{"name": "Cooee Bay", "key": "cooee-bay", "cr": 9}, {"name": "Lammermoor", "key": "lammermoor", "cr": 7}, {"name": "Taroomball", "key": "taroomball", "cr": 9}, {"name": "Yeppoon", "key": "yeppoon", "cr": 28}], "polygon": [[150.7566407025, -23.1440547109], [150.7544826493, -23.1397386044], [150.7517768443, -23.1386781931], [150.7515821755, -23.1401575804], [150.7495428771, -23.1413788348], [150.7514955997, -23.1425242946], [150.7515373603, -23.1433262751], [150.7455124632, -23.1444853023], [150.7466529682, -23.1471907273], [150.7476611659, -23.1473095864], [150.7476049811, -23.1527784392], [150.7485723719, -23.1547438204], [150.7481096461, -23.1558636352], [150.7501212955, -23.1549207866], [150.7527928576, -23.1549441889], [150.7583409026, -23.1594740078], [150.7603463456, -23.1571894661], [150.7613166124, -23.1578763798], [150.7632999122, -23.155857861], [150.7623705566, -23.1525361463], [150.7586170509, -23.148200877], [150.7566407025, -23.1440547109]]}