{"name": "Taringa", "key": "taringa", "pops": 8376, "cr": 6, "bounds": [152.9657060206, -27.5035768896, 152.9932517484, -27.4868673831], "crime": {"total": 224, "Traffic and Related Offences": 15, "Other Theft (excl. Unlawful Entry)": 69, "Unlawful Entry": 50, "Fraud": 13, "Miscellaneous Offences": 3, "Drug Offences": 24, "Other Property Damage": 15, "Unlawful Use of Motor Vehicle": 11, "Good Order Offences": 6, "Weapons Act Offences": 3, "Robbery": 3, "Other Offences Against the Person": 5, "Assault": 5, "Handling Stolen Goods": 1, "Trespassing and Vagrancy": 1}, "borders": [{"name": "Indooroopilly", "key": "indooroopilly", "cr": 13}, {"name": "St Lucia", "key": "st-lucia", "cr": 5}, {"name": "Toowong", "key": "toowong", "cr": 13}], "polygon": [[152.9731524661, -27.4884348288], [152.9662368149, -27.4868673831], [152.9657060206, -27.4896816462], [152.9679232091, -27.490010418], [152.9686622098, -27.4912812486], [152.967828244, -27.4929103777], [152.9720600471, -27.4932845831], [152.9763402492, -27.494703427], [152.9774811417, -27.4932283759], [152.9783116654, -27.495312117], [152.9803284481, -27.4967706278], [152.9850228429, -27.4972761348], [152.9857816398, -27.4990598708], [152.9848207012, -27.4994974881], [152.9872477055, -27.4998759702], [152.9866907224, -27.5027265921], [152.9900826141, -27.5035768896], [152.9918043464, -27.4996613562], [152.9904356301, -27.4974894002], [152.9932517484, -27.4931638166], [152.9883018434, -27.4921620637], [152.9882543683, -27.4912748411], [152.9871424213, -27.490870975], [152.9875524715, -27.4896917269], [152.9845293015, -27.4879391044], [152.9826785997, -27.4893172309], [152.9828223437, -27.4883841127], [152.9820657745, -27.4882693738], [152.9787993133, -27.4880582541], [152.97805015, -27.4892789647], [152.9760162532, -27.4889162704], [152.975669533, -27.4878630862], [152.9731524661, -27.4884348288]]}