{"name": "Texas", "key": "texas", "pops": 843, "cr": 22, "bounds": [151.1187609062, -28.9088029936, 151.2582068518, -28.7983112112], "crime": {"total": 88, "Other Theft (excl. Unlawful Entry)": 9, "Traffic and Related Offences": 18, "Other Property Damage": 10, "Assault": 11, "Weapons Act Offences": 2, "Drug Offences": 17, "Good Order Offences": 9, "Unlawful Use of Motor Vehicle": 2, "Liquor (excl. Drunkenness)": 1, "Unlawful Entry": 5, "Fraud": 1, "Other Homicide": 1, "Other Offences Against the Person": 1, "Trespassing and Vagrancy": 1}, "borders": [{"name": "Limevale", "key": "limevale", "cr": 1}, {"name": "Silver Spur", "key": "silver-spur", "cr": 4}, {"name": "Smithlea", "key": "smithlea", "cr": 0}], "polygon": [[151.1514645368, -28.7983112112], [151.1543287709, -28.8033204153], [151.1406752542, -28.8018341735], [151.1399897709, -28.807159625], [151.1248701587, -28.8057753742], [151.1187609062, -28.8509213403], [151.1251494065, -28.850556016], [151.1307320073, -28.8591727838], [151.1391523108, -28.8630094454], [151.1409563869, -28.8627908751], [151.1420620084, -28.8608273044], [151.1435741857, -28.8601488173], [151.1516165957, -28.8654387593], [151.1610653624, -28.8653798774], [151.162819311, -28.8671427444], [151.1630268693, -28.8703276291], [151.1708531231, -28.8770913184], [151.1719317511, -28.8796384633], [151.1729848236, -28.8803021386], [151.1784423366, -28.8804488927], [151.1810162514, -28.8786897585], [151.1840001345, -28.8782202229], [151.1966570169, -28.8837158456], [151.1995896846, -28.8842544258], [151.20299986, -28.8871730268], [151.2038565278, -28.8894126415], [151.2067728117, -28.8919786811], [151.2070074677, -28.8983364403], [151.2138409838, -28.9035599977], [151.2206543535, -28.906844601], [151.2284490094, -28.9086831883], [151.2312027365, -28.9082114995], [151.2341043204, -28.9042203501], [151.2382945418, -28.9026534334], [151.2352926359, -28.8964273706], [151.2401423082, -28.889668636], [151.2424833179, -28.8889215887], [151.2493817359, -28.8896599263], [151.2522307485, -28.8876376227], [151.2533110455, -28.8848536089], [151.2506654635, -28.8824608326], [151.2463605702, -28.8748219535], [151.2469673231, -28.8713451326], [151.2427350506, -28.8708736748], [151.2408366799, -28.8695149645], [151.2459797859, -28.8579818383], [151.2462358177, -28.8532862961], [151.2413441688, -28.8466646373], [151.2403591052, -28.8384806365], [151.2422113493, -28.8330873698], [151.2491054088, -28.8315261379], [151.2533544451, -28.8293346539], [151.2548059672, -28.8216431066], [151.2582068518, -28.8185443506], [151.2574642003, -28.8105034158], [151.1514645368, -28.7983112112]]}