{"name": "Theodore", "key": "theodore", "pops": 438, "cr": 20, "bounds": [150.0663628876, -24.957785368, 150.0843291506, -24.9336664453], "crime": {"total": 40, "Unlawful Entry": 4, "Unlawful Use of Motor Vehicle": 1, "Traffic and Related Offences": 15, "Assault": 5, "Other Theft (excl. Unlawful Entry)": 4, "Drug Offences": 2, "Good Order Offences": 9}, "borders": [{"name": "Isla", "key": "isla", "cr": 0}, {"name": "Lonesome Creek", "key": "lonesome-creek", "cr": 3}], "polygon": [[150.0815655142, -24.942322433], [150.0820613801, -24.9400492609], [150.0790770873, -24.9336664453], [150.0663628876, -24.9372409359], [150.0693672523, -24.9392483458], [150.0715619698, -24.9427991137], [150.073085852, -24.9488165304], [150.0735183582, -24.957785368], [150.0761475563, -24.9520582035], [150.0787419379, -24.9541089833], [150.0813734084, -24.9502222911], [150.082307592, -24.9502966255], [150.0842533335, -24.9482861608], [150.081927985, -24.9457445443], [150.0815655142, -24.942322433]]}