{"name": "Thorneside", "key": "thorneside", "pops": 3761, "cr": 5, "bounds": [153.1866267323, -27.4924081638, 153.2124537751, -27.4712056518], "crime": {"total": 99, "Other Property Damage": 12, "Drug Offences": 26, "Handling Stolen Goods": 3, "Other Theft (excl. Unlawful Entry)": 20, "Traffic and Related Offences": 8, "Assault": 5, "Unlawful Use of Motor Vehicle": 5, "Unlawful Entry": 9, "Good Order Offences": 2, "Fraud": 3, "Trespassing and Vagrancy": 3, "Other Offences Against the Person": 3}, "borders": [{"name": "Birkdale", "key": "birkdale", "cr": 5}, {"name": "Lota", "key": "lota", "cr": 4}, {"name": "Ransome", "key": "ransome", "cr": 9}], "polygon": [[153.2097670436, -27.4825841412], [153.2105468214, -27.4789947122], [153.2067401111, -27.4775518999], [153.2052182183, -27.4732023403], [153.2025417015, -27.47133293], [153.1979190782, -27.4712056518], [153.1971246377, -27.4741349965], [153.1970783994, -27.4811378196], [153.1881107315, -27.4840492755], [153.1866767332, -27.4875342399], [153.1963994503, -27.4889337197], [153.2015373856, -27.4914720207], [153.2087991238, -27.4924081638], [153.2083189189, -27.4910482466], [153.2124537751, -27.4898865968], [153.2112685293, -27.4850981012], [153.2097670436, -27.4825841412]]}