{"name": "Thursday Island", "key": "thursday-island", "pops": 2938, "cr": 30, "bounds": [142.196102269, -10.6010814384, 142.2786487415, -10.5340283886], "crime": {"total": 317, "Fraud": 4, "Other Property Damage": 57, "Assault": 59, "Unlawful Entry": 54, "Good Order Offences": 16, "Other Theft (excl. Unlawful Entry)": 40, "Drug Offences": 14, "Traffic and Related Offences": 30, "Other Offences Against the Person": 11, "Unlawful Use of Motor Vehicle": 12, "Trespassing and Vagrancy": 11, "Liquor (excl. Drunkenness)": 1, "Handling Stolen Goods": 1, "Weapons Act Offences": 1, "Miscellaneous Offences": 4, "Robbery": 2}, "borders": [{"name": "Horn", "key": "horn", "cr": 43}, {"name": "Prince Of Wales", "key": "prince-of-wales", "cr": 21}], "polygon": [[142.2406749874, -10.5803772807], [142.2786487415, -10.5541739389], [142.2779156789, -10.5340283886], [142.2466880381, -10.5340716839], [142.2201750949, -10.5680196434], [142.1997861788, -10.5793482438], [142.196102269, -10.5887645707], [142.2087716833, -10.591095686], [142.2238690332, -10.6010814384], [142.2406749874, -10.5803772807]]}