{"name": "Thuringowa Central", "key": "thuringowa-central", "pops": 2023, "cr": 56, "bounds": [146.7196330354, -19.3230134025, 146.7371168137, -19.302730985], "crime": {"total": 573, "Weapons Act Offences": 10, "Drug Offences": 57, "Other Theft (excl. Unlawful Entry)": 186, "Fraud": 19, "Robbery": 6, "Unlawful Entry": 70, "Unlawful Use of Motor Vehicle": 16, "Assault": 76, "Traffic and Related Offences": 37, "Other Property Damage": 39, "Good Order Offences": 40, "Trespassing and Vagrancy": 5, "Other Offences Against the Person": 4, "Handling Stolen Goods": 4, "Miscellaneous Offences": 1, "Arson": 2, "Liquor (excl. Drunkenness)": 1}, "borders": [{"name": "Condon", "key": "condon", "cr": 29}, {"name": "Douglas - Townsville", "key": "douglas-townsville", "cr": 26}, {"name": "Kirwan", "key": "kirwan", "cr": 27}], "polygon": [[146.7286263704, -19.3166038617], [146.7296886295, -19.3126277402], [146.7345854044, -19.3035061434], [146.727148883, -19.302730985], [146.7227284685, -19.3109093532], [146.7252357528, -19.3185533732], [146.7199192494, -19.319797121], [146.7196330354, -19.3221215978], [146.7248201445, -19.322623536], [146.7250604406, -19.3205260709], [146.7276013047, -19.3211646676], [146.7280369475, -19.3206563964], [146.727812916, -19.3227034956], [146.729037486, -19.3230134025], [146.7371168137, -19.3156064525], [146.73490531, -19.3148906976], [146.7285565287, -19.3172831163], [146.7286263704, -19.3166038617]]}