{"name": "Tieri", "key": "tieri", "pops": 1129, "cr": 5, "bounds": [148.3274443299, -23.0484052151, 148.379398413, -23.0151508898], "crime": {"total": 22, "Unlawful Entry": 2, "Unlawful Use of Motor Vehicle": 1, "Arson": 2, "Traffic and Related Offences": 7, "Other Theft (excl. Unlawful Entry)": 1, "Good Order Offences": 2, "Drug Offences": 5, "Assault": 2}, "borders": [{"name": "Lilyvale - Central Highlands", "key": "lilyvale-central-highlands", "cr": 5}], "polygon": [[148.3380478472, -23.0202975348], [148.3379961699, -23.0151508898], [148.3331186548, -23.0151927844], [148.3332981467, -23.0332524106], [148.3274443299, -23.0333017334], [148.3276030868, -23.0449391156], [148.3510232791, -23.0422889143], [148.3681918755, -23.0484052151], [148.379398413, -23.0429010764], [148.3653493598, -23.0212341696], [148.3387424871, -23.0214654878], [148.3380478472, -23.0202975348]]}