{"name": "Toogoom", "key": "toogoom", "pops": 2178, "cr": 8, "bounds": [152.6557386443, -25.2749767751, 152.728582181, -25.2331316397], "crime": {"total": 66, "Other Theft (excl. Unlawful Entry)": 8, "Unlawful Entry": 7, "Good Order Offences": 3, "Drug Offences": 9, "Handling Stolen Goods": 1, "Other Property Damage": 6, "Traffic and Related Offences": 13, "Assault": 10, "Fraud": 3, "Miscellaneous Offences": 1, "Unlawful Use of Motor Vehicle": 1, "Other Offences Against the Person": 1, "Weapons Act Offences": 1, "Arson": 2}, "borders": [{"name": "Beelbi Creek", "key": "beelbi-creek", "cr": 8}, {"name": "Burrum Heads", "key": "burrum-heads", "cr": 9}, {"name": "Craignish", "key": "craignish", "cr": 6}, {"name": "Takura", "key": "takura", "cr": 14}], "polygon": [[152.6801111028, -25.2387077585], [152.6693196371, -25.2331316397], [152.6684749201, -25.2414018586], [152.6653601676, -25.245440051], [152.663600184, -25.2455830574], [152.6604141295, -25.2424087822], [152.6576997489, -25.2431093827], [152.6580910385, -25.2453045398], [152.6620688364, -25.249173142], [152.6612078026, -25.2522861585], [152.6623760015, -25.2555838302], [152.6613652334, -25.2600754872], [152.6622414663, -25.2637150958], [152.6591167301, -25.2645528018], [152.6580483392, -25.2620736733], [152.6567976773, -25.2618322521], [152.6557386443, -25.2634223923], [152.6571554691, -25.2660919502], [152.6567933708, -25.268132925], [152.6645849198, -25.2673315257], [152.6636359394, -25.2669008076], [152.6661350355, -25.2638401613], [152.6665997729, -25.2610517293], [152.6687506735, -25.2598905861], [152.6777346805, -25.2610221282], [152.6774147227, -25.2629398182], [152.6936397105, -25.2651912794], [152.6922189593, -25.272811465], [152.7024777383, -25.2742206007], [152.7090549171, -25.2749767751], [152.7095152512, -25.2716535926], [152.7111085206, -25.2702104896], [152.7110643536, -25.2712556645], [152.7102706507, -25.2715082318], [152.7111639604, -25.2723203972], [152.7120980397, -25.2722958028], [152.71190916, -25.2714699879], [152.7128159404, -25.270673573], [152.7149107903, -25.2705861554], [152.7149275839, -25.269602336], [152.7186935544, -25.269412607], [152.7181454822, -25.2709744349], [152.7197584808, -25.2711483687], [152.7206944078, -25.2676768228], [152.7216210961, -25.267721422], [152.7215859294, -25.269040063], [152.7229782343, -25.2697899714], [152.7243414223, -25.2684317529], [152.7284710929, -25.2669587582], [152.7257248014, -25.2668948919], [152.725211367, -25.2643646598], [152.7276527733, -25.2613076866], [152.7267821133, -25.2602199987], [152.7284043133, -25.2593762949], [152.7276098877, -25.2566105053], [152.728582181, -25.2561103553], [152.7046125978, -25.250272058], [152.6801111028, -25.2387077585]]}