{"name": "Toolooa", "key": "toolooa", "pops": 944, "cr": 40, "bounds": [151.2589856535, -23.8942439407, 151.2799161896, -23.8751381785], "crime": {"total": 176, "Traffic and Related Offences": 40, "Drug Offences": 32, "Good Order Offences": 19, "Other Property Damage": 29, "Unlawful Use of Motor Vehicle": 2, "Assault": 11, "Other Offences Against the Person": 2, "Other Theft (excl. Unlawful Entry)": 13, "Unlawful Entry": 13, "Weapons Act Offences": 4, "Fraud": 7, "Trespassing and Vagrancy": 2, "Handling Stolen Goods": 2}, "borders": [{"name": "Glen Eden", "key": "glen-eden", "cr": 9}, {"name": "South Gladstone", "key": "south-gladstone", "cr": 24}, {"name": "Sun Valley", "key": "sun-valley", "cr": 15}, {"name": "Telina", "key": "telina", "cr": 6}], "polygon": [[151.2762119025, -23.8751381785], [151.2685158476, -23.8755714148], [151.2670092359, -23.8767164275], [151.2662588879, -23.8786252066], [151.2651984096, -23.87773332], [151.2650070488, -23.8762348071], [151.2600601315, -23.8775835931], [151.2589856535, -23.8838504553], [151.2605449781, -23.889250055], [151.2607157901, -23.8897909001], [151.2636388317, -23.8894521743], [151.2641443387, -23.8901894391], [151.2634803653, -23.8905759975], [151.2645362467, -23.8921098188], [151.2641807273, -23.8933983073], [151.2652234286, -23.8942439407], [151.2799161896, -23.8858337328], [151.2775400653, -23.8840594813], [151.2776347548, -23.8787418604], [151.2762119025, -23.8751381785]]}