{"name": "Toomulla", "key": "toomulla", "pops": 183, "cr": 26, "bounds": [146.4479235262, -19.0898469761, 146.4771772847, -19.0703768283], "crime": {"total": 20, "Traffic and Related Offences": 7, "Assault": 3, "Other Theft (excl. Unlawful Entry)": 1, "Unlawful Use of Motor Vehicle": 1, "Other Property Damage": 4, "Weapons Act Offences": 1, "Drug Offences": 3}, "borders": [{"name": "Coral Sea - Townsville", "key": "coral-sea-townsville", "cr": 19}], "polygon": [[146.4510465786, -19.0717176348], [146.4501528889, -19.0703768283], [146.4490210116, -19.0711966306], [146.4481859654, -19.0788185447], [146.4667189941, -19.0853250697], [146.470992133, -19.0898469761], [146.4714410156, -19.0870087296], [146.4744373485, -19.0857783854], [146.4771476537, -19.08295618], [146.4740116447, -19.0787143037], [146.4694077, -19.0752147809], [146.4681046233, -19.0757587701], [146.4613947049, -19.0749713928], [146.457340613, -19.0758802965], [146.4510465786, -19.0717176348]]}