{"name": "Torquay", "key": "torquay", "pops": 6316, "cr": 31, "bounds": [152.8587618843, -25.3029051349, 152.8869061917, -25.2801788449], "crime": {"total": 923, "Traffic and Related Offences": 103, "Good Order Offences": 116, "Unlawful Use of Motor Vehicle": 25, "Assault": 79, "Other Property Damage": 83, "Other Offences Against the Person": 11, "Drug Offences": 109, "Unlawful Entry": 113, "Other Theft (excl. Unlawful Entry)": 181, "Trespassing and Vagrancy": 25, "Handling Stolen Goods": 12, "Fraud": 37, "Weapons Act Offences": 15, "Liquor (excl. Drunkenness)": 3, "Miscellaneous Offences": 3, "Arson": 2, "Robbery": 6}, "borders": [{"name": "Kawungan", "key": "kawungan", "cr": 12}, {"name": "Scarness", "key": "scarness", "cr": 29}, {"name": "Urangan", "key": "urangan", "cr": 21}, {"name": "Wondunna", "key": "wondunna", "cr": 8}], "polygon": [[152.886740528, -25.2813033611], [152.8869061917, -25.2801788449], [152.8745482117, -25.2824432552], [152.8709711581, -25.2825244889], [152.8653234243, -25.2807195187], [152.8618518487, -25.2816272974], [152.8587618843, -25.3007213771], [152.8748102114, -25.3029051349], [152.8767151237, -25.2909803763], [152.8850279227, -25.2920689359], [152.886740528, -25.2813033611]]}