{"name": "Trinity Beach", "key": "trinity-beach", "pops": 5488, "cr": 13, "bounds": [145.6802023053, -16.8120755553, 145.7151319832, -16.7720041275], "crime": {"total": 272, "Other Offences Against the Person": 4, "Robbery": 3, "Unlawful Entry": 41, "Unlawful Use of Motor Vehicle": 10, "Other Theft (excl. Unlawful Entry)": 45, "Other Property Damage": 37, "Handling Stolen Goods": 3, "Assault": 27, "Traffic and Related Offences": 21, "Drug Offences": 27, "Miscellaneous Offences": 3, "Fraud": 26, "Good Order Offences": 12, "Arson": 2, "Trespassing and Vagrancy": 5, "Weapons Act Offences": 5, "Liquor (excl. Drunkenness)": 1}, "borders": [{"name": "Coral Sea - Cairns", "key": "coral-sea-cairns", "cr": 0}, {"name": "Kewarra Beach", "key": "kewarra-beach", "cr": 7}, {"name": "Smithfield", "key": "smithfield", "cr": 26}, {"name": "Trinity Park", "key": "trinity-park", "cr": 10}], "polygon": [[145.707664147, -16.7823657617], [145.7041290626, -16.7721382007], [145.6923814714, -16.7720041275], [145.6921285391, -16.78036239], [145.6930330694, -16.7813925743], [145.6904159561, -16.783661522], [145.6922081113, -16.7857800797], [145.6806631386, -16.7948465049], [145.6821872294, -16.7959295064], [145.6802023053, -16.7965776473], [145.6891029626, -16.8120755553], [145.6929794699, -16.811301142], [145.6925571933, -16.8095898852], [145.6984874532, -16.804960303], [145.698053807, -16.8035414517], [145.7031803057, -16.8013648391], [145.7049827129, -16.8023451269], [145.7106083781, -16.7977340817], [145.7151319832, -16.7923542112], [145.707664147, -16.7823657617]]}