{"name": "Trinity Park", "key": "trinity-park", "pops": 3105, "cr": 10, "bounds": [145.6925571933, -16.8214064389, 145.7179722935, -16.7923542112], "crime": {"total": 134, "Traffic and Related Offences": 13, "Drug Offences": 37, "Assault": 13, "Other Theft (excl. Unlawful Entry)": 17, "Unlawful Entry": 24, "Other Property Damage": 9, "Other Offences Against the Person": 5, "Handling Stolen Goods": 3, "Fraud": 3, "Unlawful Use of Motor Vehicle": 3, "Robbery": 1, "Weapons Act Offences": 2, "Trespassing and Vagrancy": 3, "Good Order Offences": 1}, "borders": [{"name": "Coral Sea - Cairns", "key": "coral-sea-cairns", "cr": 0}, {"name": "Smithfield", "key": "smithfield", "cr": 26}, {"name": "Trinity Beach", "key": "trinity-beach", "cr": 13}, {"name": "Yorkeys Knob", "key": "yorkeys-knob", "cr": 20}], "polygon": [[145.7179722935, -16.794369489], [145.7151319832, -16.7923542112], [145.7106083781, -16.7977340817], [145.7049827129, -16.8023451269], [145.7031803057, -16.8013648391], [145.698053807, -16.8035414517], [145.6984874532, -16.804960303], [145.6925571933, -16.8095898852], [145.693023473, -16.8114794567], [145.7000590786, -16.8122922927], [145.6996635646, -16.8157700673], [145.7071328983, -16.817339614], [145.7070115581, -16.8195054606], [145.7075211853, -16.8210522234], [145.7084638104, -16.8214064389], [145.7089663148, -16.8171649352], [145.7160832658, -16.8177710623], [145.714951776, -16.8166399151], [145.715239808, -16.8153907284], [145.7141614184, -16.8168403581], [145.7135437801, -16.8160602972], [145.7150605991, -16.8139393032], [145.7130787522, -16.8138904274], [145.7119992971, -16.8126904219], [145.712565653, -16.8108891025], [145.7140066251, -16.8117225245], [145.7147323862, -16.8107341826], [145.7134184018, -16.8095498234], [145.7112817019, -16.8103260994], [145.7099248767, -16.8083272204], [145.7109520584, -16.8063863069], [145.7131276354, -16.8068421409], [145.7135408595, -16.8063219264], [145.7128624842, -16.8019870296], [145.7144612372, -16.801804103], [145.7179722935, -16.794369489]]}