{"name": "Trunding", "key": "trunding", "pops": 962, "cr": 16, "bounds": [141.8645302206, -12.6429645047, 141.8903722167, -12.622497797], "crime": {"total": 60, "Good Order Offences": 7, "Drug Offences": 2, "Traffic and Related Offences": 25, "Assault": 13, "Weapons Act Offences": 2, "Unlawful Entry": 4, "Other Property Damage": 2, "Other Theft (excl. Unlawful Entry)": 3, "Trespassing and Vagrancy": 1, "Liquor (excl. Drunkenness)": 1}, "borders": [{"name": "Rocky Point - Weipa Town", "key": "rocky-point-weipa-town", "cr": 13}, {"name": "Nanum", "key": "nanum", "cr": 10}], "polygon": [[141.8751659244, -12.6287820935], [141.8741084859, -12.6287374124], [141.8736656159, -12.622497797], [141.864745982, -12.6285199374], [141.8646929637, -12.631788373], [141.866311349, -12.6323412731], [141.868522495, -12.6351473257], [141.8681764007, -12.6359848604], [141.866420716, -12.6365542933], [141.865559563, -12.6423387527], [141.8717017323, -12.6429645047], [141.8772722855, -12.642040804], [141.8800247461, -12.6401217356], [141.8900109008, -12.6400903016], [141.8903722167, -12.6355254203], [141.8831427246, -12.6358301863], [141.8803901076, -12.6368517578], [141.8794526607, -12.6352657154], [141.8785934821, -12.6358176619], [141.8778965995, -12.635090135], [141.8777557984, -12.6358272582], [141.876904428, -12.6358170807], [141.8789283931, -12.6293315664], [141.8757589385, -12.629538089], [141.8761124238, -12.6287874877], [141.8751659244, -12.6287820935]]}