{"name": "Tugun", "key": "tugun", "pops": 6588, "cr": 13, "bounds": [153.4798294231, -28.1608294472, 153.5030882806, -28.1369020492], "crime": {"total": 452, "Other Theft (excl. Unlawful Entry)": 208, "Assault": 29, "Drug Offences": 24, "Unlawful Use of Motor Vehicle": 38, "Traffic and Related Offences": 43, "Other Property Damage": 30, "Unlawful Entry": 43, "Weapons Act Offences": 3, "Fraud": 15, "Other Offences Against the Person": 3, "Good Order Offences": 9, "Handling Stolen Goods": 3, "Miscellaneous Offences": 2, "Liquor (excl. Drunkenness)": 1, "Robbery": 1}, "borders": [{"name": "Bilinga", "key": "bilinga", "cr": 26}, {"name": "Currumbin", "key": "currumbin", "cr": 15}, {"name": "Currumbin Waters", "key": "currumbin-waters", "cr": 9}], "polygon": [[153.4883822426, -28.1389320418], [153.4893321544, -28.1384334937], [153.4885569364, -28.1375884861], [153.4859713465, -28.1370287538], [153.4853644967, -28.140094623], [153.4864064157, -28.1418701038], [153.4855117872, -28.1428738013], [153.4863154143, -28.1434325203], [153.4839623496, -28.1452590823], [153.4798702523, -28.1458550543], [153.4802410528, -28.1507806703], [153.4819924533, -28.1528526321], [153.4860919937, -28.1549868211], [153.4858545065, -28.1570355296], [153.4953026175, -28.1608294472], [153.4953721017, -28.1589271799], [153.4939747676, -28.1559115723], [153.4966458306, -28.1530100778], [153.5009073392, -28.1503812224], [153.502050966, -28.151676923], [153.5030882806, -28.1509383917], [153.4989359379, -28.1465663016], [153.4930872768, -28.1374374628], [153.489886865, -28.139075093], [153.4883822426, -28.1389320418]]}