{"name": "Tully", "key": "tully", "pops": 2390, "cr": 24, "bounds": [145.9030181766, -17.9724116251, 145.9591447115, -17.9113010094], "crime": {"total": 293, "Traffic and Related Offences": 70, "Assault": 44, "Other Theft (excl. Unlawful Entry)": 32, "Good Order Offences": 49, "Unlawful Entry": 14, "Other Property Damage": 33, "Drug Offences": 25, "Fraud": 7, "Miscellaneous Offences": 10, "Unlawful Use of Motor Vehicle": 2, "Liquor (excl. Drunkenness)": 1, "Other Offences Against the Person": 3, "Trespassing and Vagrancy": 1, "Weapons Act Offences": 2}, "borders": [{"name": "Birkalla", "key": "birkalla", "cr": 23}, {"name": "Bulgun", "key": "bulgun", "cr": 6}, {"name": "Jarra Creek", "key": "jarra-creek", "cr": 6}, {"name": "Silky Oak", "key": "silky-oak", "cr": 15}], "polygon": [[145.9262723997, -17.9133338854], [145.9265792072, -17.912005797], [145.9191899151, -17.9113010094], [145.9169979915, -17.9381199405], [145.9149380028, -17.9379427209], [145.9139665067, -17.9468050525], [145.9043640941, -17.945880726], [145.9030181766, -17.9583375454], [145.9044932052, -17.9584854022], [145.9031166583, -17.9609131962], [145.914239727, -17.9618640468], [145.9140923023, -17.9629011527], [145.9208924845, -17.9634823576], [145.9211195186, -17.9651960656], [145.9198840111, -17.9662989751], [145.92024979, -17.9680876881], [145.9228274971, -17.9722357616], [145.9246684089, -17.9724116251], [145.9261141866, -17.9713449702], [145.924929902, -17.96708823], [145.9262049422, -17.9611749277], [145.9280788228, -17.9609773383], [145.9295741618, -17.9634214863], [145.9299410284, -17.9615185186], [145.9312621579, -17.960628666], [145.9320351854, -17.9615344256], [145.9316903725, -17.9633356109], [145.9330657125, -17.9640971199], [145.933714211, -17.9633730426], [145.9323135987, -17.9581689537], [145.9295161366, -17.9551048428], [145.9314983711, -17.9482003227], [145.9389224872, -17.9489069656], [145.9413079396, -17.9503371939], [145.9419414848, -17.9460292608], [145.9443819597, -17.9457451925], [145.9425477982, -17.9449344128], [145.9430078715, -17.940779984], [145.9443027824, -17.9409109876], [145.9452203289, -17.932562992], [145.9581909701, -17.9338577241], [145.9591447115, -17.9251080081], [145.9338492006, -17.9226856306], [145.9325396344, -17.9200624004], [145.9331782162, -17.9142217413], [145.9262723997, -17.9133338854]]}