{"name": "Turkey Beach", "key": "turkey-beach", "pops": 183, "cr": 10, "bounds": [151.6447347328, -24.0926273689, 151.6591623873, -24.0696773231], "crime": {"total": 12, "Other Theft (excl. Unlawful Entry)": 3, "Other Property Damage": 3, "Drug Offences": 4, "Handling Stolen Goods": 1, "Traffic and Related Offences": 1}, "borders": [{"name": "Eurimbula", "key": "eurimbula", "cr": 0}, {"name": "Rodds Bay", "key": "rodds-bay", "cr": 3}], "polygon": [[151.6591623873, -24.0827111006], [151.6557901874, -24.072491765], [151.6480770037, -24.0696773231], [151.6452728435, -24.0724735409], [151.6447347328, -24.0920760706], [151.6493799686, -24.0926273689], [151.6557892635, -24.0918731838], [151.6570875347, -24.0906539112], [151.6591623873, -24.0827111006]]}