{"name": "Twin Waters", "key": "twin-waters", "pops": 2687, "cr": 6, "bounds": [153.0740818828, -26.6438887864, 153.1022539958, -26.6163900197], "crime": {"total": 73, "Other Property Damage": 6, "Unlawful Use of Motor Vehicle": 7, "Unlawful Entry": 7, "Traffic and Related Offences": 10, "Other Theft (excl. Unlawful Entry)": 17, "Drug Offences": 14, "Other Offences Against the Person": 3, "Handling Stolen Goods": 1, "Fraud": 4, "Good Order Offences": 2, "Weapons Act Offences": 1, "Assault": 1}, "borders": [{"name": "Maroochydore", "key": "maroochydore", "cr": 21}, {"name": "Pacific Paradise", "key": "pacific-paradise", "cr": 11}], "polygon": [[153.0848620236, -26.6166464239], [153.0830354393, -26.6163900197], [153.0819450095, -26.6222918481], [153.0778810382, -26.6216829196], [153.0740818828, -26.6407352909], [153.0786194727, -26.6412410364], [153.0949905738, -26.6398283616], [153.1022539958, -26.6438887864], [153.1014547944, -26.640457429], [153.1011912227, -26.6287743449], [153.0995167494, -26.6287169978], [153.095555529, -26.6308820024], [153.0872344822, -26.6299630255], [153.088906996, -26.6209893599], [153.0911183953, -26.6213230789], [153.0913815722, -26.619908601], [153.0891699195, -26.6195770502], [153.0893694013, -26.6185026616], [153.091481559, -26.6188193485], [153.0917098746, -26.6175964549], [153.0848620236, -26.6166464239]]}