{"name": "Ugar Island", "key": "ugar-island", "pops": 85, "cr": 56, "bounds": [143.5415972695, -9.51076715439999, 143.5491914004, -9.504518047], "crime": {"total": 17, "Other Theft (excl. Unlawful Entry)": 2, "Unlawful Entry": 4, "Good Order Offences": 3, "Assault": 4, "Other Property Damage": 3, "Other Offences Against the Person": 1}, "borders": [{"name": "Coral Sea - Torres", "key": "coral-sea-torres", "cr": 0}], "polygon": [[143.5446697325, -9.504518047], [143.5415972695, -9.50850296020004], [143.5427817926, -9.5090283453], [143.543425858, -9.51076715439999], [143.5491292104, -9.50847747919997], [143.5485949218, -9.50618270779996], [143.5446697325, -9.504518047]]}