{"name": "Upper Caboolture", "key": "upper-caboolture", "pops": 4214, "cr": 7, "bounds": [152.8723390102, -27.1400062814, 152.9305891916, -27.0930310562], "crime": {"total": 113, "Assault": 9, "Other Property Damage": 16, "Traffic and Related Offences": 7, "Drug Offences": 21, "Other Theft (excl. Unlawful Entry)": 19, "Good Order Offences": 2, "Unlawful Use of Motor Vehicle": 8, "Trespassing and Vagrancy": 2, "Unlawful Entry": 17, "Fraud": 6, "Robbery": 1, "Weapons Act Offences": 1, "Other Offences Against the Person": 3, "Handling Stolen Goods": 1}, "borders": [{"name": "Bellmere", "key": "bellmere", "cr": 12}, {"name": "Moorina", "key": "moorina", "cr": 4}, {"name": "Morayfield", "key": "morayfield", "cr": 19}, {"name": "Rocksberg", "key": "rocksberg", "cr": 15}], "polygon": [[152.8983130306, -27.0975880623], [152.897671245, -27.0966502503], [152.8985237926, -27.0960820019], [152.8982864469, -27.0950410664], [152.8996736258, -27.0941305757], [152.8991619125, -27.0930635855], [152.8906727582, -27.0974767804], [152.8898117021, -27.1012146696], [152.887377888, -27.1015414223], [152.88457302, -27.1044941843], [152.8781589493, -27.1037260816], [152.87721356, -27.1089091226], [152.8730923533, -27.1083189249], [152.8723390102, -27.1129806563], [152.880525142, -27.1140366197], [152.8795567825, -27.1154394224], [152.8775776997, -27.126079917], [152.885318689, -27.1261051744], [152.8850553855, -27.1290229708], [152.8878161237, -27.1293944642], [152.8875709921, -27.130700469], [152.889891766, -27.134056136], [152.8928496167, -27.1332410574], [152.8916787207, -27.1397020668], [152.8985365108, -27.137220338], [152.9029004201, -27.1378432587], [152.9040260091, -27.1400062814], [152.9049905017, -27.1342703924], [152.9059925303, -27.1344102472], [152.9070089236, -27.128483139], [152.9062069431, -27.1283717602], [152.9072105289, -27.1258718893], [152.9083215296, -27.126258716], [152.9104095101, -27.1251434982], [152.9115210101, -27.1256503537], [152.912545234, -27.1248349473], [152.9128108025, -27.1232994273], [152.9176058024, -27.1206680983], [152.9201812223, -27.1173553243], [152.9238174409, -27.1185518354], [152.9240271971, -27.1175884008], [152.923857145, -27.1185575277], [152.9271712825, -27.1190156192], [152.9288766831, -27.1173481271], [152.9287275374, -27.1166846752], [152.9273973182, -27.1167753264], [152.9303493574, -27.1152544394], [152.9305891916, -27.1138872653], [152.9223295376, -27.1127276868], [152.9228223413, -27.1079404131], [152.9203261882, -27.1088384315], [152.9210494086, -27.1055070981], [152.9223086163, -27.1052190214], [152.9233735651, -27.1029753461], [152.9259217978, -27.1033449844], [152.9273276627, -27.1014577448], [152.9282578006, -27.1018677875], [152.9277560487, -27.1005985364], [152.9291302934, -27.0999633074], [152.9304212704, -27.1003775001], [152.9297918975, -27.0992444828], [152.9186251462, -27.0956497192], [152.9170314148, -27.0973141268], [152.9117577896, -27.0984131545], [152.9103672579, -27.0968188196], [152.911666587, -27.0952621326], [152.908962816, -27.0941136852], [152.9073192924, -27.0944673121], [152.9063618258, -27.0958081037], [152.9053013474, -27.0955500156], [152.9051385969, -27.0941589549], [152.9000430629, -27.0975532755], [152.8983130306, -27.0975880623]]}