{"name": "Urangan", "key": "urangan", "pops": 9764, "cr": 21, "bounds": [152.8712608069, -25.3266626, 152.9144928753, -25.2474749684], "crime": {"total": 1003, "Other Theft (excl. Unlawful Entry)": 254, "Other Property Damage": 104, "Unlawful Entry": 110, "Assault": 80, "Drug Offences": 117, "Good Order Offences": 72, "Unlawful Use of Motor Vehicle": 39, "Traffic and Related Offences": 121, "Weapons Act Offences": 17, "Handling Stolen Goods": 15, "Fraud": 39, "Trespassing and Vagrancy": 13, "Other Offences Against the Person": 13, "Miscellaneous Offences": 4, "Robbery": 4, "Arson": 1}, "borders": [{"name": "Booral", "key": "booral", "cr": 7}, {"name": "Great Sandy Strait", "key": "great-sandy-strait", "cr": 100}, {"name": "Torquay", "key": "torquay", "cr": 31}, {"name": "Wondunna", "key": "wondunna", "cr": 8}], "polygon": [[152.9064433277, -25.2763363793], [152.8976474181, -25.2610086799], [152.8934693933, -25.2580728009], [152.8867869079, -25.250847578], [152.8808808252, -25.2476629019], [152.8776221275, -25.2483819127], [152.8776455373, -25.2495043129], [152.8801616803, -25.2505269498], [152.8821967766, -25.2525430098], [152.884075813, -25.2565075085], [152.8870645836, -25.2596000955], [152.8882660344, -25.2626649514], [152.8909272924, -25.2650226206], [152.8952431679, -25.2753493935], [152.8962619379, -25.2762583941], [152.9000277817, -25.2769621313], [152.9054905027, -25.2801403776], [152.907011576, -25.2828313187], [152.9025567472, -25.2806909233], [152.8962194473, -25.2791266069], [152.8926304355, -25.2800666243], [152.8869061917, -25.2801788449], [152.8850279227, -25.2920689359], [152.8767151237, -25.2909803763], [152.8712608069, -25.3244781718], [152.8863810897, -25.3266626], [152.9020476043, -25.3245468438], [152.9037409425, -25.3240162656], [152.9050354585, -25.3224091083], [152.904568918, -25.3197866827], [152.9032086432, -25.3185351342], [152.9020821229, -25.3149707243], [152.899941951, -25.3148306161], [152.8989726007, -25.3137170523], [152.8987497911, -25.3121745288], [152.9005531818, -25.3095892072], [152.9004076049, -25.3066655025], [152.9074174538, -25.3000547364], [152.9068832472, -25.2984133363], [152.908930026, -25.2990019917], [152.9110521898, -25.2981804758], [152.9144928753, -25.2933408171], [152.9119325653, -25.2928020805], [152.9112099931, -25.2916700691], [152.9104055911, -25.2873890325], [152.9113942608, -25.287048243], [152.9104060903, -25.2873695493], [152.908562012, -25.2790474668], [152.9064433277, -25.2763363793]]}