{"name": "Victoria Point", "key": "victoria-point", "pops": 15020, "cr": 7, "bounds": [153.255493626, -27.6064610556, 153.3244099542, -27.5581325293], "crime": {"total": 706, "Other Theft (excl. Unlawful Entry)": 296, "Other Property Damage": 63, "Unlawful Entry": 50, "Fraud": 42, "Drug Offences": 79, "Good Order Offences": 31, "Traffic and Related Offences": 52, "Unlawful Use of Motor Vehicle": 19, "Weapons Act Offences": 8, "Other Offences Against the Person": 8, "Trespassing and Vagrancy": 7, "Assault": 41, "Handling Stolen Goods": 3, "Robbery": 5, "Arson": 1, "Miscellaneous Offences": 1}, "borders": [{"name": "Coochiemudlo Island", "key": "coochiemudlo-island", "cr": 5}, {"name": "Mount Cotton", "key": "mount-cotton", "cr": 6}, {"name": "Redland Bay", "key": "redland-bay", "cr": 7}, {"name": "Thornlands", "key": "thornlands", "cr": 4}], "polygon": [[153.314152956, -27.5704296306], [153.3152249753, -27.565882802], [153.3129328489, -27.5610535219], [153.3077548891, -27.5587123185], [153.301726006, -27.5581325293], [153.2964775935, -27.5584765151], [153.2930167317, -27.5598769858], [153.2894339859, -27.5646320209], [153.2899803221, -27.5696768239], [153.2890529484, -27.571945183], [153.2943428904, -27.5729098246], [153.2929200828, -27.5757342353], [153.294582352, -27.5782855377], [153.2920451015, -27.578274861], [153.2909845263, -27.5798297524], [153.2899909094, -27.5794870928], [153.2895159051, -27.5801936015], [153.2888178676, -27.5793398768], [153.2858957499, -27.5801209286], [153.2856587842, -27.5789482221], [153.2829848155, -27.5788508132], [153.2814826742, -27.581360586], [153.2799045891, -27.5817825943], [153.2781721726, -27.5840443373], [153.2747176886, -27.585564211], [153.2719054744, -27.5857980177], [153.2613888606, -27.5832901523], [153.2581714317, -27.5863690376], [153.2557170093, -27.586650677], [153.2556357086, -27.5885137096], [153.2588459477, -27.591839999], [153.2598199621, -27.5958094522], [153.2593244612, -27.6000400335], [153.2583838776, -27.6015717983], [153.2886160836, -27.6064610556], [153.2873640954, -27.6003363654], [153.2913272083, -27.5986493677], [153.2928569317, -27.5988457054], [153.2929687575, -27.5999016836], [153.2941403538, -27.5997717306], [153.2935230955, -27.5982554853], [153.2963994443, -27.5961157009], [153.2983212397, -27.5962754786], [153.29755494, -27.5950873643], [153.2979177609, -27.5932048261], [153.3074569479, -27.5971753597], [153.3166386187, -27.5905697346], [153.3193810284, -27.5868021771], [153.322823815, -27.585815534], [153.3244099542, -27.5819353312], [153.3219137937, -27.5776635334], [153.3170687482, -27.5760960132], [153.3123966679, -27.5760415569], [153.312065132, -27.5739151388], [153.314152956, -27.5704296306]]}