{"name": "Wallangarra", "key": "wallangarra", "pops": 468, "cr": 13, "bounds": [151.8560744002, -28.9293413013, 151.9667652771, -28.8695339561], "crime": {"total": 46, "Traffic and Related Offences": 11, "Drug Offences": 24, "Good Order Offences": 2, "Unlawful Use of Motor Vehicle": 1, "Other Offences Against the Person": 1, "Other Property Damage": 4, "Other Theft (excl. Unlawful Entry)": 2, "Weapons Act Offences": 1}, "borders": [{"name": "Ballandean", "key": "ballandean", "cr": 5}, {"name": "Girraween", "key": "girraween", "cr": 0}, {"name": "Wyberba", "key": "wyberba", "cr": 16}], "polygon": [[151.9219554141, -28.8888505623], [151.9237562642, -28.8791204616], [151.9088680744, -28.8769802228], [151.9090017006, -28.8762571737], [151.9031990618, -28.8695339561], [151.8901179209, -28.8775625154], [151.8920778558, -28.8809781596], [151.8913113102, -28.8819328547], [151.8566495553, -28.9039082751], [151.8560744002, -28.9070059806], [151.859768182, -28.9068100452], [151.8643758073, -28.908726804], [151.8688526303, -28.9137094766], [151.8715947866, -28.9142951593], [151.8782314882, -28.9145751446], [151.8788217306, -28.9133200198], [151.8815431744, -28.911491625], [151.8926999196, -28.9154428765], [151.8955800757, -28.913451083], [151.897194244, -28.9148494303], [151.900333561, -28.9146646857], [151.9075445831, -28.9170834273], [151.9136902541, -28.9201198146], [151.9170579985, -28.9248204529], [151.9155872837, -28.9268119335], [151.9163162336, -28.9293413013], [151.9228538051, -28.9281644523], [151.9275866374, -28.9251431599], [151.9371281192, -28.9218755662], [151.9426281899, -28.9216350913], [151.9448387921, -28.9202059209], [151.9517026767, -28.9195235744], [151.9562357068, -28.9171507657], [151.9610118344, -28.9191154018], [151.9645552859, -28.9180985987], [151.9667652771, -28.9031572193], [151.9593753368, -28.9022992551], [151.9603045285, -28.8956474885], [151.9532147273, -28.894620575], [151.9544456154, -28.8878205717], [151.9531908035, -28.8878547251], [151.9482783005, -28.8908319771], [151.9489310756, -28.8873517662], [151.9495417848, -28.8871657625], [151.9495984986, -28.8837915137], [151.935608007, -28.8817458525], [151.935113892, -28.8843637556], [151.9287122339, -28.8878017887], [151.9283606261, -28.8897710592], [151.9219554141, -28.8888505623]]}