{"name": "Wallu", "key": "wallu", "pops": 85, "cr": 13, "bounds": [152.897191003, -25.9580929428, 152.9414246529, -25.9427393228], "crime": {"total": 6, "Traffic and Related Offences": 2, "Other Offences Against the Person": 1, "Drug Offences": 3}, "borders": [{"name": "Tin Can Bay - Gympie", "key": "tin-can-bay-gympie", "cr": 12}], "polygon": [[152.9405962527, -25.9458630309], [152.9397485033, -25.9427393228], [152.9329290986, -25.944251962], [152.9331689104, -25.9451363683], [152.9248959124, -25.9466829747], [152.9253724739, -25.9484571591], [152.9189549014, -25.9511412829], [152.9163918644, -25.9504230842], [152.9116593227, -25.9513861835], [152.9101569131, -25.9511425495], [152.9106914401, -25.9489114881], [152.9061949626, -25.9441977441], [152.897191003, -25.9511449486], [152.9037520811, -25.9580929428], [152.9094983786, -25.9533246085], [152.9179129004, -25.9519868493], [152.9241461009, -25.9492691532], [152.9336255193, -25.9472866729], [152.9375251681, -25.9497785792], [152.9414246529, -25.9489126056], [152.9405962527, -25.9458630309]]}