{"name": "Wangan", "key": "wangan", "pops": 641, "cr": 17, "bounds": [145.9949246123, -17.5852828175, 146.017325893, -17.56379015], "crime": {"total": 51, "Drug Offences": 13, "Handling Stolen Goods": 1, "Assault": 12, "Miscellaneous Offences": 1, "Good Order Offences": 2, "Traffic and Related Offences": 10, "Other Property Damage": 5, "Other Theft (excl. Unlawful Entry)": 2, "Liquor (excl. Drunkenness)": 1, "Weapons Act Offences": 1, "Unlawful Use of Motor Vehicle": 1, "Unlawful Entry": 1, "Other Offences Against the Person": 1}, "borders": [{"name": "Bamboo Creek", "key": "bamboo-creek", "cr": 11}, {"name": "Currajah", "key": "currajah", "cr": 15}, {"name": "Mundoo", "key": "mundoo", "cr": 10}, {"name": "Stockton", "key": "stockton", "cr": 0}], "polygon": [[146.0027552843, -17.5650389045], [146.0031173974, -17.5638256744], [146.002021797, -17.5642638132], [146.0019714907, -17.5660897046], [146.0004771277, -17.5654612705], [146.0004119948, -17.5663561821], [145.9992844164, -17.566097796], [145.9986527264, -17.5673652664], [145.996736683, -17.5667707622], [145.998428978, -17.5683604479], [145.9975053594, -17.5679659024], [145.9969977289, -17.5685697868], [145.997841239, -17.5698447227], [145.9954644591, -17.5700850487], [145.9949246123, -17.5756014958], [146.0022761002, -17.5763043389], [146.0018818378, -17.5801310241], [146.010879159, -17.5816377252], [146.0111991391, -17.5835224539], [146.0129530653, -17.5852828175], [146.0128454119, -17.5821615681], [146.0147706792, -17.5817916244], [146.015419662, -17.5796802416], [146.0158714429, -17.5803142563], [146.017325893, -17.5661045536], [146.0152400807, -17.5668253228], [146.0027552843, -17.5650389045]]}