{"name": "Warraber Islet", "key": "warraber-islet", "pops": 245, "cr": 3, "bounds": [142.8181342706, -10.2112188265, 142.830128178, -10.2039910853], "crime": {"total": 7, "Drug Offences": 1, "Good Order Offences": 4, "Other Property Damage": 1, "Assault": 1}, "borders": [{"name": "Coral Sea - Torres", "key": "coral-sea-torres", "cr": 0}], "polygon": [[142.8277371153, -10.2040677592], [142.8219482303, -10.2045342848], [142.8203658462, -10.2053229958], [142.8181342706, -10.2095322981], [142.8214036822, -10.2112188265], [142.826711446, -10.2098663747], [142.8301098198, -10.2062970996], [142.8297679871, -10.2051972672], [142.8277371153, -10.2040677592]]}