{"name": "Wellington Point", "key": "wellington-point", "pops": 12350, "cr": 5, "bounds": [153.2246544659, -27.5170517936, 153.2587236315, -27.451743491], "crime": {"total": 310, "Traffic and Related Offences": 49, "Good Order Offences": 33, "Other Theft (excl. Unlawful Entry)": 68, "Fraud": 12, "Unlawful Entry": 28, "Drug Offences": 43, "Other Property Damage": 21, "Assault": 24, "Miscellaneous Offences": 2, "Unlawful Use of Motor Vehicle": 10, "Handling Stolen Goods": 7, "Weapons Act Offences": 3, "Trespassing and Vagrancy": 6, "Robbery": 1, "Other Offences Against the Person": 3}, "borders": [{"name": "Alexandra Hills", "key": "alexandra-hills", "cr": 8}, {"name": "Birkdale", "key": "birkdale", "cr": 5}, {"name": "Ormiston", "key": "ormiston", "cr": 5}], "polygon": [[153.2587236315, -27.4896262437], [153.2576404288, -27.4862263277], [153.2471471503, -27.4803644419], [153.2441645861, -27.4777639583], [153.2437938303, -27.4715906531], [153.2454473004, -27.4617019817], [153.2407754138, -27.4543539956], [153.2357662469, -27.451743491], [153.2294899076, -27.4544856846], [153.229279995, -27.4598368034], [153.2345018759, -27.4658829346], [153.2333841547, -27.4767070636], [153.2311644703, -27.4782026187], [153.2255905941, -27.4792157263], [153.2291133478, -27.489256382], [153.2281626314, -27.4895251617], [153.2295645401, -27.4936779216], [153.2286829948, -27.4990996867], [153.2306871861, -27.4993946701], [153.2301973253, -27.5020288005], [153.2281685844, -27.5033696294], [153.2270425037, -27.5027685091], [153.2267091423, -27.5045758039], [153.2246544659, -27.5064863637], [153.2248404473, -27.5075081065], [153.2290468812, -27.5081360638], [153.2281123921, -27.5134870932], [153.2308142558, -27.5138688087], [153.2306561023, -27.5150800571], [153.2363926619, -27.515913114], [153.2366363555, -27.517004326], [153.2398189232, -27.5158300698], [153.2405495346, -27.5166501477], [153.2442225665, -27.5170517936], [153.2414382994, -27.5122536048], [153.2427488938, -27.5114788711], [153.2462527007, -27.5116700679], [153.2484748363, -27.5102752298], [153.2516260222, -27.5108587593], [153.2504647672, -27.5089825839], [153.2525022477, -27.5087330416], [153.2513893098, -27.5073527098], [153.2525801733, -27.5050571933], [153.2534888238, -27.5047714487], [153.2521370053, -27.5032194704], [153.2522156313, -27.5013789982], [153.2503805757, -27.5007563829], [153.2513505146, -27.4989151731], [153.2507047504, -27.4968632013], [153.2510774285, -27.4938591272], [153.2498285025, -27.4929513559], [153.2497202531, -27.4938990474], [153.2485889047, -27.4939625934], [153.2476474643, -27.4925614893], [153.2502091303, -27.490415819], [153.2514934167, -27.4908811003], [153.2525192574, -27.4929711074], [153.2545558214, -27.4930694029], [153.2587236315, -27.4896262437]]}