{"name": "West Rockhampton", "key": "west-rockhampton", "pops": 1825, "cr": 15, "bounds": [150.4597103819, -23.4044551179, 150.4924945161, -23.3654997274], "crime": {"total": 122, "Unlawful Use of Motor Vehicle": 16, "Weapons Act Offences": 8, "Drug Offences": 22, "Other Property Damage": 12, "Good Order Offences": 10, "Other Theft (excl. Unlawful Entry)": 19, "Assault": 11, "Unlawful Entry": 12, "Traffic and Related Offences": 9, "Trespassing and Vagrancy": 1, "Fraud": 2}, "borders": [{"name": "Fairy Bower", "key": "fairy-bower", "cr": 48}, {"name": "Pink Lily", "key": "pink-lily", "cr": 9}, {"name": "The Range", "key": "the-range", "cr": 14}, {"name": "Wandal", "key": "wandal", "cr": 17}], "polygon": [[150.4869983271, -23.3673386499], [150.4809445217, -23.365727514], [150.4799690172, -23.3673265949], [150.4778428674, -23.3677242771], [150.4773235172, -23.3689270765], [150.4746133909, -23.370323956], [150.4744681418, -23.3723738194], [150.4711524174, -23.3735278398], [150.4676955417, -23.3783150464], [150.464034915, -23.3798946366], [150.4603928924, -23.3799640313], [150.4597103819, -23.3846395016], [150.4755071923, -23.3868059665], [150.4803812504, -23.3985317945], [150.4820140302, -23.3987703919], [150.488547042, -23.4042595252], [150.489760533, -23.4044551179], [150.4899848551, -23.4033681154], [150.4882442728, -23.3993042558], [150.489104934, -23.3983599767], [150.4886229858, -23.397077702], [150.4907398149, -23.3970857188], [150.4914004579, -23.3942442834], [150.491878137, -23.3908868134], [150.4895416424, -23.3904282823], [150.4911557436, -23.3802607507], [150.4924945161, -23.3796120435], [150.4895546138, -23.3789469302], [150.4904553145, -23.373557888], [150.4861327335, -23.3729320392], [150.4869983271, -23.3673386499]]}