{"name": "Westcourt", "key": "westcourt", "pops": 3918, "cr": 46, "bounds": [145.7435246632, -16.9381877184, 145.762589246, -16.92161192], "crime": {"total": 779, "Weapons Act Offences": 8, "Good Order Offences": 72, "Assault": 86, "Unlawful Use of Motor Vehicle": 35, "Other Property Damage": 69, "Fraud": 18, "Other Theft (excl. Unlawful Entry)": 218, "Unlawful Entry": 134, "Other Offences Against the Person": 10, "Robbery": 4, "Traffic and Related Offences": 56, "Drug Offences": 44, "Handling Stolen Goods": 12, "Miscellaneous Offences": 2, "Prostitution Offences": 1, "Liquor (excl. Drunkenness)": 1, "Trespassing and Vagrancy": 9}, "borders": [{"name": "Bungalow", "key": "bungalow", "cr": 73}, {"name": "Manunda", "key": "manunda", "cr": 55}, {"name": "Mooroobool", "key": "mooroobool", "cr": 30}, {"name": "Parramatta Park", "key": "parramatta-park", "cr": 52}], "polygon": [[145.7580786943, -16.9303149059], [145.7586533502, -16.929084979], [145.762589246, -16.9264262766], [145.7584930882, -16.92161192], [145.7464446351, -16.9310919046], [145.7456753999, -16.9301601797], [145.7435752079, -16.9313847497], [145.7459758818, -16.9342771396], [145.7442925051, -16.9355872199], [145.7464541644, -16.9381877184], [145.7500940934, -16.9369108379], [145.7568296641, -16.9332603663], [145.7580786943, -16.9303149059]]}