{"name": "West Ipswich", "key": "west-ipswich", "pops": 494, "cr": 70, "bounds": [152.742793873, -27.6251843646, 152.7537205517, -27.6152408347], "crime": {"total": 318, "Other Theft (excl. Unlawful Entry)": 188, "Traffic and Related Offences": 28, "Drug Offences": 29, "Weapons Act Offences": 6, "Other Property Damage": 7, "Miscellaneous Offences": 3, "Good Order Offences": 13, "Unlawful Entry": 15, "Handling Stolen Goods": 2, "Unlawful Use of Motor Vehicle": 8, "Assault": 10, "Other Offences Against the Person": 3, "Fraud": 4, "Trespassing and Vagrancy": 1, "Robbery": 1}, "borders": [{"name": "Churchill", "key": "churchill", "cr": 19}, {"name": "Ipswich", "key": "ipswich", "cr": 87}, {"name": "Leichhardt", "key": "leichhardt", "cr": 28}, {"name": "Sadliers Crossing", "key": "sadliers-crossing", "cr": 10}], "polygon": [[152.7532574832, -27.6160811856], [152.7517384067, -27.6152408347], [152.7475922033, -27.6161001474], [152.7466830015, -27.6174058914], [152.74520538, -27.6168072149], [152.7446723282, -27.6199696139], [152.7427984476, -27.6221779287], [152.7479111403, -27.6241738945], [152.7500164434, -27.6237421036], [152.7514100224, -27.6251640245], [152.7503041625, -27.6213189363], [152.7528334484, -27.6221648082], [152.7537205517, -27.6200358346], [152.7512023672, -27.6191998497], [152.7532574832, -27.6160811856]]}