{"name": "White Rock - Ipswich", "key": "white-rock-ipswich", "pops": 3, "cr": 100, "bounds": [152.8204327226, -27.7165163606, 152.8773489743, -27.6738624275], "crime": {"total": 8, "Other Theft (excl. Unlawful Entry)": 3, "Other Property Damage": 2, "Other Offences Against the Person": 1, "Unlawful Entry": 1, "Traffic and Related Offences": 1}, "borders": [{"name": "Redbank Plains", "key": "redbank-plains", "cr": 18}, {"name": "South Ripley", "key": "south-ripley", "cr": 42}], "polygon": [[152.8437095284, -27.6738624275], [152.8331397101, -27.6802155226], [152.8302544355, -27.6827147454], [152.8298961073, -27.6848655194], [152.8214325383, -27.6879983842], [152.8204469755, -27.693965219], [152.8267168924, -27.6948289126], [152.8245612457, -27.7110466659], [152.8359344751, -27.7127138078], [152.8369964063, -27.7066526413], [152.8477378041, -27.7081500739], [152.8469296396, -27.7127190977], [152.8456790969, -27.713583976], [152.8455236852, -27.7145431191], [152.8464559168, -27.7155154645], [152.8564017192, -27.7165163606], [152.8568947539, -27.713646017], [152.8607683629, -27.7141820267], [152.8623583615, -27.7121647596], [152.8658893928, -27.7117625251], [152.8660160154, -27.7090983316], [152.8681202978, -27.706100449], [152.8676197529, -27.6997856125], [152.8697666675, -27.6998147219], [152.8773450926, -27.6933341473], [152.8731924966, -27.6888653412], [152.8734955117, -27.6878242567], [152.8764707446, -27.6864598691], [152.8753355965, -27.6845252737], [152.8770258501, -27.6831616759], [152.875064753, -27.6831694841], [152.874195002, -27.6815263852], [152.8734278977, -27.6833515391], [152.8723300695, -27.6834129691], [152.8712782115, -27.6805788726], [152.8720466271, -27.6786269546], [152.8501667008, -27.6754042283], [152.847955808, -27.6776233837], [152.8437095284, -27.6738624275]]}