{"name": "White Rock - Cairns", "key": "white-rock-cairns", "pops": 4730, "cr": 36, "bounds": [145.7415021285, -16.9984093606, 145.7762048617, -16.9573017135], "crime": {"total": 582, "Assault": 104, "Traffic and Related Offences": 41, "Other Property Damage": 89, "Fraud": 6, "Unlawful Entry": 123, "Unlawful Use of Motor Vehicle": 34, "Other Theft (excl. Unlawful Entry)": 75, "Drug Offences": 54, "Good Order Offences": 21, "Trespassing and Vagrancy": 6, "Other Offences Against the Person": 7, "Robbery": 11, "Weapons Act Offences": 1, "Miscellaneous Offences": 6, "Prostitution Offences": 1, "Handling Stolen Goods": 2, "Arson": 1}, "borders": [{"name": "Edmonton", "key": "edmonton", "cr": 24}, {"name": "Mount Sheridan", "key": "mount-sheridan", "cr": 18}, {"name": "Portsmith", "key": "portsmith", "cr": 100}, {"name": "Woree", "key": "woree", "cr": 38}], "polygon": [[145.7648821697, -16.9630262405], [145.7539562061, -16.9573017135], [145.7536609992, -16.9600107595], [145.7549799532, -16.9601483941], [145.7547250465, -16.962491259], [145.7566103041, -16.9661606178], [145.7563204095, -16.9688575119], [145.7471482307, -16.9679497704], [145.7445257604, -16.9729358926], [145.7451997995, -16.9750647619], [145.7446716204, -16.9765344262], [145.7439198717, -16.9763351828], [145.7415021285, -16.9901952967], [145.7430544123, -16.9971351475], [145.7440938726, -16.9980652556], [145.7484985292, -16.9979798421], [145.751027219, -16.9942194372], [145.7547143772, -16.9926876724], [145.7546851188, -16.9914309904], [145.7565601319, -16.9919215292], [145.757265754, -16.9903104827], [145.7566321194, -16.9895563349], [145.7577109784, -16.9893006757], [145.7566666082, -16.9885983467], [145.7555816099, -16.9893600866], [145.7552374825, -16.9888517633], [145.7568684369, -16.987478286], [145.7597144023, -16.9900157452], [145.7619378269, -16.9887561053], [145.7629924119, -16.9907324165], [145.7643664703, -16.9903335422], [145.7674858868, -16.9872978255], [145.7715500966, -16.9876850843], [145.7714414299, -16.9855975509], [145.7752197683, -16.9784746692], [145.7762048617, -16.9748892486], [145.7721293494, -16.9704191089], [145.7696171179, -16.9629902691], [145.7685449198, -16.9619284272], [145.7664335668, -16.9634131566], [145.7648821697, -16.9630262405]]}