{"name": "Willow Vale", "key": "willow-vale", "pops": 2096, "cr": 8, "bounds": [153.232433252, -27.8754375428, 153.2901154459, -27.8159866855], "crime": {"total": 65, "Unlawful Entry": 6, "Unlawful Use of Motor Vehicle": 7, "Assault": 13, "Robbery": 1, "Other Property Damage": 8, "Other Offences Against the Person": 3, "Fraud": 4, "Traffic and Related Offences": 4, "Other Theft (excl. Unlawful Entry)": 8, "Drug Offences": 7, "Weapons Act Offences": 2, "Trespassing and Vagrancy": 1, "Good Order Offences": 1}, "borders": [{"name": "Kingsholme", "key": "kingsholme", "cr": 16}, {"name": "Pimpama", "key": "pimpama", "cr": 30}, {"name": "Upper Coomera", "key": "upper-coomera", "cr": 9}, {"name": "Wongawallan", "key": "wongawallan", "cr": 12}], "polygon": [[153.2792095989, -27.8234982118], [153.2798947096, -27.822412014], [153.2717462853, -27.821252808], [153.272470668, -27.8172180876], [153.2649486214, -27.8159866855], [153.2634008154, -27.8236135915], [153.2558470741, -27.8224203214], [153.2549293637, -27.8283155113], [153.2526551932, -27.830563195], [153.2484743446, -27.8311121613], [153.2459331676, -27.8352976069], [153.2433541417, -27.8351219296], [153.2435795516, -27.8339378238], [153.2415471599, -27.8336247355], [153.2408549115, -27.8372811601], [153.2378286645, -27.8364310563], [153.2373808473, -27.834783569], [153.2361696661, -27.8342661336], [153.2330570742, -27.8363697603], [153.232978031, -27.8377151415], [153.2337030992, -27.8378260285], [153.232433252, -27.8442633376], [153.2343565375, -27.8445630893], [153.2334923893, -27.8490668312], [153.2339462414, -27.8508392945], [153.2360348478, -27.8521816283], [153.2375197262, -27.8543890938], [153.2474223003, -27.861316435], [153.2500388026, -27.8624946699], [153.2525655776, -27.8625290021], [153.2549125776, -27.8640312552], [153.2575912252, -27.8623903543], [153.2558386028, -27.8707921132], [153.2585242167, -27.8712272272], [153.2579696998, -27.8738734126], [153.2676720917, -27.8754375428], [153.2684492245, -27.8712989017], [153.2725904435, -27.8719155639], [153.2751441374, -27.8618011326], [153.2805560678, -27.8626611382], [153.2811284661, -27.8598619103], [153.2822071239, -27.8597585931], [153.2827099189, -27.8586553931], [153.2866328359, -27.8385700211], [153.2886708677, -27.8388292044], [153.2901154459, -27.8316921368], [153.2880554348, -27.8313460499], [153.2884260193, -27.8295131847], [153.2859260291, -27.8290698826], [153.2864861786, -27.825891383], [153.2794514596, -27.8248754144], [153.2792095989, -27.8234982118]]}