{"name": "Wilsonton Heights", "key": "wilsonton-heights", "pops": 2669, "cr": 27, "bounds": [151.9199279025, -27.5389011353, 151.9337768629, -27.5264915675], "crime": {"total": 304, "Other Theft (excl. Unlawful Entry)": 41, "Assault": 25, "Other Property Damage": 38, "Fraud": 9, "Traffic and Related Offences": 34, "Good Order Offences": 18, "Drug Offences": 57, "Unlawful Entry": 47, "Other Offences Against the Person": 4, "Unlawful Use of Motor Vehicle": 11, "Handling Stolen Goods": 4, "Trespassing and Vagrancy": 10, "Weapons Act Offences": 4, "Miscellaneous Offences": 1, "Arson": 1}, "borders": [{"name": "Cranley", "key": "cranley", "cr": 32}, {"name": "Rockville", "key": "rockville", "cr": 24}, {"name": "Wilsonton", "key": "wilsonton", "cr": 20}], "polygon": [[151.9318053871, -27.5387771353], [151.9337768629, -27.5279586464], [151.922362417, -27.5264915675], [151.9199279025, -27.5373040438], [151.9318053871, -27.5387771353]]}