{"name": "Winton", "key": "winton", "pops": 875, "cr": 22, "bounds": [143.031430535, -22.3922103345, 143.0473819301, -22.3655690476], "crime": {"total": 104, "Traffic and Related Offences": 27, "Good Order Offences": 25, "Liquor (excl. Drunkenness)": 9, "Other Offences Against the Person": 3, "Drug Offences": 10, "Other Theft (excl. Unlawful Entry)": 9, "Unlawful Entry": 4, "Assault": 6, "Trespassing and Vagrancy": 3, "Other Property Damage": 4, "Unlawful Use of Motor Vehicle": 2, "Fraud": 1, "Weapons Act Offences": 1}, "borders": [{"name": "Corfield", "key": "corfield", "cr": 17}, {"name": "Opalton", "key": "opalton", "cr": 20}], "polygon": [[143.0435554534, -22.3759590983], [143.0438284203, -22.3712312952], [143.0394705087, -22.3705640808], [143.0399991795, -22.3655690476], [143.0380962789, -22.3771917224], [143.0358017832, -22.3774216548], [143.0361568481, -22.3794078603], [143.0342438146, -22.379140161], [143.0339612886, -22.3823146895], [143.0349949673, -22.382459335], [143.035414651, -22.3837217316], [143.0347133055, -22.3850889131], [143.0340285972, -22.384989433], [143.0341581926, -22.3828736395], [143.0324227214, -22.3826303557], [143.0317183509, -22.3845730498], [143.0322608873, -22.3850229308], [143.031430535, -22.3869272694], [143.0327172056, -22.387107119], [143.032200031, -22.3904574364], [143.0400263891, -22.3921722323], [143.0401227996, -22.3915887401], [143.0445673093, -22.3922103345], [143.0447633639, -22.3909979165], [143.0454861224, -22.391098924], [143.0473819301, -22.3792634532], [143.0431141555, -22.3790643513], [143.0435554534, -22.3759590983]]}