{"name": "Woody Point", "key": "woody-point", "pops": 4418, "cr": 11, "bounds": [153.0930942222, -27.2634557858, 153.1104760468, -27.2486710846], "crime": {"total": 218, "Unlawful Use of Motor Vehicle": 11, "Other Theft (excl. Unlawful Entry)": 49, "Other Property Damage": 29, "Unlawful Entry": 27, "Assault": 31, "Traffic and Related Offences": 21, "Good Order Offences": 14, "Drug Offences": 20, "Weapons Act Offences": 4, "Trespassing and Vagrancy": 4, "Other Offences Against the Person": 4, "Handling Stolen Goods": 2, "Fraud": 1, "Robbery": 1}, "borders": [{"name": "Clontarf - Moreton Bay", "key": "clontarf-moreton-bay", "cr": 13}, {"name": "Margate", "key": "margate", "cr": 16}], "polygon": [[153.0974804983, -27.2488298267], [153.0959205404, -27.2490237653], [153.0949280336, -27.2525137141], [153.0936137959, -27.2526842728], [153.093369998, -27.2563068867], [153.1004325673, -27.2587379962], [153.1027191654, -27.2608429119], [153.1037418693, -27.263441354], [153.1079416499, -27.2616062984], [153.1104300991, -27.2550335526], [153.1095717549, -27.2537009791], [153.1102171093, -27.2507925704], [153.1037056074, -27.2503175884], [153.0974804983, -27.2488298267]]}