{"name": "Woorim", "key": "woorim", "pops": 1829, "cr": 13, "bounds": [153.1511546746, -27.0995154232, 153.2073850185, -27.0089052767], "crime": {"total": 116, "Other Theft (excl. Unlawful Entry)": 17, "Traffic and Related Offences": 24, "Drug Offences": 23, "Assault": 5, "Other Offences Against the Person": 2, "Other Property Damage": 20, "Miscellaneous Offences": 1, "Unlawful Use of Motor Vehicle": 3, "Good Order Offences": 7, "Unlawful Entry": 10, "Fraud": 2, "Trespassing and Vagrancy": 1, "Weapons Act Offences": 1}, "borders": [{"name": "Banksia Beach", "key": "banksia-beach", "cr": 5}, {"name": "Bellara", "key": "bellara", "cr": 14}, {"name": "Bongaree", "key": "bongaree", "cr": 12}, {"name": "Welsby", "key": "welsby", "cr": 6}], "polygon": [[153.1665033028, -27.0117866173], [153.1644855514, -27.0093375817], [153.1631466895, -27.0089052767], [153.1641319841, -27.0095198378], [153.1702231243, -27.023372598], [153.1511546746, -27.0318748876], [153.1526365131, -27.0371321067], [153.1621179134, -27.0588697493], [153.161728628, -27.0612245277], [153.1674501002, -27.0595206469], [153.1755573303, -27.0770232156], [153.1712215468, -27.0786059275], [153.1721770093, -27.0807030648], [153.1748503298, -27.0802005455], [153.1765787825, -27.0790711492], [153.1763443723, -27.0780866146], [153.1796994656, -27.0768472552], [153.1809526607, -27.0765404627], [153.1816277057, -27.077972725], [153.1806809828, -27.0783423632], [153.1812163964, -27.0798133463], [153.1793595254, -27.080499351], [153.1796289682, -27.0810832456], [153.1785079986, -27.0818650499], [153.1720754132, -27.0834839642], [153.1713403016, -27.0818891674], [153.1703848094, -27.0822421238], [153.1783564389, -27.0995154232], [153.1815638617, -27.098180674], [153.1929117963, -27.0979397595], [153.1967632473, -27.095625408], [153.2012322024, -27.0877825096], [153.2065287158, -27.0835505128], [153.2073850185, -27.0793114901], [153.2062824592, -27.0727877989], [153.2011097819, -27.0601585805], [153.1862975359, -27.0380272344], [153.180200614, -27.0277286917], [153.1725569218, -27.012274906], [153.1679885015, -27.0126505867], [153.1665033028, -27.0117866173]]}