{"name": "Woorabinda", "key": "woorabinda", "pops": 962, "cr": 100, "bounds": [149.3509772718, -24.2407047451, 149.5096652508, -23.9877412543], "crime": {"total": 508, "Liquor (excl. Drunkenness)": 89, "Drug Offences": 48, "Traffic and Related Offences": 23, "Assault": 109, "Other Property Damage": 75, "Good Order Offences": 79, "Handling Stolen Goods": 1, "Weapons Act Offences": 10, "Other Theft (excl. Unlawful Entry)": 16, "Arson": 5, "Unlawful Entry": 33, "Trespassing and Vagrancy": 10, "Other Offences Against the Person": 7, "Miscellaneous Offences": 1, "Unlawful Use of Motor Vehicle": 2}, "borders": [{"name": "Coomoo", "key": "coomoo", "cr": 12}, {"name": "Goomally", "key": "goomally", "cr": 0}, {"name": "Mimosa", "key": "mimosa", "cr": 37}, {"name": "Wooroona", "key": "wooroona", "cr": 0}], "polygon": [[149.4813635796, -24.1882889792], [149.4858461842, -24.1862666085], [149.4875823557, -24.1843736842], [149.4907726049, -24.1827564985], [149.4908575565, -24.1813059598], [149.4954342768, -24.1766550243], [149.5023393184, -24.1621812284], [149.5039380938, -24.1001213267], [149.5061417595, -24.0853357762], [149.5065413713, -24.0576706231], [149.50408528, -24.0178355873], [149.504672192, -24.0146206468], [149.5083064586, -24.0063011795], [149.5096652508, -23.9999220595], [149.5024315715, -23.9986470416], [149.4963257909, -23.9923492223], [149.4953138232, -23.9877412543], [149.3993057385, -24.124455668], [149.4063292891, -24.133700572], [149.4040894061, -24.1441983581], [149.3761650696, -24.1658158079], [149.3655534312, -24.1832889169], [149.3509772718, -24.1999856606], [149.3707431406, -24.2306869999], [149.3725192696, -24.2407047451], [149.3808000013, -24.240634501], [149.3886263296, -24.2363608405], [149.3901124895, -24.2336524725], [149.3934655488, -24.231588766], [149.3969197944, -24.2324858233], [149.4185730144, -24.22733666], [149.4400502592, -24.2233689427], [149.4555847794, -24.2189261243], [149.4685463384, -24.2137764022], [149.4732422978, -24.2083628774], [149.4750477821, -24.1975911856], [149.4768998697, -24.1917191371], [149.4805524871, -24.1921848282], [149.4813635796, -24.1882889792]]}