{"name": "Wujal Wujal", "key": "wujal-wujal", "pops": 282, "cr": 100, "bounds": [145.2870402858, -15.9951644614, 145.3432571813, -15.9476959258], "crime": {"total": 141, "Assault": 22, "Weapons Act Offences": 2, "Liquor (excl. Drunkenness)": 39, "Good Order Offences": 32, "Drug Offences": 14, "Trespassing and Vagrancy": 3, "Other Property Damage": 12, "Other Theft (excl. Unlawful Entry)": 3, "Traffic and Related Offences": 7, "Unlawful Entry": 4, "Other Offences Against the Person": 1, "Arson": 1, "Miscellaneous Offences": 1}, "borders": [{"name": "Bloomfield - Douglas", "key": "bloomfield-douglas", "cr": 6}, {"name": "Degarra", "key": "degarra", "cr": 14}], "polygon": [[145.3399858847, -15.9536326677], [145.34047167, -15.9525139779], [145.3387216255, -15.9512884393], [145.3396255001, -15.9500693381], [145.3392392918, -15.9487412348], [145.3377876207, -15.9476993978], [145.33684697, -15.9504010528], [145.3378395215, -15.9526371881], [145.3371370509, -15.9544549733], [145.3352833986, -15.9546238482], [145.334539488, -15.9560421407], [145.33198037, -15.9556106031], [145.330976136, -15.9542040229], [145.3286595568, -15.9578069448], [145.3207363784, -15.9569778144], [145.3195300549, -15.9600348845], [145.3156355992, -15.9630248249], [145.3103146702, -15.9634140059], [145.3084300011, -15.9617696032], [145.3062140495, -15.961767599], [145.3041389063, -15.9607462659], [145.3042165413, -15.9643922895], [145.3023209795, -15.966802977], [145.2974267974, -15.9682949632], [145.2952728197, -15.970333524], [145.2957312688, -15.9724173769], [145.2997892201, -15.9766223654], [145.2994185686, -15.9778841287], [145.2951446772, -15.9806464687], [145.2875994146, -15.9807581902], [145.2888655439, -15.9859077036], [145.2870690003, -15.9929100648], [145.2895747721, -15.9925001189], [145.2916456312, -15.9945222437], [145.2946483195, -15.9951018915], [145.2966743931, -15.9935202897], [145.2962994948, -15.9924785495], [145.2970866486, -15.9913342521], [145.3016588688, -15.9902270138], [145.3024058491, -15.988543883], [145.3051945642, -15.9887906834], [145.3061415032, -15.9867803156], [145.3076708764, -15.9857026115], [145.3087448254, -15.9826618582], [145.3129474521, -15.9833138734], [145.3141098917, -15.980134815], [145.3169573694, -15.9765895382], [145.318899259, -15.9757254124], [145.3229499236, -15.9699458033], [145.3238032013, -15.9699722305], [145.3267949149, -15.9672830254], [145.3317981735, -15.9666730389], [145.3328508884, -15.9653291479], [145.3424124867, -15.9601712301], [145.3432571813, -15.9559227973], [145.3399858847, -15.9536326677]]}