{"name": "Wurtulla", "key": "wurtulla", "pops": 5905, "cr": 6, "bounds": [153.1160404161, -26.7655497864, 153.1373242885, -26.7457579523], "crime": {"total": 212, "Other Theft (excl. Unlawful Entry)": 66, "Assault": 12, "Other Offences Against the Person": 4, "Drug Offences": 30, "Traffic and Related Offences": 20, "Unlawful Use of Motor Vehicle": 7, "Unlawful Entry": 15, "Fraud": 14, "Good Order Offences": 16, "Miscellaneous Offences": 3, "Other Property Damage": 19, "Trespassing and Vagrancy": 4, "Other Homicide": 1, "Liquor (excl. Drunkenness)": 1}, "borders": [{"name": "Birtinya", "key": "birtinya", "cr": 24}, {"name": "Bokarina", "key": "bokarina", "cr": 27}, {"name": "Currimundi", "key": "currimundi", "cr": 9}], "polygon": [[153.1259181052, -26.7460331619], [153.12367405, -26.7457579523], [153.1233035177, -26.7515994608], [153.1218763813, -26.7520060763], [153.1216623411, -26.7542320713], [153.1183717698, -26.7562973201], [153.1179830804, -26.759154588], [153.1160404161, -26.7608666196], [153.1198816225, -26.7650241405], [153.1232893988, -26.7655497864], [153.1300964206, -26.7642763332], [153.1340275928, -26.7655101568], [153.136103563, -26.7649693489], [153.1373242885, -26.7592244148], [153.1359296739, -26.7464495674], [153.1302770823, -26.7468531579], [153.1286116317, -26.7467832267], [153.1286411509, -26.7457949147], [153.1259181052, -26.7460331619]]}