{"name": "Wynnum", "key": "wynnum", "pops": 12915, "cr": 10, "bounds": [153.1522848606, -27.456159614, 153.1838040426, -27.4193912223], "crime": {"total": 747, "Assault": 49, "Drug Offences": 99, "Other Theft (excl. Unlawful Entry)": 204, "Other Property Damage": 86, "Good Order Offences": 113, "Homicide (Murder)": 1, "Unlawful Use of Motor Vehicle": 22, "Weapons Act Offences": 9, "Traffic and Related Offences": 44, "Fraud": 36, "Handling Stolen Goods": 4, "Unlawful Entry": 51, "Other Offences Against the Person": 7, "Miscellaneous Offences": 4, "Robbery": 5, "Arson": 2, "Trespassing and Vagrancy": 9, "Liquor (excl. Drunkenness)": 2}, "borders": [{"name": "Lytton", "key": "lytton", "cr": 100}, {"name": "Manly", "key": "manly", "cr": 11}, {"name": "Manly West", "key": "manly-west", "cr": 6}, {"name": "Wynnum West", "key": "wynnum-west", "cr": 10}], "polygon": [[153.1682119668, -27.4200556427], [153.1668931991, -27.4193912223], [153.1640697345, -27.4237360805], [153.162243776, -27.4249495119], [153.1620398834, -27.4265690222], [153.1636541188, -27.4267955348], [153.1615057066, -27.4266564921], [153.1604879126, -27.4285320863], [153.1546935514, -27.4276180044], [153.1522848606, -27.4415561333], [153.155687727, -27.4405682757], [153.1586429253, -27.4410094023], [153.1564200968, -27.445806697], [153.1569874808, -27.4474177212], [153.1657951772, -27.4490135238], [153.1650357172, -27.4498097971], [153.1663310081, -27.4524847567], [153.1660420597, -27.453898035], [153.1681418493, -27.4543377161], [153.1684814021, -27.4537253976], [153.1710145175, -27.4549624622], [153.1712150723, -27.4543708041], [153.1731140092, -27.4542768225], [153.1752021983, -27.456159614], [153.177837722, -27.4537673146], [153.1778503209, -27.452845633], [153.1795375124, -27.4532969296], [153.1838040426, -27.4467117861], [153.1820888221, -27.4458126575], [153.183599554, -27.4434996545], [153.1798532903, -27.4401985854], [153.1766119972, -27.432693772], [153.1774378642, -27.4322834015], [153.1793436632, -27.4336833358], [153.1808523536, -27.4335386381], [153.1820179522, -27.4323960319], [153.182301864, -27.4302661493], [153.1837210432, -27.429084383], [153.1825793386, -27.4281531647], [153.1806413755, -27.4221659377], [153.1682037413, -27.4255832583], [153.1682119668, -27.4200556427]]}