{"name": "Yalboroo", "key": "yalboroo", "pops": 170, "cr": 100, "bounds": [148.5653852597, -20.9493112564, 148.7511670589, -20.747127451], "crime": {"total": 200, "Other Theft (excl. Unlawful Entry)": 1, "Good Order Offences": 2, "Traffic and Related Offences": 77, "Drug Offences": 110, "Trespassing and Vagrancy": 2, "Other Property Damage": 1, "Unlawful Entry": 3, "Weapons Act Offences": 1, "Other Offences Against the Person": 1, "Other Homicide": 1, "Unlawful Use of Motor Vehicle": 1}, "borders": [{"name": "Bloomsbury", "key": "bloomsbury", "cr": 16}, {"name": "Calen", "key": "calen", "cr": 27}, {"name": "Eungella Hinterland", "key": "eungella-hinterland", "cr": 0}, {"name": "Pindi Pindi", "key": "pindi-pindi", "cr": 9}], "polygon": [[148.7193215862, -20.7833793089], [148.713740699, -20.7798236609], [148.7120459452, -20.7773614749], [148.7041280046, -20.7730473429], [148.6952684075, -20.7721584812], [148.6876548752, -20.7689565644], [148.6818172261, -20.7652445659], [148.6698107123, -20.7508393154], [148.664960131, -20.747127451], [148.6602881327, -20.7507964], [148.6514334828, -20.7620568126], [148.6510626897, -20.7646167874], [148.6518526003, -20.7682222947], [148.6503864601, -20.7692428976], [148.649757266, -20.7713360786], [148.6492761746, -20.7741538286], [148.6498465315, -20.777235046], [148.6464879289, -20.7801667377], [148.6452949196, -20.7824534774], [148.6428929567, -20.7828870565], [148.6407697648, -20.78489016], [148.6371034458, -20.7851391509], [148.6342491135, -20.7839406133], [148.6292639822, -20.7859166637], [148.6232171059, -20.7867091149], [148.6169459969, -20.7895467803], [148.613463141, -20.7901171148], [148.611100018, -20.7931911945], [148.605539456, -20.7920036614], [148.6019080877, -20.7936755717], [148.600331381, -20.7948753312], [148.6005078182, -20.7979777381], [148.5995147154, -20.7994403914], [148.5997918546, -20.8008630872], [148.6015997976, -20.8026856631], [148.6000550315, -20.8053771108], [148.5997333229, -20.8089413121], [148.5943359956, -20.8070894852], [148.593274042, -20.8030280918], [148.5904904157, -20.8009716496], [148.587978743, -20.7970933467], [148.593029581, -20.7920980379], [148.5916303098, -20.7848657593], [148.5904801935, -20.7838619202], [148.589155741, -20.7779376507], [148.5702472553, -20.7710853145], [148.5653852597, -20.7716405168], [148.5658824965, -20.7732426673], [148.5676579922, -20.7743843794], [148.5682961568, -20.7774720863], [148.5731205195, -20.7827070579], [148.575364843, -20.7839986756], [148.5781871825, -20.7876143456], [148.5810820162, -20.7959995493], [148.5838708654, -20.7985399738], [148.5829553455, -20.8041066229], [148.5813909173, -20.8046309203], [148.5806077421, -20.8058646694], [148.5825554952, -20.8098629341], [148.5794029385, -20.8144911081], [148.579154335, -20.8165018559], [148.5802722648, -20.8197207898], [148.5793264732, -20.8205271214], [148.5768203437, -20.8201414123], [148.5773149878, -20.8230608851], [148.5765654445, -20.8267531991], [148.5718385354, -20.8298482895], [148.5705460161, -20.8349885345], [148.5755353868, -20.8399051875], [148.5792197809, -20.8422822803], [148.5796651542, -20.8453053311], [148.5808092728, -20.8472198844], [148.5843758956, -20.8504331857], [148.5869836882, -20.8502580449], [148.5890682116, -20.8519181833], [148.5879657567, -20.8572409675], [148.5905188099, -20.8632564694], [148.597874701, -20.8696419001], [148.5975824073, -20.8733889312], [148.5936910659, -20.8782930374], [148.5956125781, -20.8892441466], [148.5970787182, -20.8916232213], [148.5965451524, -20.8962204978], [148.5975298136, -20.9003268182], [148.5954334438, -20.9015928134], [148.5952034295, -20.9026430845], [148.5973861814, -20.9038407803], [148.5985566005, -20.9055765718], [148.5980693474, -20.9096390232], [148.5989594236, -20.9109148532], [148.6004265621, -20.917976141], [148.6031478718, -20.9193074703], [148.6055762544, -20.9224223718], [148.6098580211, -20.9248736128], [148.6131363437, -20.9245747477], [148.6163686216, -20.9289973378], [148.617093049, -20.9324657768], [148.6202045009, -20.9364704415], [148.6204428375, -20.9394483864], [148.6228992268, -20.942465812], [148.6224265695, -20.9440694377], [148.6207863018, -20.9450057447], [148.6231116652, -20.9478184581], [148.6323829666, -20.9491653889], [148.6350639537, -20.9471900016], [148.6367366314, -20.9472786784], [148.6390058845, -20.9451549649], [148.644757688, -20.9448811412], [148.6483956352, -20.9430576861], [148.6557902023, -20.9373109862], [148.6534560248, -20.9354001805], [148.651978761, -20.932262294], [148.6464604735, -20.9257061556], [148.6456165463, -20.9243923947], [148.6456300393, -20.9223246947], [148.6418795958, -20.919073008], [148.630681619, -20.9208239466], [148.6311569661, -20.921195671], [148.6245965734, -20.9230246469], [148.6149955094, -20.9199225307], [148.6165665463, -20.9114442468], [148.6260066107, -20.9127249122], [148.6270534098, -20.9122597277], [148.6268542558, -20.9116642028], [148.6312910914, -20.9110916331], [148.6333710179, -20.9118260369], [148.6365225911, -20.9116102755], [148.6381911561, -20.9108754843], [148.6379876807, -20.909467347], [148.6358184889, -20.9079490229], [148.6352934316, -20.9054202661], [148.6426299065, -20.9063403457], [148.6492876485, -20.9117854908], [148.6582033485, -20.912819542], [148.6586171165, -20.9111648425], [148.6574656144, -20.9067370147], [148.6587115973, -20.9047932327], [148.6579696611, -20.9042224362], [148.6614395306, -20.9003464803], [148.6630527973, -20.895953171], [148.6627957076, -20.8945322484], [148.6666176841, -20.8928785548], [148.6684370339, -20.8953165784], [148.6698375568, -20.8942585438], [148.6751462594, -20.8931310102], [148.6814041361, -20.8882950395], [148.6857803985, -20.8883335367], [148.6864052936, -20.8839344606], [148.6886803284, -20.8851607293], [148.6906685531, -20.8845762014], [148.6912731081, -20.8837175965], [148.69090157, -20.8795540854], [148.6918162927, -20.8782720715], [148.6884767637, -20.8778134957], [148.688829273, -20.8751369566], [148.6879192591, -20.8750656843], [148.6874028519, -20.8724300191], [148.6920957491, -20.8683904111], [148.6902666241, -20.8635108545], [148.6910929307, -20.8602320403], [148.6905963123, -20.8580126688], [148.6930933669, -20.855536893], [148.6946620941, -20.8561312333], [148.6965199783, -20.8556944877], [148.6956354007, -20.8547329903], [148.6969619393, -20.8516190574], [148.6960630789, -20.8512902707], [148.6983302981, -20.8488071412], [148.6966366246, -20.8482005149], [148.6967045665, -20.8472162113], [148.6982604787, -20.8461044878], [148.6975245625, -20.844881326], [148.699595049, -20.8436238393], [148.6985820308, -20.841079168], [148.701602377, -20.8396450728], [148.698671326, -20.83701621], [148.6999779344, -20.834068872], [148.7024593055, -20.8321894109], [148.7118304297, -20.8311290294], [148.7132996246, -20.831788823], [148.7133240923, -20.8339513093], [148.7191295475, -20.8349730447], [148.7178193852, -20.8374568373], [148.7198200151, -20.8401734978], [148.7235229388, -20.8386407048], [148.7260163873, -20.8403017819], [148.7325416803, -20.8395394236], [148.7350530624, -20.8401738107], [148.7366205528, -20.8385817185], [148.7374156341, -20.8399299234], [148.7401144728, -20.8400491476], [148.7438978553, -20.8417308033], [148.7453297451, -20.8383163214], [148.7483753115, -20.8360907659], [148.7501903772, -20.835878104], [148.7511670589, -20.8252369687], [148.7488338724, -20.8205534145], [148.738291204, -20.8065028042], [148.7394361794, -20.8036768511], [148.7367334738, -20.7943931893], [148.7343281955, -20.7922906205], [148.730428949, -20.7918565869], [148.723617591, -20.7855000496], [148.7193215862, -20.7833793089]]}