{"name": "Yaroomba", "key": "yaroomba", "pops": 1623, "cr": 5, "bounds": [153.0819665119, -26.5664615035, 153.1015734226, -26.5412368253], "crime": {"total": 34, "Traffic and Related Offences": 10, "Good Order Offences": 4, "Other Theft (excl. Unlawful Entry)": 2, "Drug Offences": 1, "Other Property Damage": 10, "Assault": 1, "Fraud": 1, "Other Offences Against the Person": 1, "Unlawful Entry": 3, "Trespassing and Vagrancy": 1}, "borders": [{"name": "Coolum Beach", "key": "coolum-beach", "cr": 12}, {"name": "Mount Coolum", "key": "mount-coolum", "cr": 4}, {"name": "Point Arkwright", "key": "point-arkwright", "cr": 7}], "polygon": [[153.0876929238, -26.5415538922], [153.0862798244, -26.5413843095], [153.0851338431, -26.5456254929], [153.0824408531, -26.5460189655], [153.0820179358, -26.5498565882], [153.0860021338, -26.5521424487], [153.0907815695, -26.5528013036], [153.0898457244, -26.5590787232], [153.0911262259, -26.5616850331], [153.0937741846, -26.5617741346], [153.0967320725, -26.5658314675], [153.099087663, -26.5664615035], [153.1015734226, -26.5495035127], [153.0982238054, -26.5490902066], [153.0970158949, -26.5474880934], [153.0936247185, -26.5481950343], [153.0942560881, -26.543707028], [153.0869617239, -26.542703256], [153.0876929238, -26.5415538922]]}