{"name": "Yarrabilba", "key": "yarrabilba", "pops": 3580, "cr": 34, "bounds": [153.0972717926, -27.8380847722, 153.1452095136, -27.7935417742], "crime": {"total": 605, "Traffic and Related Offences": 74, "Assault": 86, "Good Order Offences": 28, "Other Theft (excl. Unlawful Entry)": 136, "Drug Offences": 94, "Other Property Damage": 60, "Unlawful Entry": 42, "Unlawful Use of Motor Vehicle": 18, "Other Offences Against the Person": 15, "Fraud": 25, "Trespassing and Vagrancy": 6, "Handling Stolen Goods": 7, "Weapons Act Offences": 8, "Miscellaneous Offences": 5, "Robbery": 1}, "borders": [{"name": "Cedar Creek - Logan", "key": "cedar-creek-logan", "cr": 3}, {"name": "Logan Village", "key": "logan-village", "cr": 13}, {"name": "Tamborine - Logan", "key": "tamborine-logan", "cr": 2}], "polygon": [[153.1443744972, -27.8227572367], [153.1452095136, -27.8190098852], [153.137183696, -27.8176019788], [153.1391344294, -27.8088758215], [153.1250066087, -27.8064259067], [153.1235986874, -27.8031959236], [153.1206744835, -27.8027395383], [153.1217786446, -27.7969759032], [153.0993156284, -27.7935417742], [153.1003018692, -27.7981850728], [153.0974116176, -27.8063084036], [153.0972734243, -27.8164866343], [153.1047657579, -27.8276423439], [153.1103487238, -27.8269355074], [153.1123164594, -27.825583145], [153.1185050979, -27.8273324743], [153.1237471178, -27.8261781484], [153.1252664328, -27.8280838504], [153.1260054782, -27.8271049336], [153.1292783916, -27.8299532905], [153.1304877549, -27.8380847722], [153.1370943114, -27.8370588645], [153.1390323564, -27.8353427052], [153.1449126825, -27.834169291], [153.1448791921, -27.8319401965], [153.1427627057, -27.8299961314], [153.1443744972, -27.8227572367]]}