{"name": "Yarrabah", "key": "yarrabah", "pops": 2559, "cr": 62, "bounds": [145.9002067, -16.9942585677, 145.9016918689, -16.9932990521], "crime": {"total": 608, "Traffic and Related Offences": 105, "Good Order Offences": 48, "Assault": 147, "Other Property Damage": 72, "Unlawful Use of Motor Vehicle": 7, "Drug Offences": 33, "Unlawful Entry": 52, "Other Theft (excl. Unlawful Entry)": 33, "Other Offences Against the Person": 11, "Liquor (excl. Drunkenness)": 82, "Handling Stolen Goods": 1, "Weapons Act Offences": 9, "Miscellaneous Offences": 5, "Trespassing and Vagrancy": 3}, "borders": [{"name": "Coral Sea - Cairns", "key": "coral-sea-cairns", "cr": 0}], "polygon": [[145.9005481973, -16.9934386611], [145.9009397849, -16.9942056015], [145.9016918689, -16.9940695986], [145.9011641145, -16.9935173839], [145.9005481973, -16.9934386611]]}