{"name": "Zilzie", "key": "zilzie", "pops": 2713, "cr": 8, "bounds": [150.7661252767, -23.321889706, 150.8531424701, -23.2671553418], "crime": {"total": 99, "Other Theft (excl. Unlawful Entry)": 18, "Other Property Damage": 13, "Drug Offences": 19, "Traffic and Related Offences": 9, "Weapons Act Offences": 1, "Unlawful Entry": 13, "Assault": 11, "Other Offences Against the Person": 4, "Unlawful Use of Motor Vehicle": 5, "Miscellaneous Offences": 2, "Fraud": 1, "Good Order Offences": 2, "Trespassing and Vagrancy": 1}, "borders": [{"name": "Coorooman", "key": "coorooman", "cr": 3}, {"name": "Emu Park", "key": "emu-park", "cr": 11}, {"name": "Keppel Sands", "key": "keppel-sands", "cr": 7}, {"name": "The Keppels", "key": "the-keppels", "cr": 30}], "polygon": [[150.825938493, -23.2679348662], [150.8197092935, -23.2671574131], [150.8194333687, -23.2726082876], [150.8168357089, -23.2741736621], [150.8133386374, -23.2698973715], [150.8107035756, -23.2717224807], [150.8094122335, -23.27013091], [150.8062657341, -23.2723098695], [150.8091181591, -23.2758259252], [150.8045182973, -23.2790172771], [150.8018236384, -23.275707446], [150.7983157635, -23.2750654817], [150.7943556383, -23.277283214], [150.7936017513, -23.2766819075], [150.7925422564, -23.2774756923], [150.7925398201, -23.2810637578], [150.7918160558, -23.2812154144], [150.7902444452, -23.2786123157], [150.7871771753, -23.2799493596], [150.7885502055, -23.2809319571], [150.7885357589, -23.2819243968], [150.7873707861, -23.2813646421], [150.7847564071, -23.2837728113], [150.7863242626, -23.2851861492], [150.7878400832, -23.2845575288], [150.7882721201, -23.2857789844], [150.7891005948, -23.2855313495], [150.7907773927, -23.2870122269], [150.7928742617, -23.2863756791], [150.7913960144, -23.2882240117], [150.7880099863, -23.287522845], [150.7887239009, -23.2899200022], [150.7901189551, -23.2905606106], [150.7887884155, -23.2914832383], [150.7871376872, -23.2906447574], [150.7866832241, -23.2883945927], [150.7840386406, -23.2881403789], [150.7839807719, -23.2904197946], [150.7830088884, -23.2907964215], [150.7821729556, -23.2899203822], [150.7822325528, -23.2916703522], [150.7808134109, -23.2917494103], [150.7808145583, -23.2930665761], [150.7820175439, -23.2941069528], [150.7808672711, -23.2946408242], [150.7809031308, -23.2964637056], [150.7791552991, -23.2957947552], [150.7796840891, -23.293892473], [150.7775575295, -23.2939366996], [150.7784751356, -23.291985482], [150.7754069865, -23.2912398651], [150.7725433856, -23.2877516598], [150.7710765004, -23.2888585404], [150.7698929533, -23.288655825], [150.7694254518, -23.2873355597], [150.7673034295, -23.2897888497], [150.7676947713, -23.2915742919], [150.7661845684, -23.2925580889], [150.7664730623, -23.2968102172], [150.7694462091, -23.2973216549], [150.7677910179, -23.2980799302], [150.7680127844, -23.2987983078], [150.7709721401, -23.3007244542], [150.775309138, -23.306507282], [150.7767129242, -23.3057941496], [150.776440762, -23.3071826398], [150.7788530514, -23.3076347709], [150.7765556872, -23.308710292], [150.7822361961, -23.3097844422], [150.7857137918, -23.3120976761], [150.7895961925, -23.310023658], [150.7874074578, -23.3127582297], [150.7853638083, -23.3131772652], [150.7862885371, -23.3139896393], [150.7915427908, -23.3127474412], [150.7947979048, -23.3162819445], [150.7998993024, -23.3152616471], [150.8448003829, -23.321889706], [150.8424374089, -23.3121095225], [150.8463887572, -23.2901118547], [150.8531424701, -23.2712607756], [150.825938493, -23.2679348662]]}