{"1": [140.9992722830001, -37.50457723899996, 159.1091927320001, -28.15687949599993], "2": [140.96186580000006, -39.15898752999993, 149.97619755300002, -33.98063640299995], "3": [137.99465396800008, -29.179253294999967, 153.55217713800005, -9.142482551999933], "4": [129.0018469360001, -38.06258957299997, 141.002962539, -25.996378017999973], "5": [112.92113458600011, -35.19158551899994, 129.00192754400007, -13.688712145999943], "8": [148.76279568300004, -35.92051720799998, 149.39929254800006, -35.124402938999935]}